# Rhino

mtllib lungmodel.mtl
usemtl Default
v 60.220794677734375 21.167333602905273 0.82151710987091064
v 59.97760009765625 21.167333602905273 1.6336147785186768
v 59.97760009765625 17.33366584777832 1.6336147785186768
v 59.568450927734375 21.167333602905273 2.3991971015930176
v 59.568450927734375 17.33366584777832 2.3991971015930176
v 59.008724212646484 21.167333602905273 3.0720629692077637
v 59.008724212646484 17.33366584777832 3.0720629692077637
v 58.325126647949219 21.167333602905273 3.6171519756317139
v 58.325126647949219 17.33366584777832 3.6171519756317139
v 57.562831878662109 21.167333602905273 4.0059399604797363
v 57.562831878662109 17.33366584777832 4.0059399604797363
v 56.77239990234375 21.167333602905273 4.2300586700439453
v 56.77239990234375 17.33366584777832 4.2300586700439453
v 56 21.167333602905273 4.3000001907348633
v 56 17.33366584777832 4.3000001907348633
v 55.178482055664062 21.167333602905273 4.220794677734375
v 55.178482055664062 17.33366584777832 4.220794677734375
v 54.366386413574219 21.167333602905273 3.97760009765625
v 54.366386413574219 17.33366584777832 3.97760009765625
v 53.600803375244141 21.167333602905273 3.5684523582458496
v 53.600803375244141 17.33366584777832 3.5684523582458496
v 52.927936553955078 21.167333602905273 3.0087254047393799
v 52.927936553955078 17.33366584777832 3.0087254047393799
v 52.382846832275391 21.167333602905273 2.3251261711120605
v 52.382846832275391 17.33366584777832 2.3251261711120605
v 51.994060516357422 21.167333602905273 1.5628328323364258
v 51.994060516357422 17.33366584777832 1.5628328323364258
v 51.769943237304688 21.167333602905273 0.77240169048309326
v 60.299999237060547 25 0
v 60.228214263916016 25 0.78244113922119141
v 59.998088836669922 25 1.5828073024749756
v 59.599079132080078 25 2.3530018329620361
v 59.040557861328125 25 3.0405590534210205
v 58.353000640869141 25 3.5990808010101318
v 57.582805633544922 25 3.9980897903442383
v 56.782440185546875 25 4.2282133102416992
v 56 25 4.3000001907348633
v 55.217559814453125 25 4.2282133102416992
v 54.417194366455078 25 3.9980897903442383
v 53.646999359130859 25 3.5990808010101318
v 52.959442138671875 25 3.0405590534210205
v 52.400920867919922 25 2.3530018329620361
v 52.001911163330078 25 1.5828073024749756
v 51.771785736083984 25 0.78244113922119141
v 51.700000762939453 25 0
v 60.220794677734375 23.08416748046875 0.82151710987091064
v 60.280834197998047 21.167333602905273 0.40555471181869507
v 60.280834197998047 23.08416748046875 0.40555471181869507
v 59.97760009765625 23.08416748046875 1.6336147785186768
v 60.120777130126953 21.167333602905273 1.2284972667694092
v 60.120777130126953 23.08416748046875 1.2284972667694092
v 59.568450927734375 23.08416748046875 2.3991971015930176
v 59.793933868408203 21.167333602905273 2.0238752365112305
v 59.793933868408203 23.08416748046875 2.0238752365112305
v 59.008724212646484 23.08416748046875 3.0720629692077637
v 59.306407928466797 21.167333602905273 2.7491199970245361
v 59.306407928466797 23.08416748046875 2.7491199970245361
v 58.325126647949219 23.08416748046875 3.6171519756317139
v 58.679836273193359 21.167333602905273 3.362809419631958
v 58.679836273193359 23.08416748046875 3.362809419631958
v 57.562831878662109 23.08416748046875 4.0059399604797363
v 57.950660705566406 21.167333602905273 3.8320915699005127
v 57.950660705566406 23.08416748046875 3.8320915699005127
v 56.77239990234375 23.08416748046875 4.2300586700439453
v 57.168045043945312 21.167333602905273 4.1383171081542969
v 57.168045043945312 23.08416748046875 4.1383171081542969
v 56 23.08416748046875 4.3000001907348633
v 56.381446838378906 21.167333602905273 4.2830476760864258
v 56.381446838378906 23.08416748046875 4.2830476760864258
v 55.178482055664062 23.08416748046875 4.220794677734375
v 55.594444274902344 21.167333602905273 4.2808322906494141
v 55.594444274902344 23.08416748046875 4.2808322906494141
v 54.366386413574219 23.08416748046875 3.97760009765625
v 54.771503448486328 21.167333602905273 4.1207761764526367
v 54.771503448486328 23.08416748046875 4.1207761764526367
v 53.600803375244141 23.08416748046875 3.5684523582458496
v 53.976123809814453 21.167333602905273 3.7939331531524658
v 53.976123809814453 23.08416748046875 3.7939331531524658
v 52.927936553955078 23.08416748046875 3.0087254047393799
v 53.250881195068359 21.167333602905273 3.3064086437225342
v 53.250881195068359 23.08416748046875 3.3064086437225342
v 52.382846832275391 23.08416748046875 2.3251261711120605
v 52.637191772460938 21.167333602905273 2.6798343658447266
v 52.637191772460938 23.08416748046875 2.6798343658447266
v 51.994060516357422 23.08416748046875 1.5628328323364258
v 52.16790771484375 21.167333602905273 1.9506597518920898
v 52.16790771484375 23.08416748046875 1.9506597518920898
v 51.769943237304688 23.08416748046875 0.77240169048309326
v 51.861682891845703 21.167333602905273 1.1680468320846558
v 51.861682891845703 23.08416748046875 1.1680468320846558
v 51.716953277587891 21.167333602905273 0.38144645094871521
v 51.716953277587891 23.08416748046875 0.38144645094871521
v 51.700000762939453 22.685441970825195 0
v 51.700000762939453 20.370885848999023 0
v 51.700000762939453 18.056327819824219 0
v 51.700000762939453 17.183263778686523 0
v 51.769943237304688 19.250499725341797 0.77240169048309326
v 51.716953277587891 19.250499725341797 0.38144645094871521
v 60.299999237060547 17.183254241943359 0
v 60.299999237060547 18.05632209777832 0
v 60.299999237060547 20.370882034301758 0
v 60.299999237060547 22.685440063476562 0
v 60.220794677734375 19.250499725341797 0.82151710987091064
v 60.280834197998047 19.250499725341797 0.40555471181869507
v 56 13.5 4.3000001907348633
v 56.719997406005859 14.197832107543945 4.239293098449707
v 57.437229156494141 14.853889465332031 4.0526971817016602
v 58.189868927001953 15.506814002990723 3.700606107711792
v 58.547187805175781 15.805569648742676 3.4643678665161133
v 58.886524200439453 16.083198547363281 3.1871578693389893
v 59.200183868408203 16.334846496582031 2.8720865249633789
v 59.484626770019531 16.559179306030273 2.519397497177124
v 59.735069274902344 16.753761291503906 2.1305601596832275
v 59.946662902832031 16.91612434387207 1.7070006132125854
v 60.098548889160156 17.031553268432617 1.300731897354126
v 60.209239959716797 17.115104675292969 0.87879353761672974
v 60.276992797851562 17.166006088256836 0.44422045350074768
v 57.950660705566406 17.33366584777832 3.8320915699005127
v 58.679836273193359 17.33366584777832 3.362809419631958
v 59.306407928466797 17.33366584777832 2.7491199970245361
v 59.793933868408203 17.33366584777832 2.0238752365112305
v 59.891063690185547 17.33366584777832 1.830194354057312
v 60.120777130126953 17.33366584777832 1.2284972667694092
v 59.568450927734375 19.250499725341797 2.3991971015930176
v 59.97760009765625 19.250499725341797 1.6336147785186768
v 59.793933868408203 19.250499725341797 2.0238752365112305
v 60.054656982421875 17.33366584777832 1.4316973686218262
v 60.120777130126953 19.250499725341797 1.2284972667694092
v 51.723007202148438 17.166017532348633 0.44421923160552979
v 51.790760040283203 17.115114212036133 0.87879109382629395
v 51.901451110839844 17.031562805175781 1.3007283210754395
v 52.053333282470703 16.916135787963867 1.7069958448410034
v 52.264926910400391 16.75377082824707 2.1305546760559082
v 52.515369415283203 16.55919075012207 2.5193905830383301
v 52.799808502197266 16.334857940673828 2.8720788955688477
v 53.113468170166016 16.083209991455078 3.1871500015258789
v 53.452804565429688 15.805576324462891 3.4643621444702148
v 53.810127258300781 15.506815910339355 3.7006030082702637
v 54.562770843505859 14.8538818359375 4.0526976585388184
v 55.279998779296875 14.197826385498047 4.239293098449707
v 51.861682891845703 17.33366584777832 1.1680468320846558
v 51.994060516357422 19.250499725341797 1.5628328323364258
v 51.861682891845703 19.250499725341797 1.1680468320846558
v 51.922714233398438 17.33366584777832 1.3659181594848633
v 52.16790771484375 17.33366584777832 1.9506597518920898
v 52.075794219970703 17.33366584777832 1.7580125331878662
v 52.382846832275391 19.250499725341797 2.3251261711120605
v 52.16790771484375 19.250499725341797 1.9506597518920898
v 52.637191772460938 17.33366584777832 2.6798343658447266
v 53.250881195068359 17.33366584777832 3.3064086437225342
v 53.976123809814453 17.33366584777832 3.7939331531524658
v 60.299999237060547 25 0
v 60.228214263916016 25 0.78244113922119141
v 59.998088836669922 25 1.5828073024749756
v 59.599079132080078 25 2.3530018329620361
v 59.040557861328125 25 3.0405590534210205
v 58.353000640869141 25 3.5990808010101318
v 57.582805633544922 25 3.9980897903442383
v 56.782440185546875 25 4.2282133102416992
v 56 25 4.3000001907348633
v 55.217559814453125 25 4.2282133102416992
v 54.417194366455078 25 3.9980897903442383
v 53.646999359130859 25 3.5990808010101318
v 52.959442138671875 25 3.0405590534210205
v 52.400920867919922 25 2.3530018329620361
v 52.001911163330078 25 1.5828073024749756
v 51.771785736083984 25 0.78244113922119141
v 51.700000762939453 25 0
v 51.771785736083984 25 -0.78244113922119141
v 52.001911163330078 25 -1.5828073024749756
v 52.400920867919922 25 -2.3530018329620361
v 52.959442138671875 25 -3.0405590534210205
v 53.646999359130859 25 -3.5990808010101318
v 54.417194366455078 25 -3.9980897903442383
v 55.217559814453125 25 -4.2282133102416992
v 56 25 -4.3000001907348633
v 56.782440185546875 25 -4.2282133102416992
v 57.582805633544922 25 -3.9980897903442383
v 58.353000640869141 25 -3.5990808010101318
v 59.040557861328125 25 -3.0405590534210205
v 59.599079132080078 25 -2.3530018329620361
v 59.998088836669922 25 -1.5828073024749756
v 60.228214263916016 25 -0.78244113922119141
v 61.5 25 0
v 61.410541534423828 25 -0.98795562982559204
v 61.123874664306641 25 -1.9989721775054932
v 60.626590728759766 25 -2.9739987850189209
v 59.92938232421875 25 -3.848369836807251
v 59.068740844726562 25 -4.5642995834350586
v 58.089508056640625 25 -5.0876278877258301
v 57.050777435302734 25 -5.3986911773681641
v 56 25 -5.5
v 55.012042999267578 25 -5.4105401039123535
v 54.001026153564453 25 -5.1238765716552734
v 53.0260009765625 25 -4.6265897750854492
v 52.151630401611328 25 -3.9293830394744873
v 51.435699462890625 25 -3.0687406063079834
v 50.912372589111328 25 -2.0895073413848877
v 50.601310729980469 25 -1.0507776737213135
v 50.5 25 0
v 50.589458465576172 25 0.98795562982559204
v 50.876125335693359 25 1.9989721775054932
v 51.373409271240234 25 2.9739987850189209
v 52.07061767578125 25 3.848369836807251
v 52.931259155273438 25 4.5642995834350586
v 53.910491943359375 25 5.0876278877258301
v 54.949222564697266 25 5.3986911773681641
v 56 25 5.5
v 56.987957000732422 25 5.4105401039123535
v 57.998973846435547 25 5.1238765716552734
v 58.9739990234375 25 4.6265897750854492
v 59.848369598388672 25 3.9293830394744873
v 60.564300537109375 25 3.0687406063079834
v 61.087627410888672 25 2.0895073413848877
v 61.398689270019531 25 1.0507776737213135
v 71.300003051757812 1.2000000476837158 0
v 71.22821044921875 1.2000000476837158 0.78244113922119141
v 70.998092651367188 1.2000000476837158 1.5828073024749756
v 70.599082946777344 1.2000000476837158 2.3530018329620361
v 70.040557861328125 1.2000000476837158 3.0405590534210205
v 69.353004455566406 1.2000000476837158 3.5990808010101318
v 68.582809448242188 1.2000000476837158 3.9980897903442383
v 67.782440185546875 1.2000000476837158 4.2282133102416992
v 67 1.2000000476837158 4.3000001907348633
v 66.217559814453125 1.2000000476837158 4.2282133102416992
v 65.417190551757812 1.2000000476837158 3.9980897903442383
v 64.646995544433594 1.2000000476837158 3.5990808010101318
v 63.959442138671875 1.2000000476837158 3.0405590534210205
v 63.400920867919922 1.2000000476837158 2.3530018329620361
v 63.001911163330078 1.2000000476837158 1.5828073024749756
v 62.771785736083984 1.2000000476837158 0.78244113922119141
v 62.700000762939453 1.2000000476837158 0
v 67 1.2000000476837158 0
v 69.150001525878906 1.2000000476837158 0
v 67 1.2000000476837158 -2.1500000953674316
v 69.150001525878906 1.2000000476837158 -2.1500000953674316
v 67 1.2000000476837158 2.1500000953674316
v 69.150001525878906 1.2000000476837158 2.1500000953674316
v 64.849998474121094 1.2000000476837158 0
v 64.849998474121094 1.2000000476837158 2.1500000953674316
v 64.849998474121094 1.2000000476837158 -2.1500000953674316
v 62.771785736083984 1.2000000476837158 -0.78244113922119141
v 63.001911163330078 1.2000000476837158 -1.5828073024749756
v 63.400920867919922 1.2000000476837158 -2.3530018329620361
v 63.959442138671875 1.2000000476837158 -3.0405590534210205
v 64.646995544433594 1.2000000476837158 -3.5990808010101318
v 65.417190551757812 1.2000000476837158 -3.9980897903442383
v 66.217559814453125 1.2000000476837158 -4.2282133102416992
v 67 1.2000000476837158 -4.3000001907348633
v 67.782440185546875 1.2000000476837158 -4.2282133102416992
v 68.582809448242188 1.2000000476837158 -3.9980897903442383
v 69.353004455566406 1.2000000476837158 -3.5990808010101318
v 70.040557861328125 1.2000000476837158 -3.0405590534210205
v 70.599082946777344 1.2000000476837158 -2.3530018329620361
v 70.998092651367188 1.2000000476837158 -1.5828073024749756
v 71.22821044921875 1.2000000476837158 -0.78244113922119141
v 71.300003051757812 1.2000000476837158 0
v 67 1.2000000476837158 4.3000001907348633
v 62.700000762939453 1.2000000476837158 0
v 62.700000762939453 2.4999039173126221 0
v 62.700000762939453 1.8499519824981689 0
v 62.771785736083984 1.2000000476837158 0.78244113922119141
v 63.001911163330078 1.2000000476837158 1.5828073024749756
v 63.400920867919922 1.2000000476837158 2.3530018329620361
v 63.959442138671875 1.2000000476837158 3.0405590534210205
v 64.646995544433594 1.2000000476837158 3.5990808010101318
v 65.417190551757812 1.2000000476837158 3.9980897903442383
v 66.217559814453125 1.2000000476837158 4.2282133102416992
v 67.782440185546875 1.2000000476837158 4.2282133102416992
v 68.582809448242188 1.2000000476837158 3.9980897903442383
v 69.353004455566406 1.2000000476837158 3.5990808010101318
v 70.040557861328125 1.2000000476837158 3.0405590534210205
v 70.599082946777344 1.2000000476837158 2.3530018329620361
v 70.998092651367188 1.2000000476837158 1.5828073024749756
v 71.22821044921875 1.2000000476837158 0.78244113922119141
v 71.300003051757812 1.8500360250473022 0
v 71.300003051757812 2.5000720024108887 0
v 71.22821044921875 2.5000705718994141 0.78244113922119141
v 70.998092651367188 2.5000660419464111 1.5828073024749756
v 70.599082946777344 2.5000584125518799 2.3530018329620361
v 70.040557861328125 2.5000474452972412 3.0405590534210205
v 69.353004455566406 2.5000338554382324 3.5990808010101318
v 68.582809448242188 2.500018835067749 3.9980897903442383
v 67.782440185546875 2.5000033378601074 4.2282133102416992
v 67 2.4999880790710449 4.3000001907348633
v 66.217559814453125 2.4999728202819824 4.2282133102416992
v 65.417190551757812 2.4999570846557617 3.9980897903442383
v 64.646995544433594 2.4999420642852783 3.5990808010101318
v 63.959442138671875 2.4999287128448486 3.0405590534210205
v 63.400920867919922 2.49991774559021 2.3530018329620361
v 63.001911163330078 2.4999098777770996 1.5828073024749756
v 62.771785736083984 2.4999053478240967 0.78244113922119141
v 40.700000762939453 1.2000000476837158 0
v 40.771785736083984 1.2000000476837158 -0.78244113922119141
v 41.001911163330078 1.2000000476837158 -1.5828073024749756
v 41.400920867919922 1.2000000476837158 -2.3530018329620361
v 41.959442138671875 1.2000000476837158 -3.0405590534210205
v 42.646999359130859 1.2000000476837158 -3.5990808010101318
v 43.417194366455078 1.2000000476837158 -3.9980897903442383
v 44.217559814453125 1.2000000476837158 -4.2282133102416992
v 45 1.2000000476837158 -4.3000001907348633
v 45.782440185546875 1.2000000476837158 -4.2282133102416992
v 46.582805633544922 1.2000000476837158 -3.9980897903442383
v 47.353000640869141 1.2000000476837158 -3.5990808010101318
v 48.040557861328125 1.2000000476837158 -3.0405590534210205
v 48.599079132080078 1.2000000476837158 -2.3530018329620361
v 48.998088836669922 1.2000000476837158 -1.5828073024749756
v 49.228214263916016 1.2000000476837158 -0.78244113922119141
v 49.299999237060547 1.2000000476837158 0
v 45 1.2000000476837158 0
v 45 1.2000000476837158 -2.1500000953674316
v 42.849998474121094 1.2000000476837158 0
v 42.849998474121094 1.2000000476837158 -2.1500000953674316
v 47.150001525878906 1.2000000476837158 0
v 47.150001525878906 1.2000000476837158 -2.1500000953674316
v 49.228214263916016 1.2000000476837158 0.78244113922119141
v 48.998088836669922 1.2000000476837158 1.5828073024749756
v 48.599079132080078 1.2000000476837158 2.3530018329620361
v 48.040557861328125 1.2000000476837158 3.0405590534210205
v 47.353000640869141 1.2000000476837158 3.5990808010101318
v 46.582805633544922 1.2000000476837158 3.9980897903442383
v 45.782440185546875 1.2000000476837158 4.2282133102416992
v 45 1.2000000476837158 4.3000001907348633
v 44.217559814453125 1.2000000476837158 4.2282133102416992
v 43.417194366455078 1.2000000476837158 3.9980897903442383
v 42.646999359130859 1.2000000476837158 3.5990808010101318
v 41.959442138671875 1.2000000476837158 3.0405590534210205
v 41.400920867919922 1.2000000476837158 2.3530018329620361
v 41.001911163330078 1.2000000476837158 1.5828073024749756
v 40.771785736083984 1.2000000476837158 0.78244113922119141
v 45 1.2000000476837158 2.1500000953674316
v 47.150001525878906 1.2000000476837158 2.1500000953674316
v 42.849998474121094 1.2000000476837158 2.1500000953674316
v 40.700000762939453 1.2000000476837158 0
v 49.299999237060547 2.4999251365661621 0
v 49.299999237060547 1.8499624729156494 0
v 49.299999237060547 1.2000000476837158 0
v 49.228214263916016 1.2000000476837158 -0.78244113922119141
v 48.998088836669922 1.2000000476837158 -1.5828073024749756
v 48.599079132080078 1.2000000476837158 -2.3530018329620361
v 48.040557861328125 1.2000000476837158 -3.0405590534210205
v 47.353000640869141 1.2000000476837158 -3.5990808010101318
v 46.582805633544922 1.2000000476837158 -3.9980897903442383
v 45.782440185546875 1.2000000476837158 -4.2282133102416992
v 45 1.2000000476837158 -4.3000001907348633
v 44.217559814453125 1.2000000476837158 -4.2282133102416992
v 43.417194366455078 1.2000000476837158 -3.9980897903442383
v 42.646999359130859 1.2000000476837158 -3.5990808010101318
v 41.959442138671875 1.2000000476837158 -3.0405590534210205
v 41.400920867919922 1.2000000476837158 -2.3530018329620361
v 41.001911163330078 1.2000000476837158 -1.5828073024749756
v 40.771785736083984 1.2000000476837158 -0.78244113922119141
v 40.700000762939453 1.8500281572341919 0
v 40.700000762939453 2.500056266784668 0
v 40.771785736083984 2.5000550746917725 -0.78244113922119141
v 41.001911163330078 2.5000514984130859 -1.5828073024749756
v 41.400920867919922 2.5000455379486084 -2.3530018329620361
v 41.959442138671875 2.5000369548797607 -3.0405590534210205
v 42.646999359130859 2.5000264644622803 -3.5990808010101318
v 43.417194366455078 2.5000147819519043 -3.9980897903442383
v 44.217559814453125 2.5000026226043701 -4.2282133102416992
v 45 2.499990701675415 -4.3000001907348633
v 45.782440185546875 2.49997878074646 -4.2282133102416992
v 46.582805633544922 2.4999663829803467 -3.9980897903442383
v 47.353000640869141 2.4999547004699707 -3.5990808010101318
v 48.040557861328125 2.4999442100524902 -3.0405590534210205
v 48.599079132080078 2.4999358654022217 -2.3530018329620361
v 48.998088836669922 2.499929666519165 -1.5828073024749756
v 49.228214263916016 2.4999260902404785 -0.78244113922119141
v 71.300003051757812 2.5000720024108887 0
v 40.700000762939453 2.500056266784668 0
v 71.147476196289062 3.9920027256011963 -0.8215174674987793
v 70.933448791503906 5.4435887336730957 -0.82151788473129272
v 70.565292358398438 6.9184885025024414 -0.8215179443359375
v 70.08319091796875 8.2737741470336914 -0.82151800394058228
v 69.423408508300781 9.6751203536987305 -0.82151806354522705
v 68.635665893554688 10.986039161682129 -0.82151806354522705
v 67.765693664550781 12.156011581420898 -0.82151806354522705
v 66.76275634765625 13.26271915435791 -0.82151806354522705
v 65.655845642089844 14.265825271606445 -0.82151812314987183
v 64.456153869628906 15.155682563781738 -0.82151806354522705
v 63.174945831298828 15.923510551452637 -0.82151800394058228
v 61.824665069580078 16.562217712402344 -0.82151800394058228
v 50.226226806640625 16.583192825317383 -0.82151800394058228
v 48.824951171875 15.923446655273438 -0.82151806354522705
v 47.513961791992188 15.135663032531738 -0.82151806354522705
v 46.344051361083984 14.265748977661133 -0.82151806354522705
v 45.237281799316406 13.262753486633301 -0.82151806354522705
v 44.234226226806641 12.155906677246094 -0.82151812314987183
v 43.344364166259766 10.956221580505371 -0.82151806354522705
v 42.576526641845703 9.675018310546875 -0.8215179443359375
v 41.937812805175781 8.3247432708740234 -0.8215179443359375
v 41.434688568115234 6.9183707237243652 -0.82151806354522705
v 41.071670532226562 5.4694366455078125 -0.82151788473129272
v 40.852512359619141 3.9919476509094238 -0.82151740789413452
v 70.90545654296875 3.9681639671325684 -1.6336154937744141
v 70.694847106933594 5.3965582847595215 -1.6336162090301514
v 70.332565307617188 6.8478894233703613 -1.6336163282394409
v 69.858169555664062 8.181523323059082 -1.6336164474487305
v 69.208930969238281 9.5604763031005859 -1.63361656665802
v 68.433769226074219 10.850451469421387 -1.63361656665802
v 67.577705383300781 12.001729965209961 -1.63361656665802
v 66.590789794921875 13.090753555297852 -1.63361656665802
v 65.501564025878906 14.07783317565918 -1.6336166858673096
v 64.321044921875 14.953471183776855 -1.63361656665802
v 63.060302734375 15.709033012390137 -1.6336164474487305
v 61.731601715087891 16.337533950805664 -1.6336164474487305
v 60.347698211669922 16.832622528076172 -1.6336163282394409
v 51.652194976806641 16.832599639892578 -1.6336162090301514
v 50.318477630615234 16.358173370361328 -1.6336164474487305
v 48.939594268798828 15.708969116210938 -1.63361656665802
v 47.649547576904297 14.933771133422852 -1.63361656665802
v 46.498332977294922 14.077757835388184 -1.63361656665802
v 45.409248352050781 13.090786933898926 -1.63361656665802
v 44.422218322753906 12.001626014709473 -1.6336166858673096
v 43.546573638916016 10.821110725402832 -1.63361656665802
v 42.791000366210938 9.5603761672973633 -1.6336163282394409
v 42.162498474121094 8.2316780090332031 -1.6336164474487305
v 41.667407989501953 6.8477730751037598 -1.63361656665802
v 41.310192108154297 5.4219942092895508 -1.6336163282394409
v 41.094535827636719 3.9681096076965332 -1.6336153745651245
v 70.498275756835938 3.928058385848999 -2.3991978168487549
v 70.293418884277344 5.3174357414245605 -2.3991987705230713
v 69.9410400390625 6.7291140556335449 -2.3991990089416504
v 69.479598999023438 8.0263223648071289 -2.3991990089416504
v 68.848098754882812 9.3676013946533203 -2.3991992473602295
v 68.094108581542969 10.622341156005859 -2.3991992473602295
v 67.261436462402344 11.742167472839355 -2.3991992473602295
v 66.301475524902344 12.80144214630127 -2.3991992473602295
v 65.24200439453125 13.761558532714844 -2.3991992473602295
v 64.093734741210938 14.613272666931152 -2.3991992473602295
v 62.867435455322266 15.348198890686035 -2.3991990089416504
v 61.575035095214844 15.959527015686035 -2.3991990089416504
v 60.228931427001953 16.441095352172852 -2.3991990089416504
v 51.770965576171875 16.441072463989258 -2.3991987705230713
v 50.473678588867188 15.979601860046387 -2.3991990089416504
v 49.132465362548828 15.348136901855469 -2.3991992473602295
v 47.877658843994141 14.594110488891602 -2.3991992473602295
v 46.757892608642578 13.76148509979248 -2.3991992473602295
v 45.698558807373047 12.801474571228027 -2.3991992473602295
v 44.738491058349609 11.742067337036133 -2.3991994857788086
v 43.886772155761719 10.593802452087402 -2.3991992473602295
v 43.151836395263672 9.3675041198730469 -2.3991990089416504
v 42.540500640869141 8.0751066207885742 -2.3991990089416504
v 42.058937072753906 6.7290010452270508 -2.3991992473602295
v 41.711483001708984 5.3421778678894043 -2.3991987705230713
v 41.501712799072266 3.9280049800872803 -2.3991978168487549
v 69.941246032714844 3.8731925487518311 -3.072063684463501
v 69.7442626953125 5.2091937065124512 -3.0720646381378174
v 69.405418395996094 6.5666265487670898 -3.0720646381378174
v 68.961708068847656 7.8140020370483398 -3.0720648765563965
v 68.354476928710938 9.1037425994873047 -3.0720648765563965
v 67.629447937011719 10.310279846191406 -3.0720648765563965
v 66.828765869140625 11.387078285217285 -3.0720648765563965
v 65.905685424804688 12.405654907226562 -3.0720651149749756
v 64.886924743652344 13.328886032104492 -3.0720651149749756
v 63.78277587890625 14.147871971130371 -3.0720648765563965
v 62.603580474853516 14.85456657409668 -3.0720648765563965
v 61.360843658447266 15.442401885986328 -3.0720648765563965
v 60.066448211669922 15.905472755432129 -3.0720648765563965
v 51.933448791503906 15.905450820922852 -3.0720646381378174
v 50.686000823974609 15.461706161499023 -3.0720648765563965
v 49.396324157714844 14.854507446289062 -3.0720651149749756
v 48.189720153808594 14.129446029663086 -3.0720648765563965
v 47.112979888916016 13.328814506530762 -3.0720648765563965
v 46.094345092773438 12.405685424804688 -3.0720651149749756
v 45.171161651611328 11.386981964111328 -3.0720651149749756
v 44.352169036865234 10.2828369140625 -3.0720648765563965
v 43.645465850830078 9.1036491394042969 -3.0720646381378174
v 43.057624816894531 7.8609113693237305 -3.0720648765563965
v 42.594558715820312 6.5665178298950195 -3.0720651149749756
v 42.260456085205078 5.2329864501953125 -3.0720646381378174
v 42.058742523193359 3.8731405735015869 -3.0720634460449219
v 69.260940551757812 3.8061845302581787 -3.617152214050293
v 69.073562622070312 5.0769963264465332 -3.6171531677246094
v 68.751266479492188 6.3681788444519043 -3.6171534061431885
v 68.329193115234375 7.5546936988830566 -3.6171534061431885
v 67.751602172851562 8.781489372253418 -3.6171536445617676
v 67.061943054199219 9.9291563034057617 -3.6171536445617676
v 66.300346374511719 10.953405380249023 -3.6171536445617676
v 65.42230224609375 11.922277450561523 -3.6171536445617676
v 64.453262329101562 12.800458908081055 -3.6171536445617676
v 63.402992248535156 13.579473495483398 -3.6171536445617676
v 62.281337738037109 14.251689910888672 -3.6171534061431885
v 61.099246978759766 14.810833930969238 -3.6171534061431885
v 59.868011474609375 15.251313209533691 -3.6171534061431885
v 58.599555969238281 15.569095611572266 -3.6171531677246094
v 53.422996520996094 15.573563575744629 -3.6171531677246094
v 52.131893157958984 15.25129222869873 -3.6171531677246094
v 50.945308685302734 14.829195976257324 -3.6171534061431885
v 49.718574523925781 14.251633644104004 -3.6171536445617676
v 48.570842742919922 13.561946868896484 -3.6171536445617676
v 47.546649932861328 12.80039119720459 -3.6171536445617676
v 46.577724456787109 11.922305107116699 -3.6171536445617676
v 45.699588775634766 10.953313827514648 -3.6171536445617676
v 44.920566558837891 9.9030532836914062 -3.6171536445617676
v 44.248340606689453 8.7814016342163086 -3.6171534061431885
v 43.689193725585938 7.5993137359619141 -3.6171534061431885
v 43.248714447021484 6.368074893951416 -3.6171536445617676
v 42.930923461914062 5.0996303558349609 -3.6171531677246094
v 42.739051818847656 3.8061339855194092 -3.617152214050293
v 68.5023193359375 3.7314627170562744 -4.0059399604797363
v 68.325660705566406 4.9295811653137207 -4.0059409141540527
v 68.021804809570312 6.1468868255615234 -4.0059409141540527
v 67.623870849609375 7.2655348777770996 -4.0059409141540527
v 67.079330444335938 8.4221401214599609 -4.0059409141540527
v 66.429115295410156 9.5041589736938477 -4.0059409141540527
v 65.711090087890625 10.469809532165527 -4.0059409141540527
v 64.883277893066406 11.383254051208496 -4.0059409141540527
v 63.969669342041016 12.211200714111328 -4.0059409141540527
v 62.9794921875 12.945642471313477 -4.0059409141540527
v 61.9219970703125 13.579411506652832 -4.0059409141540527
v 60.807540893554688 14.106561660766602 -4.0059409141540527
v 59.646728515625 14.521848678588867 -4.0059409141540527
v 58.450851440429688 14.821446418762207 -4.0059409141540527
v 53.570415496826172 14.82565975189209 -4.0059409141540527
v 52.353179931640625 14.521828651428223 -4.0059409141540527
v 51.234466552734375 14.123872756958008 -4.0059409141540527
v 50.077919006347656 13.579358100891113 -4.0059409141540527
v 48.995841979980469 12.929119110107422 -4.0059409141540527
v 48.030242919921875 12.211136817932129 -4.0059409141540527
v 47.116744995117188 11.383279800415039 -4.0059409141540527
v 46.288841247558594 10.469722747802734 -4.0059409141540527
v 45.554393768310547 9.4795494079589844 -4.0059409141540527
v 44.920619964599609 8.4220571517944336 -4.0059409141540527
v 44.393463134765625 7.3076014518737793 -4.0059409141540527
v 43.978176116943359 6.1467885971069336 -4.0059409141540527
v 43.678569793701172 4.950922966003418 -4.0059409141540527
v 43.497673034667969 3.7314138412475586 -4.0059399604797363
v 67.7156982421875 3.6539828777313232 -4.2300586700439453
v 67.550148010253906 4.7767243385314941 -4.2300591468811035
v 67.265419006347656 5.9174261093139648 -4.2300591468811035
v 66.89251708984375 6.9657025337219238 -4.2300591468811035
v 66.382240295410156 8.0495262145996094 -4.2300591468811035
v 65.772933959960938 9.0634746551513672 -4.2300591468811035
v 65.100090026855469 9.9683628082275391 -4.2300591468811035
v 64.324356079101562 10.824335098266602 -4.2300591468811035
v 63.468235015869141 11.600192070007324 -4.2300591468811035
v 62.540359497070312 12.288416862487793 -4.2300591468811035
v 61.549392700195312 12.882317543029785 -4.2300591468811035
v 60.50506591796875 13.376293182373047 -4.2300591468811035
v 59.417278289794922 13.765458106994629 -4.2300591468811035
v 58.296653747558594 14.046200752258301 -4.2300591468811035
v 57.153854370117188 14.215688705444336 -4.2300591468811035
v 54.8460693359375 14.21567440032959 -4.2300591468811035
v 53.723274230957031 14.050148963928223 -4.2300591468811035
v 52.582637786865234 13.765439033508301 -4.2300591468811035
v 51.534297943115234 13.392515182495117 -4.2300591468811035
v 50.450527191162109 12.882268905639648 -4.2300591468811035
v 49.4365234375 12.272932052612305 -4.2300591468811035
v 48.531684875488281 11.600131988525391 -4.2300591468811035
v 47.675666809082031 10.824357986450195 -4.2300591468811035
v 46.899848937988281 9.9682817459106445 -4.2300591468811035
v 46.211620330810547 9.0404138565063477 -4.2300591468811035
v 45.617710113525391 8.0494489669799805 -4.2300591468811035
v 45.123729705810547 7.0051217079162598 -4.2300591468811035
v 44.734565734863281 5.9173336029052734 -4.2300591468811035
v 44.453815460205078 4.7967262268066406 -4.2300591468811035
v 44.284297943115234 3.6539359092712402 -4.2300586700439453
v 66.947013854980469 3.5782701969146729 -4.3000001907348633
v 66.792327880859375 4.627354621887207 -4.3000001907348633
v 66.526283264160156 5.693199634552002 -4.3000001907348633
v 66.177841186523438 6.6727089881896973 -4.3000001907348633
v 65.7010498046875 7.6854119300842285 -4.3000001907348633
v 65.1317138671875 8.632843017578125 -4.3000001907348633
v 64.503028869628906 9.4783544540405273 -4.3000001907348633
v 63.778186798095703 10.278163909912109 -4.3000001907348633
v 62.978233337402344 11.003120422363281 -4.3000001907348633
v 62.111244201660156 11.646181106567383 -4.3000001907348633
v 61.185287475585938 12.201125144958496 -4.3000001907348633
v 60.209491729736328 12.66268253326416 -4.3000001907348633
v 59.193061828613281 13.026320457458496 -4.3000001907348633
v 58.145977020263672 13.288637161254883 -4.3000001907348633
v 57.078147888183594 13.447009086608887 -4.3000001907348633
v 54.921783447265625 13.446995735168457 -4.3000001907348633
v 53.872646331787109 13.292326927185059 -4.3000001907348633
v 52.806858062744141 13.026303291320801 -4.3000001907348633
v 51.827289581298828 12.677840232849121 -4.3000001907348633
v 50.814640045166016 12.201079368591309 -4.3000001907348633
v 49.867156982421875 11.6317138671875 -4.3000001907348633
v 49.021690368652344 11.003064155578613 -4.3000001907348633
v 48.221836090087891 10.27818489074707 -4.3000001907348633
v 47.496917724609375 9.4782781600952148 -4.3000001907348633
v 46.853851318359375 8.6112947463989258 -4.3000001907348633
v 46.298900604248047 7.685340404510498 -4.3000001907348633
v 45.837337493896484 6.7095417976379395 -4.3000001907348633
v 45.473701477050781 5.693112850189209 -4.3000001907348633
v 45.211380004882812 4.6460471153259277 -4.3000001907348633
v 45.052978515625 3.5782248973846436 -4.3000001907348633
v 66.12945556640625 3.4977431297302246 -4.2207951545715332
v 65.986312866210938 4.4684863090515137 -4.2207956314086914
v 65.740150451660156 5.4547152519226074 -4.2207956314086914
v 65.417716979980469 6.3610849380493164 -4.2207956314086914
v 64.976547241210938 7.2981443405151367 -4.2207956314086914
v 64.449722290039062 8.1748275756835938 -4.2207956314086914
v 63.867996215820312 8.9571876525878906 -4.2207956314086914
v 63.197280883789062 9.6972637176513672 -4.2207956314086914
v 62.457077026367188 10.368082046508789 -4.2207956314086914
v 61.654842376708984 10.963108062744141 -4.2207956314086914
v 60.798027038574219 11.476616859436035 -4.2207956314086914
v 59.895118713378906 11.903694152832031 -4.2207956314086914
v 58.95458984375 12.24018383026123 -4.2207956314086914
v 57.9857177734375 12.482903480529785 -4.2207956314086914
v 56.997627258300781 12.629451751708984 -4.2207951545715332
v 56 12.678482055664062 -4.2207951545715332
v 55.002311706542969 12.629439353942871 -4.2207951545715332
v 54.031517028808594 12.48631763458252 -4.2207956314086914
v 53.045337677001953 12.240166664123535 -4.2207956314086914
v 52.138912200927734 11.917719841003418 -4.2207956314086914
v 51.201904296875 11.476574897766113 -4.2207956314086914
v 50.325172424316406 10.94972038269043 -4.2207956314086914
v 49.542854309082031 10.368029594421387 -4.2207956314086914
v 48.802734375 9.6972818374633789 -4.2207956314086914
v 48.131954193115234 8.9571170806884766 -4.2207956314086914
v 47.536922454833984 8.1548891067504883 -4.2207956314086914
v 47.023406982421875 7.2980780601501465 -4.2207956314086914
v 46.596324920654297 6.3951659202575684 -4.2207956314086914
v 46.259838104248047 5.4546341896057129 -4.2207956314086914
v 46.017112731933594 4.485785961151123 -4.2207956314086914
v 45.870536804199219 3.4976997375488281 -4.2207951545715332
v 65.321273803710938 3.4181394577026367 -3.9776005744934082
v 65.189544677734375 4.3114399909973145 -3.9776012897491455
v 64.963027954101562 5.2189650535583496 -3.9776012897491455
v 64.666313171386719 6.0530338287353516 -3.9776012897491455
v 64.260353088378906 6.9153170585632324 -3.9776015281677246
v 63.775547027587891 7.7220635414123535 -3.9776015281677246
v 63.240245819091797 8.4419956207275391 -3.9776015281677246
v 62.623039245605469 9.1230239868164062 -3.9776015281677246
v 61.94189453125 9.7403249740600586 -3.9776015281677246
v 61.20367431640625 10.287866592407227 -3.9776015281677246
v 60.415210723876953 10.760416030883789 -3.9776012897491455
v 59.584354400634766 11.153409004211426 -3.9776012897491455
v 58.718849182128906 11.463059425354004 -3.9776012897491455
v 57.827297210693359 11.686407089233398 -3.9776012897491455
v 56.918025970458984 11.821268081665039 -3.9776008129119873
v 55.999996185302734 11.86638355255127 -3.9776010513305664
v 55.081912994384766 11.821256637573242 -3.9776010513305664
v 54.188568115234375 11.689549446105957 -3.9776012897491455
v 53.281082153320312 11.463044166564941 -3.9776012897491455
v 52.446964263916016 11.166315078735352 -3.9776012897491455
v 51.584728240966797 10.760377883911133 -3.9776015281677246
v 50.777938842773438 10.275547027587891 -3.9776015281677246
v 50.05804443359375 9.7402763366699219 -3.9776015281677246
v 49.376976013183594 9.1230401992797852 -3.9776015281677246
v 48.759708404541016 8.4419307708740234 -3.9776015281677246
v 48.212162017822266 7.7037167549133301 -3.9776015281677246
v 47.739608764648438 6.9152565002441406 -3.9776012897491455
v 47.346607208251953 6.0843954086303711 -3.9776012897491455
v 47.036956787109375 5.2188901901245117 -3.9776015281677246
v 46.813606262207031 4.3273630142211914 -3.9776012897491455
v 46.678722381591797 3.418097972869873 -3.9776003360748291
v 64.559371948242188 3.3430953025817871 -3.5684530735015869
v 64.43841552734375 4.163388729095459 -3.5684537887573242
v 64.230415344238281 4.9967179298400879 -3.5684540271759033
v 63.957950592041016 5.762627124786377 -3.5684540271759033
v 63.585182189941406 6.5544171333312988 -3.5684542655944824
v 63.139987945556641 7.2952327728271484 -3.5684542655944824
v 62.648448944091797 7.9563136100769043 -3.5684542655944824
v 62.081687927246094 8.5816755294799805 -3.5684542655944824
v 61.456218719482422 9.148524284362793 -3.5684545040130615
v 60.778347015380859 9.651301383972168 -3.5684542655944824
v 60.054317474365234 10.085236549377441 -3.5684540271759033
v 59.291385650634766 10.446097373962402 -3.5684540271759033
v 58.496612548828125 10.730447769165039 -3.5684540271759033
v 57.677947998046875 10.935531616210938 -3.5684540271759033
v 56.842987060546875 11.059374809265137 -3.5684535503387451
v 55.999996185302734 11.100799560546875 -3.5684537887573242
v 55.156959533691406 11.059365272521973 -3.5684537887573242
v 54.336624145507812 10.938418388366699 -3.5684540271759033
v 53.503326416015625 10.730432510375977 -3.5684537887573242
v 52.737369537353516 10.457948684692383 -3.5684542655944824
v 51.945625305175781 10.085202217102051 -3.5684542655944824
v 51.204769134521484 9.639988899230957 -3.5684542655944824
v 50.543724060058594 9.1484794616699219 -3.5684542655944824
v 49.918323516845703 8.5816888809204102 -3.5684542655944824
v 49.351505279541016 7.9562540054321289 -3.5684545040130615
v 48.848724365234375 7.278386116027832 -3.5684542655944824
v 48.414783477783203 6.5543618202209473 -3.5684540271759033
v 48.053916931152344 5.7914242744445801 -3.5684540271759033
v 47.769569396972656 4.9966487884521484 -3.5684542655944824
v 47.564483642578125 4.178013801574707 -3.5684540271759033
v 47.440616607666016 3.3430554866790771 -3.5684528350830078
v 63.889751434326172 3.27713942527771 -3.0087258815765381
v 63.778251647949219 4.0332670211791992 -3.0087270736694336
v 63.586528778076172 4.8013863563537598 -3.0087270736694336
v 63.335369110107422 5.5073904991149902 -3.0087273120880127
v 62.991775512695312 6.2372241020202637 -3.0087273120880127
v 62.581401824951172 6.9200935363769531 -3.0087273120880127
v 62.128326416015625 7.529449462890625 -3.0087273120880127
v 61.605899810791016 8.1058874130249023 -3.0087273120880127
v 61.029361724853516 8.6283941268920898 -3.0087275505065918
v 60.404529571533203 9.091827392578125 -3.0087273120880127
v 59.737133026123047 9.4918251037597656 -3.0087273120880127
v 59.033901214599609 9.8244457244873047 -3.0087273120880127
v 58.301288604736328 10.086559295654297 -3.0087270736694336
v 57.546688079833984 10.275591850280762 -3.0087270736694336
v 56.777034759521484 10.389751434326172 -3.0087265968322754
v 55.999996185302734 10.427932739257812 -3.0087268352508545
v 55.222915649414062 10.389741897583008 -3.0087268352508545
v 54.466747283935547 10.278252601623535 -3.0087270736694336
v 53.698650360107422 10.086544990539551 -3.0087268352508545
v 52.992607116699219 9.8353691101074219 -3.0087273120880127
v 52.262813568115234 9.4917936325073242 -3.0087273120880127
v 51.579906463623047 9.0814008712768555 -3.0087273120880127
v 50.970584869384766 8.6283531188964844 -3.0087273120880127
v 50.394111633300781 8.1058979034423828 -3.0087273120880127
v 49.871631622314453 7.5293946266174316 -3.0087275505065918
v 49.408199310302734 6.9045648574829102 -3.0087273120880127
v 49.008193969726562 6.2371735572814941 -3.0087270736694336
v 48.675567626953125 5.5339341163635254 -3.0087270736694336
v 48.413455963134766 4.8013219833374023 -3.0087273120880127
v 48.224422454833984 4.0467514991760254 -3.0087270736694336
v 48.110244750976562 3.2771010398864746 -3.0087258815765381
v 63.347286224365234 3.2237083911895752 -2.3251266479492188
v 63.243450164794922 3.9278557300567627 -2.3251276016235352
v 63.064918518066406 4.6431479454040527 -2.3251278400421143
v 62.831020355224609 5.3006229400634766 -2.3251278400421143
v 62.511054992675781 5.9802656173706055 -2.3251280784606934
v 62.128887176513672 6.6161928176879883 -2.3251280784606934
v 61.70697021484375 7.1836466789245605 -2.3251280784606934
v 61.220458984375 7.7204504013061523 -2.3251280784606934
v 60.683567047119141 8.207036018371582 -2.3251280784606934
v 60.101696014404297 8.6385974884033203 -2.3251280784606934
v 59.480182647705078 9.0111026763916016 -2.3251278400421143
v 58.825309753417969 9.3208446502685547 -2.3251278400421143
v 58.143058776855469 9.5649442672729492 -2.3251278400421143
v 57.440353393554688 9.7409744262695312 -2.3251276016235352
v 56.723606109619141 9.8472881317138672 -2.3251273632049561
v 55.999996185302734 9.8828420639038086 -2.3251276016235352
v 55.276348114013672 9.8472805023193359 -2.3251276016235352
v 54.572158813476562 9.7434530258178711 -2.3251276016235352
v 53.856887817382812 9.5649309158325195 -2.3251276016235352
v 53.199375152587891 9.3310174942016602 -2.3251278400421143
v 52.519771575927734 9.011073112487793 -2.3251280784606934
v 51.883808135986328 8.6288871765136719 -2.3251280784606934
v 51.316383361816406 8.2069978713989258 -2.3251280784606934
v 50.779548645019531 7.7204594612121582 -2.3251280784606934
v 50.292987823486328 7.1835956573486328 -2.3251280784606934
v 49.861427307128906 6.6017322540283203 -2.3251280784606934
v 49.488914489746094 5.9802188873291016 -2.3251278400421143
v 49.179168701171875 5.325340747833252 -2.3251278400421143
v 48.935070037841797 4.6430873870849609 -2.3251280784606934
v 48.759040832519531 3.9404158592224121 -2.3251276016235352
v 48.652706146240234 3.2236714363098145 -2.3251266479492188
v 62.960372924804688 3.1855983734130859 -1.5628331899642944
v 62.86199951171875 3.8526701927185059 -1.5628339052200317
v 62.692874908447266 4.5302834510803223 -1.5628340244293213
v 62.471286773681641 5.1531448364257812 -1.5628340244293213
v 62.168178558349609 5.7969884872436523 -1.5628341436386108
v 61.806129455566406 6.3994336128234863 -1.5628341436386108
v 61.406440734863281 6.9370007514953613 -1.5628341436386108
v 60.945545196533203 7.4455351829528809 -1.5628341436386108
v 60.436923980712891 7.9064998626708984 -1.5628342628479004
v 59.885700225830078 8.3153276443481445 -1.5628341436386108
v 59.296909332275391 8.6682243347167969 -1.5628340244293213
v 58.676532745361328 8.9616479873657227 -1.5628340244293213
v 58.030197143554688 9.1928997039794922 -1.5628340244293213
v 57.364509582519531 9.359654426574707 -1.5628339052200317
v 56.685501098632812 9.4603738784790039 -1.5628336668014526
v 55.999996185302734 9.4940528869628906 -1.5628337860107422
v 55.314456939697266 9.4603662490844727 -1.5628337860107422
v 54.647346496582031 9.3620033264160156 -1.5628339052200317
v 53.969749450683594 9.1928863525390625 -1.5628339052200317
v 53.346851348876953 8.9712858200073242 -1.5628340244293213
v 52.703044891357422 8.6681966781616211 -1.5628341436386108
v 52.100566864013672 8.3061294555664062 -1.5628341436386108
v 51.563026428222656 7.9064631462097168 -1.5628341436386108
v 51.054466247558594 7.4455432891845703 -1.5628341436386108
v 50.593524932861328 6.9369521141052246 -1.5628342628479004
v 50.184696197509766 6.385735034942627 -1.5628341436386108
v 49.831794738769531 5.7969446182250977 -1.5628340244293213
v 49.538364410400391 5.1765604019165039 -1.5628340244293213
v 49.307113647460938 4.5302257537841797 -1.5628342628479004
v 49.140357971191406 3.8645713329315186 -1.5628339052200317
v 49.039623260498047 3.1855623722076416 -1.5628330707550049
v 62.737335205078125 3.1636297702789307 -0.77240186929702759
v 62.642108917236328 3.8093290328979492 -0.77240228652954102
v 62.478408813476562 4.4652218818664551 -0.77240234613418579
v 62.263916015625 5.0681300163269043 -0.77240234613418579
v 61.970527648925781 5.6913371086120605 -0.77240240573883057
v 61.620071411132812 6.2744817733764648 -0.77240240573883057
v 61.233196258544922 6.7948203086853027 -0.77240240573883057
v 60.787067413330078 7.2870588302612305 -0.77240246534347534
v 60.294746398925781 7.7332534790039062 -0.77240246534347534
v 59.761188507080078 8.1289777755737305 -0.77240240573883057
v 59.191261291503906 8.4705696105957031 -0.77240234613418579
v 58.590766906738281 8.7545871734619141 -0.77240234613418579
v 57.965141296386719 8.9784317016601562 -0.77240234613418579
v 57.320789337158203 9.1398410797119141 -0.77240228652954102
v 56.663532257080078 9.237335205078125 -0.77240210771560669
v 55.999992370605469 9.2699337005615234 -0.77240222692489624
v 55.33642578125 9.2373275756835938 -0.77240222692489624
v 54.690689086914062 9.1421146392822266 -0.77240228652954102
v 54.034809112548828 8.978419303894043 -0.77240228652954102
v 53.431865692138672 8.763916015625 -0.77240240573883057
v 52.808696746826172 8.4705429077148438 -0.77240246534347534
v 52.225517272949219 8.1200733184814453 -0.77240240573883057
v 51.705207824707031 7.7332181930541992 -0.77240240573883057
v 51.212940216064453 7.2870659828186035 -0.77240246534347534
v 50.766769409179688 6.7947731018066406 -0.77240252494812012
v 50.371044158935547 6.2612223625183105 -0.77240246534347534
v 50.029449462890625 5.6912951469421387 -0.77240234613418579
v 49.74542236328125 5.0907950401306152 -0.77240234613418579
v 49.521579742431641 4.4651660919189453 -0.77240246534347534
v 49.360172271728516 3.8208503723144531 -0.77240228652954102
v 49.262660980224609 3.1635942459106445 -0.77240180969238281
v 62.700000762939453 2.4999039173126221 0
v 49.299999237060547 2.4999251365661621 0
v 62.671974182128906 3.1121385097503662 0
v 62.588130950927734 3.7191822528839111 0
v 62.439109802246094 4.3513822555541992 0
v 62.229576110839844 4.9662184715270996 0
v 61.949050903320312 5.5819625854492188 0
v 61.607860565185547 6.1662964820861816 0
v 61.200386047363281 6.7244138717651367 0
v 60.73760986328125 7.2376022338867188 0
v 60.224422454833984 7.7003793716430664 0
v 59.666309356689453 8.1078519821166992 0
v 59.081985473632812 8.4490413665771484 0
v 58.466239929199219 8.7295675277709961 0
v 57.85137939453125 8.9391098022460938 0
v 57.219146728515625 9.0881376266479492 0
v 56.61212158203125 9.1719675064086914 0
v 55.999992370605469 9.1999912261962891 0
v 55.387863159179688 9.1719636917114258 0
v 54.780838012695312 9.088134765625 0
v 54.148616790771484 8.939112663269043 0
v 53.533779144287109 8.7295742034912109 0
v 52.918037414550781 8.4490499496459961 0
v 52.333705902099609 8.1078605651855469 0
v 51.775585174560547 7.7003884315490723 0
v 51.262397766113281 7.2376093864440918 0
v 50.79962158203125 6.7244200706481934 0
v 50.39215087890625 6.1663117408752441 0
v 50.050956726074219 5.5819878578186035 0
v 49.770427703857422 4.9662313461303711 0
v 49.560890197753906 4.3513703346252441 0
v 49.411865234375 3.7191698551177979 0
v 49.328025817871094 3.1121518611907959 0
v 49.228214263916016 2.4999260902404785 -0.78244113922119141
v 48.998088836669922 2.499929666519165 -1.5828073024749756
v 48.599079132080078 2.4999358654022217 -2.3530018329620361
v 48.040557861328125 2.4999442100524902 -3.0405590534210205
v 47.353000640869141 2.4999547004699707 -3.5990808010101318
v 46.582805633544922 2.4999663829803467 -3.9980897903442383
v 45.782440185546875 2.49997878074646 -4.2282133102416992
v 45 2.499990701675415 -4.3000001907348633
v 44.217559814453125 2.5000026226043701 -4.2282133102416992
v 43.417194366455078 2.5000147819519043 -3.9980897903442383
v 42.646999359130859 2.5000264644622803 -3.5990808010101318
v 41.959442138671875 2.5000369548797607 -3.0405590534210205
v 41.400920867919922 2.5000455379486084 -2.3530018329620361
v 41.001911163330078 2.5000514984130859 -1.5828073024749756
v 40.771785736083984 2.5000550746917725 -0.78244113922119141
v 51.700000762939453 17.183263778686523 0
v 51.723007202148438 17.166017532348633 -0.44421949982643127
v 51.790760040283203 17.115114212036133 -0.87879157066345215
v 51.901451110839844 17.031562805175781 -1.3007290363311768
v 52.053333282470703 16.916133880615234 -1.7069967985153198
v 52.264930725097656 16.753772735595703 -2.1305546760559082
v 52.515369415283203 16.55919075012207 -2.5193905830383301
v 52.799808502197266 16.334857940673828 -2.8720784187316895
v 53.113468170166016 16.083209991455078 -3.1871490478515625
v 53.452800750732422 15.80557918548584 -3.464360237121582
v 53.81011962890625 15.506819725036621 -3.7005999088287354
v 54.562759399414062 14.853891372680664 -4.0526938438415527
v 55.279994964599609 14.197831153869629 -4.2392921447753906
v 56 13.5 -4.3000001907348633
v 56.719993591308594 14.197827339172363 -4.2392935752868652
v 57.437221527099609 14.853880882263184 -4.0527005195617676
v 58.189865112304688 15.506809234619141 -3.7006094455718994
v 58.547183990478516 15.805567741394043 -3.4643700122833252
v 58.886524200439453 16.083198547363281 -3.1871590614318848
v 59.200183868408203 16.334846496582031 -2.8720872402191162
v 59.484626770019531 16.559179306030273 -2.519397497177124
v 59.735069274902344 16.753761291503906 -2.1305599212646484
v 59.946662902832031 16.91612434387207 -1.706999659538269
v 60.098548889160156 17.031553268432617 -1.3007311820983887
v 60.209239959716797 17.115104675292969 -0.87879306077957153
v 60.276992797851562 17.166007995605469 -0.44422018527984619
v 60.299999237060547 17.183254241943359 0
v 71.22821044921875 2.5000705718994141 -0.78244113922119141
v 70.998092651367188 2.5000660419464111 -1.5828073024749756
v 70.599082946777344 2.5000584125518799 -2.3530018329620361
v 70.040557861328125 2.5000474452972412 -3.0405590534210205
v 69.353004455566406 2.5000338554382324 -3.5990808010101318
v 68.582809448242188 2.500018835067749 -3.9980897903442383
v 67.782440185546875 2.5000033378601074 -4.2282133102416992
v 67 2.4999880790710449 -4.3000001907348633
v 66.217559814453125 2.4999728202819824 -4.2282133102416992
v 65.417190551757812 2.4999570846557617 -3.9980897903442383
v 64.646995544433594 2.4999420642852783 -3.5990808010101318
v 63.959442138671875 2.4999287128448486 -3.0405590534210205
v 63.400920867919922 2.49991774559021 -2.3530018329620361
v 63.001911163330078 2.4999098777770996 -1.5828073024749756
v 62.771785736083984 2.4999053478240967 -0.78244113922119141
v 40.715999603271484 3.1996490955352783 0
v 40.763999938964844 3.8978555202484131 0
v 40.843852996826172 4.5931329727172852 0
v 40.955402374267578 5.2839398384094238 0
v 41.108085632324219 6.0098967552185059 0
v 41.295799255371094 6.7277545928955078 0
v 41.518024444580078 7.4356861114501953 0
v 41.774238586425781 8.1318635940551758 0
v 42.076778411865234 8.842930793762207 0
v 42.414897918701172 9.5379514694213867 0
v 42.787620544433594 10.21504020690918 0
v 43.193962097167969 10.872312545776367 0
v 43.642757415771484 11.521478652954102 0
v 44.124530792236328 12.146784782409668 0
v 44.637847900390625 12.746464729309082 0
v 45.1812744140625 13.318754196166992 0
v 45.753555297851562 13.862177848815918 0
v 46.353221893310547 14.375484466552734 0
v 46.978519439697266 14.857248306274414 0
v 47.627685546875 15.306039810180664 0
v 48.28497314453125 15.712385177612305 0
v 48.962089538574219 16.085113525390625 0
v 49.657131195068359 16.423244476318359 0
v 50.368198394775391 16.725791931152344 0
v 50.899936676025391 16.924942016601562 0
v 61.100070953369141 16.924932479858398 0
v 61.631870269775391 16.725765228271484 0
v 62.342937469482422 16.4232177734375 0
v 63.037960052490234 16.08509635925293 0
v 63.715049743652344 15.712375640869141 0
v 64.372322082519531 15.306033134460449 0
v 65.021492004394531 14.857235908508301 0
v 65.646797180175781 14.375461578369141 0
v 66.246475219726562 13.862144470214844 0
v 66.818763732910156 13.318717956542969 0
v 67.3621826171875 12.74643611907959 0
v 67.87548828125 12.146767616271973 0
v 68.357254028320312 11.52147102355957 0
v 68.806045532226562 10.872302055358887 0
v 69.212387084960938 10.215008735656738 0
v 69.585121154785156 9.5378904342651367 0
v 69.923248291015625 8.8428497314453125 0
v 70.225791931152344 8.1317892074584961 0
v 70.48199462890625 7.4356536865234375 0
v 70.704208374023438 6.7277817726135254 0
v 70.89190673828125 6.0099678039550781 0
v 71.044586181640625 5.2840080261230469 0
v 71.156135559082031 4.5931396484375 0
v 71.236000061035156 3.8977901935577393 0
v 71.284004211425781 3.1995656490325928 0
v 60.418296813964844 17.065345764160156 -0.8215179443359375
v 51.581596374511719 17.06532096862793 -0.82151788473129272
v 51.779205322265625 21.167333602905273 -0.82151710987091064
v 52.02239990234375 21.167333602905273 -1.6336147785186768
v 52.02239990234375 17.33366584777832 -1.6336147785186768
v 52.431549072265625 21.167333602905273 -2.3991971015930176
v 52.431549072265625 17.33366584777832 -2.3991971015930176
v 52.991275787353516 21.167333602905273 -3.0720629692077637
v 52.991275787353516 17.33366584777832 -3.0720629692077637
v 53.674873352050781 21.167333602905273 -3.6171519756317139
v 53.674873352050781 17.33366584777832 -3.6171519756317139
v 54.437168121337891 21.167333602905273 -4.0059399604797363
v 54.437168121337891 17.33366584777832 -4.0059399604797363
v 55.22760009765625 21.167333602905273 -4.2300586700439453
v 55.22760009765625 17.33366584777832 -4.2300586700439453
v 56 21.167333602905273 -4.3000001907348633
v 56 17.33366584777832 -4.3000001907348633
v 56.821517944335938 21.167333602905273 -4.220794677734375
v 56.821517944335938 17.33366584777832 -4.220794677734375
v 57.633613586425781 21.167333602905273 -3.97760009765625
v 57.633613586425781 17.33366584777832 -3.97760009765625
v 58.399196624755859 21.167333602905273 -3.5684523582458496
v 58.399196624755859 17.33366584777832 -3.5684523582458496
v 59.072063446044922 21.167333602905273 -3.0087254047393799
v 59.072063446044922 17.33366584777832 -3.0087254047393799
v 59.617153167724609 21.167333602905273 -2.3251261711120605
v 59.617153167724609 17.33366584777832 -2.3251261711120605
v 60.005939483642578 21.167333602905273 -1.5628328323364258
v 60.005939483642578 17.33366584777832 -1.5628328323364258
v 60.230056762695312 21.167333602905273 -0.77240169048309326
v 51.700000762939453 17.183263778686523 0
v 51.700000762939453 18.056327819824219 0
v 51.700000762939453 20.370885848999023 0
v 51.700000762939453 22.685441970825195 0
v 51.700000762939453 25 0
v 51.779205322265625 19.250499725341797 -0.82151710987091064
v 51.719165802001953 21.167333602905273 -0.40555471181869507
v 51.719165802001953 19.250499725341797 -0.40555471181869507
v 60.299999237060547 25 0
v 60.299999237060547 22.685440063476562 0
v 60.299999237060547 20.370882034301758 0
v 60.299999237060547 18.05632209777832 0
v 60.299999237060547 17.183254241943359 0
v 60.230056762695312 19.250499725341797 -0.77240169048309326
v 60.283046722412109 21.167333602905273 -0.38144645094871521
v 60.283046722412109 19.250499725341797 -0.38144645094871521
v 56 13.5 -4.3000001907348633
v 55.279994964599609 14.197831153869629 -4.2392921447753906
v 54.562759399414062 14.853891372680664 -4.0526938438415527
v 53.81011962890625 15.506819725036621 -3.7005999088287354
v 53.452800750732422 15.80557918548584 -3.464360237121582
v 53.113468170166016 16.083209991455078 -3.1871490478515625
v 52.799808502197266 16.334857940673828 -2.8720784187316895
v 52.515369415283203 16.55919075012207 -2.5193905830383301
v 52.264930725097656 16.753772735595703 -2.1305546760559082
v 52.053333282470703 16.916133880615234 -1.7069967985153198
v 51.901451110839844 17.031562805175781 -1.3007290363311768
v 51.790760040283203 17.115114212036133 -0.87879157066345215
v 51.723007202148438 17.166017532348633 -0.44421949982643127
v 54.049339294433594 17.33366584777832 -3.8320915699005127
v 53.320163726806641 17.33366584777832 -3.362809419631958
v 52.693592071533203 17.33366584777832 -2.7491199970245361
v 52.206066131591797 17.33366584777832 -2.0238752365112305
v 52.108936309814453 17.33366584777832 -1.830194354057312
v 51.879222869873047 17.33366584777832 -1.2284972667694092
v 52.431549072265625 19.250499725341797 -2.3991971015930176
v 52.02239990234375 19.250499725341797 -1.6336147785186768
v 52.206066131591797 21.167333602905273 -2.0238752365112305
v 52.206066131591797 19.250499725341797 -2.0238752365112305
v 51.945343017578125 17.33366584777832 -1.4316973686218262
v 51.879222869873047 21.167333602905273 -1.2284972667694092
v 51.879222869873047 19.250499725341797 -1.2284972667694092
v 60.276992797851562 17.166007995605469 -0.44422018527984619
v 60.209239959716797 17.115104675292969 -0.87879306077957153
v 60.098548889160156 17.031553268432617 -1.3007311820983887
v 59.946662902832031 16.91612434387207 -1.706999659538269
v 59.735069274902344 16.753761291503906 -2.1305599212646484
v 59.484626770019531 16.559179306030273 -2.519397497177124
v 59.200183868408203 16.334846496582031 -2.8720872402191162
v 58.886524200439453 16.083198547363281 -3.1871590614318848
v 58.547183990478516 15.805567741394043 -3.4643700122833252
v 58.189865112304688 15.506809234619141 -3.7006094455718994
v 57.437221527099609 14.853880882263184 -4.0527005195617676
v 56.719993591308594 14.197827339172363 -4.2392935752868652
v 60.138317108154297 17.33366584777832 -1.1680468320846558
v 60.005939483642578 19.250499725341797 -1.5628328323364258
v 60.138317108154297 21.167333602905273 -1.1680468320846558
v 60.138317108154297 19.250499725341797 -1.1680468320846558
v 60.077285766601562 17.33366584777832 -1.3659181594848633
v 59.83209228515625 17.33366584777832 -1.9506597518920898
v 59.924205780029297 17.33366584777832 -1.7580125331878662
v 59.617153167724609 19.250499725341797 -2.3251261711120605
v 59.83209228515625 21.167333602905273 -1.9506597518920898
v 59.83209228515625 19.250499725341797 -1.9506597518920898
v 59.362808227539062 17.33366584777832 -2.6798343658447266
v 58.749118804931641 17.33366584777832 -3.3064086437225342
v 58.023876190185547 17.33366584777832 -3.7939331531524658
v 51.771785736083984 25 -0.78244113922119141
v 52.001911163330078 25 -1.5828073024749756
v 52.400920867919922 25 -2.3530018329620361
v 52.959442138671875 25 -3.0405590534210205
v 53.646999359130859 25 -3.5990808010101318
v 54.417194366455078 25 -3.9980897903442383
v 55.217559814453125 25 -4.2282133102416992
v 56 25 -4.3000001907348633
v 56.782440185546875 25 -4.2282133102416992
v 57.582805633544922 25 -3.9980897903442383
v 58.353000640869141 25 -3.5990808010101318
v 59.040557861328125 25 -3.0405590534210205
v 59.599079132080078 25 -2.3530018329620361
v 59.998088836669922 25 -1.5828073024749756
v 60.228214263916016 25 -0.78244113922119141
v 51.779205322265625 23.08416748046875 -0.82151710987091064
v 51.719165802001953 23.08416748046875 -0.40555471181869507
v 52.02239990234375 23.08416748046875 -1.6336147785186768
v 51.879222869873047 23.08416748046875 -1.2284972667694092
v 52.431549072265625 23.08416748046875 -2.3991971015930176
v 52.206066131591797 23.08416748046875 -2.0238752365112305
v 52.991275787353516 23.08416748046875 -3.0720629692077637
v 52.693592071533203 21.167333602905273 -2.7491199970245361
v 52.693592071533203 23.08416748046875 -2.7491199970245361
v 53.674873352050781 23.08416748046875 -3.6171519756317139
v 53.320163726806641 21.167333602905273 -3.362809419631958
v 53.320163726806641 23.08416748046875 -3.362809419631958
v 54.437168121337891 23.08416748046875 -4.0059399604797363
v 54.049339294433594 21.167333602905273 -3.8320915699005127
v 54.049339294433594 23.08416748046875 -3.8320915699005127
v 55.22760009765625 23.08416748046875 -4.2300586700439453
v 54.831954956054688 21.167333602905273 -4.1383171081542969
v 54.831954956054688 23.08416748046875 -4.1383171081542969
v 56.821517944335938 23.08416748046875 -4.220794677734375
v 56.405555725097656 21.167333602905273 -4.2808322906494141
v 56 23.08416748046875 -4.3000001907348633
v 56.405555725097656 23.08416748046875 -4.2808322906494141
v 57.633613586425781 23.08416748046875 -3.97760009765625
v 57.228496551513672 21.167333602905273 -4.1207761764526367
v 57.228496551513672 23.08416748046875 -4.1207761764526367
v 58.399196624755859 23.08416748046875 -3.5684523582458496
v 58.023876190185547 21.167333602905273 -3.7939331531524658
v 58.023876190185547 23.08416748046875 -3.7939331531524658
v 59.072063446044922 23.08416748046875 -3.0087254047393799
v 58.749118804931641 21.167333602905273 -3.3064086437225342
v 58.749118804931641 23.08416748046875 -3.3064086437225342
v 59.617153167724609 23.08416748046875 -2.3251261711120605
v 59.362808227539062 21.167333602905273 -2.6798343658447266
v 59.362808227539062 23.08416748046875 -2.6798343658447266
v 60.005939483642578 23.08416748046875 -1.5628328323364258
v 59.83209228515625 23.08416748046875 -1.9506597518920898
v 60.230056762695312 23.08416748046875 -0.77240169048309326
v 60.138317108154297 23.08416748046875 -1.1680468320846558
v 60.283046722412109 23.08416748046875 -0.38144645094871521
v 62.700000762939453 1.2000000476837158 0
v 62.700000762939453 1.8499519824981689 0
v 62.700000762939453 2.4999039173126221 0
v 71.300003051757812 2.5000720024108887 0
v 71.300003051757812 1.8500360250473022 0
v 62.771785736083984 2.4999053478240967 -0.78244113922119141
v 63.001911163330078 2.4999098777770996 -1.5828073024749756
v 63.400920867919922 2.49991774559021 -2.3530018329620361
v 63.959442138671875 2.4999287128448486 -3.0405590534210205
v 64.646995544433594 2.4999420642852783 -3.5990808010101318
v 65.417190551757812 2.4999570846557617 -3.9980897903442383
v 66.217559814453125 2.4999728202819824 -4.2282133102416992
v 67 2.4999880790710449 -4.3000001907348633
v 67.782440185546875 2.5000033378601074 -4.2282133102416992
v 68.582809448242188 2.500018835067749 -3.9980897903442383
v 69.353004455566406 2.5000338554382324 -3.5990808010101318
v 70.040557861328125 2.5000474452972412 -3.0405590534210205
v 70.599082946777344 2.5000584125518799 -2.3530018329620361
v 70.998092651367188 2.5000660419464111 -1.5828073024749756
v 71.22821044921875 2.5000705718994141 -0.78244113922119141
v 71.300003051757812 1.2000000476837158 0
v 71.22821044921875 1.2000000476837158 -0.78244113922119141
v 70.998092651367188 1.2000000476837158 -1.5828073024749756
v 70.599082946777344 1.2000000476837158 -2.3530018329620361
v 70.040557861328125 1.2000000476837158 -3.0405590534210205
v 69.353004455566406 1.2000000476837158 -3.5990808010101318
v 68.582809448242188 1.2000000476837158 -3.9980897903442383
v 67.782440185546875 1.2000000476837158 -4.2282133102416992
v 67 1.2000000476837158 -4.3000001907348633
v 66.217559814453125 1.2000000476837158 -4.2282133102416992
v 65.417190551757812 1.2000000476837158 -3.9980897903442383
v 64.646995544433594 1.2000000476837158 -3.5990808010101318
v 63.959442138671875 1.2000000476837158 -3.0405590534210205
v 63.400920867919922 1.2000000476837158 -2.3530018329620361
v 63.001911163330078 1.2000000476837158 -1.5828073024749756
v 62.771785736083984 1.2000000476837158 -0.78244113922119141
v 40.700000762939453 1.2000000476837158 0
v 49.299999237060547 1.2000000476837158 0
v 49.299999237060547 1.8499624729156494 0
v 49.299999237060547 2.4999251365661621 0
v 40.700000762939453 2.500056266784668 0
v 40.700000762939453 1.8500281572341919 0
v 40.771785736083984 1.2000000476837158 0.78244113922119141
v 41.001911163330078 1.2000000476837158 1.5828073024749756
v 41.400920867919922 1.2000000476837158 2.3530018329620361
v 41.959442138671875 1.2000000476837158 3.0405590534210205
v 42.646999359130859 1.2000000476837158 3.5990808010101318
v 43.417194366455078 1.2000000476837158 3.9980897903442383
v 44.217559814453125 1.2000000476837158 4.2282133102416992
v 45 1.2000000476837158 4.3000001907348633
v 45.782440185546875 1.2000000476837158 4.2282133102416992
v 46.582805633544922 1.2000000476837158 3.9980897903442383
v 47.353000640869141 1.2000000476837158 3.5990808010101318
v 48.040557861328125 1.2000000476837158 3.0405590534210205
v 48.599079132080078 1.2000000476837158 2.3530018329620361
v 48.998088836669922 1.2000000476837158 1.5828073024749756
v 49.228214263916016 1.2000000476837158 0.78244113922119141
v 49.228214263916016 2.4999260902404785 0.78244113922119141
v 48.998088836669922 2.499929666519165 1.5828073024749756
v 48.599079132080078 2.4999358654022217 2.3530018329620361
v 48.040557861328125 2.4999442100524902 3.0405590534210205
v 47.353000640869141 2.4999547004699707 3.5990808010101318
v 46.582805633544922 2.4999663829803467 3.9980897903442383
v 45.782440185546875 2.49997878074646 4.2282133102416992
v 45 2.499990701675415 4.3000001907348633
v 44.217559814453125 2.5000026226043701 4.2282133102416992
v 43.417194366455078 2.5000147819519043 3.9980897903442383
v 42.646999359130859 2.5000264644622803 3.5990808010101318
v 41.959442138671875 2.5000369548797607 3.0405590534210205
v 41.400920867919922 2.5000455379486084 2.3530018329620361
v 41.001911163330078 2.5000514984130859 1.5828073024749756
v 40.771785736083984 2.5000550746917725 0.78244113922119141
v 62.700000762939453 2.4999039173126221 0
v 49.299999237060547 2.4999251365661621 0
v 62.746551513671875 3.1645379066467285 0.8215174674987793
v 62.651199340820312 3.8111205101013184 0.82151788473129272
v 62.487274169921875 4.4679112434387207 0.8215179443359375
v 62.272487640380859 5.0716438293457031 0.82151800394058228
v 61.978694915771484 5.6957039833068848 0.82151806354522705
v 61.627761840820312 6.2796463966369629 0.82151806354522705
v 61.2403564453125 6.8006973266601562 0.82151806354522705
v 60.793617248535156 7.2936091423034668 0.82151806354522705
v 60.300621032714844 7.7404146194458008 0.82151812314987183
v 59.766334533691406 8.1366796493530273 0.82151806354522705
v 59.195629119873047 8.4787397384643555 0.82151800394058228
v 58.594314575195312 8.7631464004516602 0.82151800394058228
v 57.967830657958984 8.9872970581054688 0.8215179443359375
v 57.322597503662109 9.1489267349243164 0.82151788473129272
v 56.664440155029297 9.2465543746948242 0.8215177059173584
v 55.999992370605469 9.2791967391967773 0.82151782512664795
v 55.335517883300781 9.246546745300293 0.82151782512664795
v 54.688896179199219 9.1512031555175781 0.82151788473129272
v 54.032119750976562 8.9872846603393555 0.82151788473129272
v 53.428352355957031 8.772486686706543 0.82151800394058228
v 52.804328918457031 8.4787130355834961 0.82151806354522705
v 52.220352172851562 8.1277637481689453 0.82151806354522705
v 51.699329376220703 7.7403793334960938 0.82151806354522705
v 51.206390380859375 7.293616771697998 0.82151806354522705
v 50.759609222412109 6.8006501197814941 0.82151812314987183
v 50.36334228515625 6.2663688659667969 0.82151806354522705
v 50.021278381347656 5.6956620216369629 0.8215179443359375
v 49.736865997314453 5.0943403244018555 0.8215179443359375
v 49.512714385986328 4.4678554534912109 0.82151806354522705
v 49.351085662841797 3.822657585144043 0.82151788473129272
v 49.253440856933594 3.1645023822784424 0.82151740789413452
v 62.988574981689453 3.1883764266967773 1.6336154937744141
v 62.889804840087891 3.8581507205963135 1.6336162090301514
v 62.719993591308594 4.5385103225708008 1.6336163282394409
v 62.497509002685547 5.1638946533203125 1.6336164474487305
v 62.193172454833984 5.8103480339050293 1.63361656665802
v 61.829654693603516 6.4152340888977051 1.63361656665802
v 61.4283447265625 6.954979419708252 1.63361656665802
v 60.965583801269531 7.4655747413635254 1.63361656665802
v 60.454902648925781 7.9284067153930664 1.6336166858673096
v 59.901447296142578 8.3388919830322266 1.63361656665802
v 59.310268402099609 8.6932172775268555 1.6336164474487305
v 58.6873779296875 8.9878311157226562 1.6336164474487305
v 58.038425445556641 9.2200183868408203 1.6336163282394409
v 57.370037078857422 9.3874502182006836 1.6336163282394409
v 56.688278198242188 9.4885768890380859 1.6336159706115723
v 55.999996185302734 9.5223932266235352 1.6336160898208618
v 55.311679840087891 9.4885692596435547 1.6336160898208618
v 54.641864776611328 9.3898077011108398 1.6336162090301514
v 53.961521148681641 9.220005989074707 1.6336162090301514
v 53.336101531982422 8.9975070953369141 1.6336164474487305
v 52.689685821533203 8.6931896209716797 1.63361656665802
v 52.084766387939453 8.329655647277832 1.63361656665802
v 51.545047760009766 7.9283699989318848 1.63361656665802
v 51.034423828125 7.4655828475952148 1.63361656665802
v 50.571617126464844 6.9549307823181152 1.6336166858673096
v 50.161128997802734 6.4014797210693359 1.63361656665802
v 49.806800842285156 5.8103041648864746 1.6336163282394409
v 49.512180328369141 5.1874055862426758 1.6336164474487305
v 49.279991149902344 4.5384526252746582 1.63361656665802
v 49.112564086914062 3.8700997829437256 1.6336163282394409
v 49.011417388916016 3.1883401870727539 1.6336153745651245
v 63.395751953125 3.2284820079803467 2.3991978168487549
v 63.291229248046875 3.9372732639312744 2.3991987705230713
v 63.111518859863281 4.657285213470459 2.3991990089416504
v 62.876079559326172 5.3190960884094238 2.3991990089416504
v 62.554004669189453 6.0032229423522949 2.3991992473602295
v 62.169315338134766 6.6433439254760742 2.3991992473602295
v 61.744617462158203 7.2145419120788574 2.3991992473602295
v 61.254894256591797 7.7548861503601074 2.3991992473602295
v 60.714458465576172 8.2446813583374023 2.3991992473602295
v 60.128753662109375 8.6790895462036133 2.3991992473602295
v 59.503139495849609 9.054051399230957 2.3991990089416504
v 58.843948364257812 9.3658380508422852 2.3991990089416504
v 58.157196044921875 9.611546516418457 2.3991990089416504
v 57.449851989746094 9.7887382507324219 2.3991987705230713
v 56.728382110595703 9.8957538604736328 2.3991985321044922
v 55.999996185302734 9.9315414428710938 2.3991987705230713
v 55.271572113037109 9.8957452774047852 2.3991987705230713
v 54.562740325927734 9.7912330627441406 2.3991987705230713
v 53.842750549316406 9.6115331649780273 2.3991987705230713
v 53.180900573730469 9.3760776519775391 2.3991990089416504
v 52.496810913085938 9.0540218353271484 2.3991992473602295
v 51.856655120849609 8.669316291809082 2.3991992473602295
v 51.285488128662109 8.2446422576904297 2.3991992473602295
v 50.745113372802734 7.7548956871032715 2.3991992473602295
v 50.255344390869141 7.2144899368286133 2.3991994857788086
v 49.820934295654297 6.6287884712219238 2.3991992473602295
v 49.445968627929688 6.003176212310791 2.3991990089416504
v 49.134174346923828 5.3439769744873047 2.3991990089416504
v 48.888465881347656 4.6572246551513672 2.3991992473602295
v 48.711273193359375 3.9499161243438721 2.3991987705230713
v 48.604240417480469 3.2284450531005859 2.3991978168487549
v 63.952781677246094 3.2833478450775146 3.072063684463501
v 63.84039306640625 4.0455155372619629 3.0720646381378174
v 63.647140502929688 4.8197727203369141 3.0720646381378174
v 63.393974304199219 5.5314164161682129 3.0720648765563965
v 63.047630310058594 6.2670817375183105 3.0720648765563965
v 62.633979797363281 6.9554057121276855 3.0720648765563965
v 62.177284240722656 7.5696306228637695 3.0720648765563965
v 61.650684356689453 8.1506738662719727 3.0720651149749756
v 61.069541931152344 8.6773548126220703 3.0720651149749756
v 60.439716339111328 9.1444911956787109 3.0720648765563965
v 59.766990661621094 9.5476837158203125 3.0720648765563965
v 59.058139801025391 9.8829622268676758 3.0720648765563965
v 58.319675445556641 10.14716911315918 3.0720648765563965
v 57.559043884277344 10.337712287902832 3.0720646381378174
v 56.783245086669922 10.452783584594727 3.0720641613006592
v 55.999996185302734 10.491270065307617 3.0720643997192383
v 55.216705322265625 10.452775001525879 3.0720643997192383
v 54.454498291015625 10.340394973754883 3.0720646381378174
v 53.680267333984375 10.147154808044434 3.0720646381378174
v 52.968582153320312 9.8939733505249023 3.0720648765563965
v 52.232955932617188 9.5476522445678711 3.0720651149749756
v 51.544593811035156 9.1339807510375977 3.0720648765563965
v 50.930400848388672 8.6773128509521484 3.0720648765563965
v 50.349327087402344 8.1506843566894531 3.0720651149749756
v 49.822673797607422 7.569575309753418 3.0720651149749756
v 49.355533599853516 6.9397530555725098 3.0720648765563965
v 48.952335357666016 6.2670307159423828 3.0720646381378174
v 48.617050170898438 5.5581717491149902 3.0720648765563965
v 48.35284423828125 4.8197083473205566 3.0720651149749756
v 48.162300109863281 4.0591073036193848 3.0720646381378174
v 48.047210693359375 3.2833094596862793 3.0720634460449219
v 64.633087158203125 3.350355863571167 3.617152214050293
v 64.511085510253906 4.1777129173278809 3.6171531677246094
v 64.301300048828125 5.0182204246520996 3.6171534061431885
v 64.026481628417969 5.7907242774963379 3.6171534061431885
v 63.650505065917969 6.5893344879150391 3.6171536445617676
v 63.201480865478516 7.3365287780761719 3.6171536445617676
v 62.705707550048828 8.0033035278320312 3.6171536445617676
v 62.134063720703125 8.6340513229370117 3.6171536445617676
v 61.503208160400391 9.2057819366455078 3.6171536445617676
v 60.819496154785156 9.7128896713256836 3.6171536445617676
v 60.0892333984375 10.15056037902832 3.6171534061431885
v 59.319732666015625 10.514530181884766 3.6171534061431885
v 58.518112182617188 10.801328659057617 3.6171534061431885
v 57.692398071289062 11.008179664611816 3.6171531677246094
v 56.850246429443359 11.133088111877441 3.6171529293060303
v 55.999996185302734 11.174870491027832 3.6171531677246094
v 55.149700164794922 11.133078575134277 3.6171531677246094
v 54.322296142578125 11.011090278625488 3.6171531677246094
v 53.481822967529297 10.801313400268555 3.6171531677246094
v 52.709274291992188 10.526483535766602 3.6171534061431885
v 51.91070556640625 10.15052604675293 3.6171536445617676
v 51.163471221923828 9.7014799118041992 3.6171536445617676
v 50.496730804443359 9.2057371139526367 3.6171536445617676
v 49.865947723388672 8.6340646743774414 3.6171536445617676
v 49.294246673583984 8.0032434463500977 3.6171536445617676
v 48.787136077880859 7.3195371627807617 3.6171536445617676
v 48.349460601806641 6.5892786979675293 3.6171534061431885
v 47.985485076904297 5.8197693824768066 3.6171534061431885
v 47.698688507080078 5.018150806427002 3.6171536445617676
v 47.491832733154297 4.1924633979797363 3.6171531677246094
v 47.366905212402344 3.350316047668457 3.617152214050293
v 65.391708374023438 3.4250776767730713 4.0059399604797363
v 65.258995056152344 4.3251280784606934 4.0059409141540527
v 65.03076171875 5.2395129203796387 4.0059409141540527
v 64.731803894042969 6.0798835754394531 4.0059409141540527
v 64.322776794433594 6.9486837387084961 4.0059409141540527
v 63.834308624267578 7.7615256309509277 4.0059409141540527
v 63.294960021972656 8.4868993759155273 4.0059409141540527
v 62.673091888427734 9.1730747222900391 4.0059409141540527
v 61.986797332763672 9.7950401306152344 4.0059409141540527
v 61.242996215820312 10.346719741821289 4.0059409141540527
v 60.448574066162109 10.82283878326416 4.0059409141540527
v 59.611438751220703 11.218802452087402 4.0059409141540527
v 58.739395141601562 11.530793190002441 4.0059409141540527
v 57.841102600097656 11.755828857421875 4.0059409141540527
v 56.924964904785156 11.891708374023438 4.0059404373168945
v 55.999996185302734 11.937165260314941 4.0059404373168945
v 55.074977874755859 11.891696929931641 4.0059404373168945
v 54.174880981445312 11.758995056152344 4.0059409141540527
v 53.260536193847656 11.530776977539062 4.0059409141540527
v 52.420116424560547 11.231806755065918 4.0059409141540527
v 51.551361083984375 10.822800636291504 4.0059409141540527
v 50.738475799560547 10.334307670593262 4.0059409141540527
v 50.013137817382812 9.7949914932250977 4.0059409141540527
v 49.326927185058594 9.1730899810791016 4.0059409141540527
v 48.704994201660156 8.4868345260620117 4.0059409141540527
v 48.153308868408203 7.7430405616760254 4.0059409141540527
v 47.67718505859375 6.9486227035522461 4.0059409141540527
v 47.281215667724609 6.1114816665649414 4.0059409141540527
v 46.969223022460938 5.2394375801086426 4.0059409141540527
v 46.744186401367188 4.3411707878112793 4.0059409141540527
v 46.608283996582031 3.4250359535217285 4.0059399604797363
v 66.178337097167969 3.5025575160980225 4.2300586700439453
v 66.034500122070312 4.4779844284057617 4.2300591468811035
v 65.787147521972656 5.4689731597900391 4.2300591468811035
v 65.463165283203125 6.3797159194946289 4.2300591468811035
v 65.019866943359375 7.3212976455688477 4.2300591468811035
v 64.490493774414062 8.2022104263305664 4.2300591468811035
v 63.905960083007812 8.9883460998535156 4.2300591468811035
v 63.232013702392578 9.7319936752319336 4.2300591468811035
v 62.488231658935547 10.406048774719238 4.2300591468811035
v 61.68212890625 11.003946304321289 4.2300591468811035
v 60.821182250976562 11.519932746887207 4.2300591468811035
v 59.913913726806641 11.949070930480957 4.2300591468811035
v 58.968845367431641 12.28718376159668 4.2300591468811035
v 57.99530029296875 12.531074523925781 4.2300591468811035
v 57.00244140625 12.678330421447754 4.2300591468811035
v 56 12.727597236633301 4.2300591468811035
v 54.99749755859375 12.678318023681641 4.2300591468811035
v 54.022018432617188 12.534505844116211 4.2300591468811035
v 53.031078338623047 12.287166595458984 4.2300591468811035
v 52.120285034179688 11.963164329528809 4.2300591468811035
v 51.178749084472656 11.519890785217285 4.2300591468811035
v 50.29779052734375 10.990494728088379 4.2300591468811035
v 49.511695861816406 10.405996322631836 4.2300591468811035
v 48.76800537109375 9.7320117950439453 4.2300591468811035
v 48.093986511230469 8.9882755279541016 4.2300591468811035
v 47.496086120605469 8.1821756362915039 4.2300591468811035
v 46.980091094970703 7.3212308883666992 4.2300591468811035
v 46.550949096679688 6.4139614105224609 4.2300591468811035
v 46.212837219238281 5.4688920974731445 4.2300591468811035
v 45.968940734863281 4.4953675270080566 4.2300591468811035
v 45.821659088134766 3.502514123916626 4.2300586700439453
v 66.947013854980469 3.5782701969146729 4.3000001907348633
v 66.792327880859375 4.627354621887207 4.3000001907348633
v 66.526283264160156 5.693199634552002 4.3000001907348633
v 66.177841186523438 6.6727089881896973 4.3000001907348633
v 65.7010498046875 7.6854119300842285 4.3000001907348633
v 65.1317138671875 8.632843017578125 4.3000001907348633
v 64.503028869628906 9.4783544540405273 4.3000001907348633
v 63.778186798095703 10.278163909912109 4.3000001907348633
v 62.978233337402344 11.003120422363281 4.3000001907348633
v 62.111244201660156 11.646181106567383 4.3000001907348633
v 61.185287475585938 12.201125144958496 4.3000001907348633
v 60.209491729736328 12.66268253326416 4.3000001907348633
v 59.193061828613281 13.026320457458496 4.3000001907348633
v 58.145977020263672 13.288637161254883 4.3000001907348633
v 57.078147888183594 13.447009086608887 4.3000001907348633
v 54.921783447265625 13.446995735168457 4.3000001907348633
v 53.872646331787109 13.292326927185059 4.3000001907348633
v 52.806858062744141 13.026303291320801 4.3000001907348633
v 51.827289581298828 12.677840232849121 4.3000001907348633
v 50.814640045166016 12.201079368591309 4.3000001907348633
v 49.867156982421875 11.6317138671875 4.3000001907348633
v 49.021690368652344 11.003064155578613 4.3000001907348633
v 48.221836090087891 10.27818489074707 4.3000001907348633
v 47.496917724609375 9.4782781600952148 4.3000001907348633
v 46.853851318359375 8.6112947463989258 4.3000001907348633
v 46.298900604248047 7.685340404510498 4.3000001907348633
v 45.837337493896484 6.7095417976379395 4.3000001907348633
v 45.473701477050781 5.693112850189209 4.3000001907348633
v 45.211380004882812 4.6460471153259277 4.3000001907348633
v 45.052978515625 3.5782248973846436 4.3000001907348633
v 67.764572143554688 3.6587972640991211 4.2207951545715332
v 67.598335266113281 4.7862224578857422 4.2207956314086914
v 67.312416076660156 5.9316844940185547 4.2207956314086914
v 66.937957763671875 6.9843330383300781 4.2207956314086914
v 66.425552368164062 8.0726795196533203 4.2207956314086914
v 65.813705444335938 9.0908575057983398 4.2207956314086914
v 65.138053894042969 9.9995212554931641 4.2207956314086914
v 64.359085083007812 10.859064102172852 4.2207956314086914
v 63.4993896484375 11.638157844543457 4.2207956314086914
v 62.567646026611328 12.329255104064941 4.2207956314086914
v 61.572544097900391 12.925633430480957 4.2207956314086914
v 60.523860931396484 13.421669960021973 4.2207956314086914
v 59.431537628173828 13.812458038330078 4.2207956314086914
v 58.306236267089844 14.094371795654297 4.2207956314086914
v 57.158668518066406 14.264567375183105 4.2207951545715332
v 54.841255187988281 14.264552116394043 4.2207951545715332
v 53.713775634765625 14.098337173461914 4.2207956314086914
v 52.568378448486328 13.812439918518066 4.2207956314086914
v 51.515666961669922 13.437959671020508 4.2207956314086914
v 50.427375793457031 12.925583839416504 4.2207956314086914
v 49.409141540527344 12.313706398010254 4.2207956314086914
v 48.500526428222656 11.638097763061523 4.2207956314086914
v 47.640933990478516 10.859087944030762 4.2207956314086914
v 46.861881256103516 9.9994401931762695 4.2207956314086914
v 46.170780181884766 9.0677013397216797 4.2207956314086914
v 45.574394226074219 8.0726022720336914 4.2207956314086914
v 45.078353881835938 7.0239171981811523 4.2207956314086914
v 44.687564849853516 5.9315915107727051 4.2207956314086914
v 44.405643463134766 4.8063077926635742 4.2207956314086914
v 44.235416412353516 3.658750057220459 4.2207951545715332
v 68.572761535644531 3.738400936126709 3.9776005744934082
v 68.395103454589844 4.9432692527770996 3.9776012897491455
v 68.08953857421875 6.1674346923828125 3.9776012897491455
v 67.689361572265625 7.292384147644043 3.9776012897491455
v 67.141754150390625 8.4555072784423828 3.9776015281677246
v 66.487876892089844 9.5436220169067383 3.9776015281677246
v 65.76580810546875 10.514713287353516 3.9776015281677246
v 64.933326721191406 11.433303833007812 3.9776015281677246
v 64.014572143554688 12.265914916992188 3.9776015281677246
v 63.018817901611328 13.004496574401855 3.9776015281677246
v 61.955360412597656 13.641834259033203 3.9776012897491455
v 60.834625244140625 14.171956062316895 3.9776012897491455
v 59.667274475097656 14.589581489562988 3.9776012897491455
v 58.464656829833984 14.890868186950684 3.9776012897491455
v 53.556724548339844 14.895105361938477 3.9776012897491455
v 52.332633972167969 14.58956241607666 3.9776012897491455
v 51.207614898681641 14.189364433288574 3.9776012897491455
v 50.044551849365234 13.641781806945801 3.9776015281677246
v 48.956378936767578 12.987879753112793 3.9776015281677246
v 47.985340118408203 12.265851020812988 3.9776015281677246
v 47.066696166992188 11.433330535888672 3.9776015281677246
v 46.234127044677734 10.514625549316406 3.9776015281677246
v 45.495540618896484 9.5188732147216797 3.9776015281677246
v 44.858196258544922 8.4554233551025391 3.9776012897491455
v 44.328067779541016 7.3346881866455078 3.9776012897491455
v 43.910446166992188 6.1673355102539062 3.9776015281677246
v 43.609149932861328 4.9647312164306641 3.9776012897491455
v 43.427230834960938 3.7383520603179932 3.9776003360748291
v 69.33465576171875 3.8134450912475586 3.5684530735015869
v 69.146232604980469 5.0913205146789551 3.5684537887573242
v 68.8221435546875 6.3896818161010742 3.5684540271759033
v 68.397727966308594 7.5827908515930176 3.5684540271759033
v 67.816925048828125 8.8164072036743164 3.5684542655944824
v 67.123435974121094 9.9704523086547852 3.5684542655944824
v 66.35760498046875 11.000395774841309 3.5684542655944824
v 65.474678039550781 11.974653244018555 3.5684542655944824
v 64.500251770019531 12.857715606689453 3.5684545040130615
v 63.444145202636719 13.641061782836914 3.5684542655944824
v 62.316253662109375 14.317013740539551 3.5684540271759033
v 61.127593994140625 14.879266738891602 3.5684540271759033
v 59.889514923095703 15.32219409942627 3.5684540271759033
v 52.110389709472656 15.322173118591309 3.5684537887573242
v 50.917209625244141 14.897730827331543 3.5684542655944824
v 49.68365478515625 14.316957473754883 3.5684542655944824
v 48.529548645019531 13.623437881469727 3.5684542655944824
v 47.499660491943359 12.857647895812988 3.5684542655944824
v 46.525348663330078 11.97468090057373 3.5684542655944824
v 45.642330169677734 11.000303268432617 3.5684545040130615
v 44.858978271484375 9.9442043304443359 3.5684542655944824
v 44.183017730712891 8.8163185119628906 3.5684540271759033
v 43.620758056640625 7.6276588439941406 3.5684540271759033
v 43.177833557128906 6.3895773887634277 3.5684542655944824
v 42.858272552490234 5.1140804290771484 3.5684540271759033
v 42.665336608886719 3.8133945465087891 3.5684528350830078
v 70.004280090332031 3.8794012069702148 3.0087258815765381
v 69.806404113769531 5.2214422225952148 3.0087270736694336
v 69.466033935546875 6.5850133895874023 3.0087270736694336
v 69.020309448242188 7.8380274772644043 3.0087273120880127
v 68.410331726074219 9.1336002349853516 3.0087273120880127
v 67.682029724121094 10.34559154510498 3.0087273120880127
v 66.877723693847656 11.42725944519043 3.0087273120880127
v 65.950469970703125 12.450441360473633 3.0087273120880127
v 64.927101135253906 13.377845764160156 3.0087275505065918
v 63.817962646484375 14.200535774230957 3.0087273120880127
v 62.633438110351562 14.910425186157227 3.0087273120880127
v 61.385078430175781 15.500919342041016 3.0087273120880127
v 60.084835052490234 15.966082572937012 3.0087270736694336
v 51.915065765380859 15.966061592102051 3.0087268352508545
v 50.661972045898438 15.520310401916504 3.0087273120880127
v 49.366466522216797 14.910365104675293 3.0087273120880127
v 48.154407501220703 14.182026863098145 3.0087273120880127
v 47.072799682617188 13.377775192260742 3.0087273120880127
v 46.049560546875 12.450471878051758 3.0087273120880127
v 45.122203826904297 11.427162170410156 3.0087275505065918
v 44.299507141113281 10.318025588989258 3.0087273120880127
v 43.589607238769531 9.1335067749023438 3.0087270736694336
v 42.999107360839844 7.8851490020751953 3.0087270736694336
v 42.533946990966797 6.5849037170410156 3.0087273120880127
v 42.198333740234375 5.2453422546386719 3.0087270736694336
v 41.995712280273438 3.8793487548828125 3.0087258815765381
v 70.546737670898438 3.9328320026397705 2.3251266479492188
v 70.341201782226562 5.3268537521362305 2.3251276016235352
v 69.987640380859375 6.7432518005371094 2.3251278400421143
v 69.524658203125 8.044795036315918 2.3251278400421143
v 68.89105224609375 9.3905582427978516 2.3251280784606934
v 68.134536743164062 10.649492263793945 2.3251280784606934
v 67.299079895019531 11.773062705993652 2.3251280784606934
v 66.335906982421875 12.835878372192383 2.3251280784606934
v 65.272903442382812 13.799203872680664 2.3251280784606934
v 64.120796203613281 14.653765678405762 2.3251280784606934
v 62.890392303466797 15.391147613525391 2.3251278400421143
v 61.593669891357422 16.004520416259766 2.3251278400421143
v 60.243068695068359 16.487697601318359 2.3251278400421143
v 51.756828308105469 16.487674713134766 2.3251276016235352
v 50.455207824707031 16.024662017822266 2.3251278400421143
v 49.109508514404297 15.391085624694824 2.3251280784606934
v 47.850505828857422 14.634539604187012 2.3251280784606934
v 46.726997375488281 13.799130439758301 2.3251280784606934
v 45.66412353515625 12.835909843444824 2.3251280784606934
v 44.700847625732422 11.772961616516113 2.3251280784606934
v 43.846279144287109 10.620858192443848 2.3251280784606934
v 43.10888671875 9.3904609680175781 2.3251278400421143
v 42.495510101318359 8.0937423706054688 2.3251278400421143
v 42.012332916259766 6.743138313293457 2.3251280784606934
v 41.663715362548828 5.3516778945922852 2.3251276016235352
v 41.4532470703125 3.9327785968780518 2.3251266479492188
v 70.93365478515625 3.9709420204162598 1.5628331899642944
v 70.722648620605469 5.4020390510559082 1.5628339052200317
v 70.359687805175781 6.8561162948608398 1.5628340244293213
v 69.884391784667969 8.1922731399536133 1.5628340244293213
v 69.233924865722656 9.5738353729248047 1.5628341436386108
v 68.457298278808594 10.866250991821289 1.5628341436386108
v 67.599609375 12.019708633422852 1.5628341436386108
v 66.610824584960938 13.110793113708496 1.5628341436386108
v 65.519546508789062 14.099740028381348 1.5628342628479004
v 64.336784362792969 14.977035522460938 1.5628341436386108
v 63.073661804199219 15.734025955200195 1.5628340244293213
v 61.742446899414062 16.363716125488281 1.5628340244293213
v 60.355926513671875 16.859743118286133 1.5628340244293213
v 51.643966674804688 16.859720230102539 1.5628339052200317
v 50.307727813720703 16.384393692016602 1.5628340244293213
v 48.926235198974609 15.733963012695312 1.5628341436386108
v 47.633747100830078 14.957297325134277 1.5628341436386108
v 46.480354309082031 14.099664688110352 1.5628341436386108
v 45.389205932617188 13.11082649230957 1.5628341436386108
v 44.400310516357422 12.019604682922363 1.5628342628479004
v 43.52301025390625 10.836854934692383 1.5628341436386108
v 42.766010284423828 9.573735237121582 1.5628340244293213
v 42.136314392089844 8.242523193359375 1.5628340244293213
v 41.640289306640625 6.8559999465942383 1.5628342628479004
v 41.282398223876953 5.4275226593017578 1.5628339052200317
v 41.066333770751953 3.9708874225616455 1.5628330707550049
v 71.156692504882812 3.992910623550415 0.77240186929702759
v 70.942543029785156 5.4453802108764648 0.77240228652954102
v 70.57415771484375 6.9211773872375488 0.77240234613418579
v 70.091766357421875 8.2772884368896484 0.77240234613418579
v 69.43157958984375 9.6794872283935547 0.77240240573883057
v 68.643356323242188 10.991203308105469 0.77240240573883057
v 67.772857666015625 12.16188907623291 0.77240240573883057
v 66.769302368164062 13.269269943237305 0.77240246534347534
v 65.661720275878906 14.27298641204834 0.77240246534347534
v 64.4613037109375 15.163385391235352 0.77240240573883057
v 63.179309844970703 15.931680679321289 0.77240234613418579
v 61.828212738037109 16.570775985717773 0.77240234613418579
v 50.222713470458984 16.591764450073242 0.77240240573883057
v 48.820583343505859 15.931615829467773 0.77240246534347534
v 47.508796691894531 15.143353462219238 0.77240240573883057
v 46.338172912597656 14.272909164428711 0.77240240573883057
v 45.230731964111328 13.269303321838379 0.77240246534347534
v 44.227066040039062 12.161784172058105 0.77240252494812012
v 43.336658477783203 10.961367607116699 0.77240246534347534
v 42.568355560302734 9.6793851852416992 0.77240234613418579
v 41.929252624511719 8.3282880783081055 0.77240234613418579
v 41.425823211669922 6.9210596084594727 0.77240246534347534
v 41.062583923339844 5.4712433815002441 0.77240228652954102
v 40.843292236328125 3.9928557872772217 0.77240180969238281
v 71.300003051757812 2.5000720024108887 0
v 40.700000762939453 2.500056266784668 0
v 49.328025817871094 3.1121518611907959 0
v 49.411865234375 3.7191698551177979 0
v 49.560890197753906 4.3513703346252441 0
v 49.770427703857422 4.9662313461303711 0
v 50.050956726074219 5.5819878578186035 0
v 50.39215087890625 6.1663117408752441 0
v 50.79962158203125 6.7244200706481934 0
v 51.262397766113281 7.2376093864440918 0
v 51.775585174560547 7.7003884315490723 0
v 52.333705902099609 8.1078605651855469 0
v 52.918037414550781 8.4490499496459961 0
v 53.533779144287109 8.7295742034912109 0
v 54.148616790771484 8.939112663269043 0
v 54.780838012695312 9.088134765625 0
v 55.387863159179688 9.1719636917114258 0
v 55.999992370605469 9.1999912261962891 0
v 56.61212158203125 9.1719675064086914 0
v 57.219146728515625 9.0881376266479492 0
v 57.85137939453125 8.9391098022460938 0
v 58.466239929199219 8.7295675277709961 0
v 59.081985473632812 8.4490413665771484 0
v 59.666309356689453 8.1078519821166992 0
v 60.224422454833984 7.7003793716430664 0
v 60.73760986328125 7.2376022338867188 0
v 61.200386047363281 6.7244138717651367 0
v 61.607860565185547 6.1662964820861816 0
v 61.949050903320312 5.5819625854492188 0
v 62.229576110839844 4.9662184715270996 0
v 62.439109802246094 4.3513822555541992 0
v 62.588130950927734 3.7191822528839111 0
v 62.671974182128906 3.1121385097503662 0
v 51.700000762939453 17.183263778686523 0
v 50.899936676025391 16.924942016601562 0
v 50.368198394775391 16.725791931152344 0
v 49.657131195068359 16.423244476318359 0
v 48.962089538574219 16.085113525390625 0
v 48.28497314453125 15.712385177612305 0
v 47.627685546875 15.306039810180664 0
v 46.978519439697266 14.857248306274414 0
v 46.353221893310547 14.375484466552734 0
v 45.753555297851562 13.862177848815918 0
v 45.1812744140625 13.318754196166992 0
v 44.637847900390625 12.746464729309082 0
v 44.124530792236328 12.146784782409668 0
v 43.642757415771484 11.521478652954102 0
v 43.193962097167969 10.872312545776367 0
v 42.787620544433594 10.21504020690918 0
v 42.414897918701172 9.5379514694213867 0
v 42.076778411865234 8.842930793762207 0
v 41.774238586425781 8.1318635940551758 0
v 41.518024444580078 7.4356861114501953 0
v 41.295799255371094 6.7277545928955078 0
v 41.108085632324219 6.0098967552185059 0
v 40.955402374267578 5.2839398384094238 0
v 40.843852996826172 4.5931329727172852 0
v 40.763999938964844 3.8978555202484131 0
v 40.715999603271484 3.1996490955352783 0
v 71.284004211425781 3.1995656490325928 0
v 71.236000061035156 3.8977901935577393 0
v 71.156135559082031 4.5931396484375 0
v 71.044586181640625 5.2840080261230469 0
v 70.89190673828125 6.0099678039550781 0
v 70.704208374023438 6.7277817726135254 0
v 70.48199462890625 7.4356536865234375 0
v 70.225791931152344 8.1317892074584961 0
v 69.923248291015625 8.8428497314453125 0
v 69.585121154785156 9.5378904342651367 0
v 69.212387084960938 10.215008735656738 0
v 68.806045532226562 10.872302055358887 0
v 68.357254028320312 11.52147102355957 0
v 67.87548828125 12.146767616271973 0
v 67.3621826171875 12.74643611907959 0
v 66.818763732910156 13.318717956542969 0
v 66.246475219726562 13.862144470214844 0
v 65.646797180175781 14.375461578369141 0
v 65.021492004394531 14.857235908508301 0
v 64.372322082519531 15.306033134460449 0
v 63.715049743652344 15.712375640869141 0
v 63.037960052490234 16.08509635925293 0
v 62.342937469482422 16.4232177734375 0
v 61.631870269775391 16.725765228271484 0
v 61.100070953369141 16.924932479858398 0
v 60.299999237060547 17.183254241943359 0
v 62.771785736083984 2.4999053478240967 0.78244113922119141
v 63.001911163330078 2.4999098777770996 1.5828073024749756
v 63.400920867919922 2.49991774559021 2.3530018329620361
v 63.959442138671875 2.4999287128448486 3.0405590534210205
v 64.646995544433594 2.4999420642852783 3.5990808010101318
v 65.417190551757812 2.4999570846557617 3.9980897903442383
v 66.217559814453125 2.4999728202819824 4.2282133102416992
v 67 2.4999880790710449 4.3000001907348633
v 67.782440185546875 2.5000033378601074 4.2282133102416992
v 68.582809448242188 2.500018835067749 3.9980897903442383
v 69.353004455566406 2.5000338554382324 3.5990808010101318
v 70.040557861328125 2.5000474452972412 3.0405590534210205
v 70.599082946777344 2.5000584125518799 2.3530018329620361
v 70.998092651367188 2.5000660419464111 1.5828073024749756
v 71.22821044921875 2.5000705718994141 0.78244113922119141
v 60.276992797851562 17.166006088256836 0.44422045350074768
v 60.209239959716797 17.115104675292969 0.87879353761672974
v 60.098548889160156 17.031553268432617 1.300731897354126
v 59.946662902832031 16.91612434387207 1.7070006132125854
v 59.735069274902344 16.753761291503906 2.1305601596832275
v 59.484626770019531 16.559179306030273 2.519397497177124
v 59.200183868408203 16.334846496582031 2.8720865249633789
v 58.886524200439453 16.083198547363281 3.1871578693389893
v 58.547187805175781 15.805569648742676 3.4643678665161133
v 58.189868927001953 15.506814002990723 3.700606107711792
v 57.437229156494141 14.853889465332031 4.0526971817016602
v 56.719997406005859 14.197832107543945 4.239293098449707
v 56 13.5 4.3000001907348633
v 55.279998779296875 14.197826385498047 4.239293098449707
v 54.562770843505859 14.8538818359375 4.0526976585388184
v 53.810127258300781 15.506815910339355 3.7006030082702637
v 53.452804565429688 15.805576324462891 3.4643621444702148
v 53.113468170166016 16.083209991455078 3.1871500015258789
v 52.799808502197266 16.334857940673828 2.8720788955688477
v 52.515369415283203 16.55919075012207 2.5193905830383301
v 52.264926910400391 16.75377082824707 2.1305546760559082
v 52.053333282470703 16.916135787963867 1.7069958448410034
v 51.901451110839844 17.031562805175781 1.3007283210754395
v 51.790760040283203 17.115114212036133 0.87879109382629395
v 51.723007202148438 17.166017532348633 0.44421923160552979
v 40.771785736083984 2.5000550746917725 0.78244113922119141
v 41.001911163330078 2.5000514984130859 1.5828073024749756
v 41.400920867919922 2.5000455379486084 2.3530018329620361
v 41.959442138671875 2.5000369548797607 3.0405590534210205
v 42.646999359130859 2.5000264644622803 3.5990808010101318
v 43.417194366455078 2.5000147819519043 3.9980897903442383
v 44.217559814453125 2.5000026226043701 4.2282133102416992
v 45 2.499990701675415 4.3000001907348633
v 45.782440185546875 2.49997878074646 4.2282133102416992
v 46.582805633544922 2.4999663829803467 3.9980897903442383
v 47.353000640869141 2.4999547004699707 3.5990808010101318
v 48.040557861328125 2.4999442100524902 3.0405590534210205
v 48.599079132080078 2.4999358654022217 2.3530018329620361
v 48.998088836669922 2.499929666519165 1.5828073024749756
v 49.228214263916016 2.4999260902404785 0.78244113922119141
v 51.578907012939453 17.074186325073242 0.77240228652954102
v 61.5 25 0
v 61.5 19.25 0
v 61.398689270019531 25 1.0507776737213135
v 61.398689270019531 19.25 1.0507776737213135
v 61.087627410888672 25 2.0895073413848877
v 61.087627410888672 19.25 2.0895073413848877
v 60.564300537109375 25 3.0687406063079834
v 60.564300537109375 19.25 3.0687406063079834
v 59.848369598388672 25 3.9293830394744873
v 59.848369598388672 19.25 3.9293830394744873
v 58.9739990234375 25 4.6265897750854492
v 58.9739990234375 19.25 4.6265897750854492
v 57.998973846435547 25 5.1238765716552734
v 57.998973846435547 19.25 5.1238765716552734
v 56.987957000732422 25 5.4105401039123535
v 56.987957000732422 19.25 5.4105401039123535
v 56 25 5.5
v 56 19.25 5.5
v 54.949222564697266 25 5.3986911773681641
v 54.949222564697266 19.25 5.3986911773681641
v 53.910491943359375 25 5.0876278877258301
v 53.910491943359375 19.25 5.0876278877258301
v 52.931259155273438 25 4.5642995834350586
v 52.931259155273438 19.25 4.5642995834350586
v 52.07061767578125 25 3.848369836807251
v 52.07061767578125 19.25 3.848369836807251
v 51.373409271240234 25 2.9739987850189209
v 51.373409271240234 19.25 2.9739987850189209
v 50.876125335693359 25 1.9989721775054932
v 50.876125335693359 19.25 1.9989721775054932
v 50.589458465576172 25 0.98795562982559204
v 50.589458465576172 19.25 0.98795562982559204
v 50.5 25 0
v 50.5 19.25 0
v 50.601310729980469 25 -1.0507776737213135
v 50.601310729980469 19.25 -1.0507776737213135
v 50.912372589111328 25 -2.0895073413848877
v 50.912372589111328 19.25 -2.0895073413848877
v 51.435699462890625 25 -3.0687406063079834
v 51.435699462890625 19.25 -3.0687406063079834
v 52.151630401611328 25 -3.9293830394744873
v 52.151630401611328 19.25 -3.9293830394744873
v 53.0260009765625 25 -4.6265897750854492
v 53.0260009765625 19.25 -4.6265897750854492
v 54.001026153564453 25 -5.1238765716552734
v 54.001026153564453 19.25 -5.1238765716552734
v 55.012042999267578 25 -5.4105401039123535
v 55.012042999267578 19.25 -5.4105401039123535
v 56 25 -5.5
v 56 19.25 -5.5
v 57.050777435302734 25 -5.3986911773681641
v 57.050777435302734 19.25 -5.3986911773681641
v 58.089508056640625 25 -5.0876278877258301
v 58.089508056640625 19.25 -5.0876278877258301
v 59.068740844726562 25 -4.5642995834350586
v 59.068740844726562 19.25 -4.5642995834350586
v 59.92938232421875 25 -3.848369836807251
v 59.92938232421875 19.25 -3.848369836807251
v 60.626590728759766 25 -2.9739987850189209
v 60.626590728759766 19.25 -2.9739987850189209
v 61.123874664306641 25 -1.9989721775054932
v 61.123874664306641 19.25 -1.9989721775054932
v 61.410541534423828 25 -0.98795562982559204
v 61.410541534423828 19.25 -0.98795562982559204
v 61.5 25 0
v 61.5 19.25 0
v 61.398689270019531 22.125 1.0507776737213135
v 61.475482940673828 19.25 0.51873272657394409
v 61.5 22.125 0
v 61.475482940673828 22.125 0.51873272657394409
v 61.087627410888672 22.125 2.0895073413848877
v 61.270759582519531 19.25 1.5713337659835815
v 61.270759582519531 22.125 1.5713337659835815
v 60.564300537109375 22.125 3.0687406063079834
v 60.852706909179688 19.25 2.5886776447296143
v 60.852706909179688 22.125 2.5886776447296143
v 58.9739990234375 22.125 4.6265897750854492
v 59.427696228027344 19.25 4.3012676239013672
v 59.848369598388672 22.125 3.9293830394744873
v 59.427696228027344 22.125 4.3012676239013672
v 57.998973846435547 22.125 5.1238765716552734
v 58.495029449462891 19.25 4.901512622833252
v 58.495029449462891 22.125 4.901512622833252
v 56.987957000732422 22.125 5.4105401039123535
v 57.494014739990234 19.25 5.2931962013244629
v 57.494014739990234 22.125 5.2931962013244629
v 56 22.125 5.5
v 56.487895965576172 19.25 5.4783167839050293
v 56.487895965576172 22.125 5.4783167839050293
v 54.949222564697266 22.125 5.3986911773681641
v 55.481266021728516 19.25 5.4754834175109863
v 55.481266021728516 22.125 5.4754834175109863
v 53.910491943359375 22.125 5.0876278877258301
v 54.428665161132812 19.25 5.2707600593566895
v 54.428665161132812 22.125 5.2707600593566895
v 52.931259155273438 22.125 4.5642995834350586
v 53.411323547363281 19.25 4.8527050018310547
v 53.411323547363281 22.125 4.8527050018310547
v 51.373409271240234 22.125 2.9739987850189209
v 51.69873046875 19.25 3.4276952743530273
v 52.07061767578125 22.125 3.848369836807251
v 51.69873046875 22.125 3.4276952743530273
v 50.876125335693359 22.125 1.9989721775054932
v 51.098487854003906 19.25 2.4950299263000488
v 51.098487854003906 22.125 2.4950299263000488
v 50.589458465576172 22.125 0.98795562982559204
v 50.706802368164062 19.25 1.4940133094787598
v 50.706802368164062 22.125 1.4940133094787598
v 50.5 22.125 0
v 50.521682739257812 19.25 0.4878966212272644
v 50.521682739257812 22.125 0.4878966212272644
v 50.601310729980469 22.125 -1.0507776737213135
v 50.524517059326172 19.25 -0.51873272657394409
v 50.524517059326172 22.125 -0.51873272657394409
v 50.912372589111328 22.125 -2.0895073413848877
v 50.729240417480469 19.25 -1.5713337659835815
v 50.729240417480469 22.125 -1.5713337659835815
v 51.435699462890625 22.125 -3.0687406063079834
v 51.147293090820312 19.25 -2.5886776447296143
v 51.147293090820312 22.125 -2.5886776447296143
v 53.0260009765625 22.125 -4.6265897750854492
v 52.572303771972656 19.25 -4.3012676239013672
v 52.151630401611328 22.125 -3.9293830394744873
v 52.572303771972656 22.125 -4.3012676239013672
v 54.001026153564453 22.125 -5.1238765716552734
v 53.504970550537109 19.25 -4.901512622833252
v 53.504970550537109 22.125 -4.901512622833252
v 55.012042999267578 22.125 -5.4105401039123535
v 54.505985260009766 19.25 -5.2931962013244629
v 54.505985260009766 22.125 -5.2931962013244629
v 56 22.125 -5.5
v 55.512104034423828 19.25 -5.4783167839050293
v 55.512104034423828 22.125 -5.4783167839050293
v 57.050777435302734 22.125 -5.3986911773681641
v 56.518733978271484 19.25 -5.4754834175109863
v 56.518733978271484 22.125 -5.4754834175109863
v 58.089508056640625 22.125 -5.0876278877258301
v 57.571334838867188 19.25 -5.2707600593566895
v 57.571334838867188 22.125 -5.2707600593566895
v 59.068740844726562 22.125 -4.5642995834350586
v 58.588676452636719 19.25 -4.8527050018310547
v 58.588676452636719 22.125 -4.8527050018310547
v 60.626590728759766 22.125 -2.9739987850189209
v 60.30126953125 19.25 -3.4276952743530273
v 59.92938232421875 22.125 -3.848369836807251
v 60.30126953125 22.125 -3.4276952743530273
v 61.123874664306641 22.125 -1.9989721775054932
v 60.901512145996094 19.25 -2.4950299263000488
v 60.901512145996094 22.125 -2.4950299263000488
v 61.410541534423828 22.125 -0.98795562982559204
v 61.293197631835938 19.25 -1.4940133094787598
v 61.293197631835938 22.125 -1.4940133094787598
v 61.5 22.125 0
v 61.478317260742188 19.25 -0.4878966212272644
v 61.478317260742188 22.125 -0.4878966212272644
v 56 13.5 -5.5
v 55.396530151367188 14.087520599365234 -5.4668030738830566
v 54.782314300537109 14.65644645690918 -5.3636202812194824
v 54.165229797363281 15.202736854553223 -5.185063362121582
v 53.553153991699219 15.722352027893066 -4.925743579864502
v 52.8067626953125 16.329282760620117 -4.4781069755554199
v 52.110912322998047 16.872140884399414 -3.8890872001647949
v 51.461601257324219 17.360811233520508 -3.1069035530090332
v 50.948402404785156 17.735942840576172 -2.1751720905303955
v 50.615642547607422 17.974515914916992 -1.1215097904205322
v 50.5 18.056329727172852 0
v 57.050777435302734 16.375 -5.3986911773681641
v 56 16.375 -5.5
v 56.518733978271484 16.375 -5.4754834175109863
v 55.012042999267578 16.375 -5.4105401039123535
v 55.512104034423828 16.375 -5.4783167839050293
v 54.001026153564453 16.375 -5.1238765716552734
v 54.505985260009766 16.375 -5.2931962013244629
v 61.5 18.056324005126953 0
v 61.384357452392578 17.974510192871094 -1.1215097904205322
v 61.051597595214844 17.735935211181641 -2.1751720905303955
v 60.538398742675781 17.360803604125977 -3.1069033145904541
v 59.889087677001953 16.872133255004883 -3.8890872001647949
v 59.193206787109375 16.329254150390625 -4.4781293869018555
v 58.44677734375 15.722296714782715 -4.9257769584655762
v 57.834716796875 15.202694892883301 -5.1850824356079102
v 57.2176513671875 14.656418800354004 -5.3636288642883301
v 56.60345458984375 14.087507247924805 -5.4668054580688477
v 58.089508056640625 16.375 -5.0876278877258301
v 57.571334838867188 16.375 -5.2707600593566895
v 50.615642547607422 17.974515914916992 1.1215097904205322
v 50.948402404785156 17.735942840576172 2.1751720905303955
v 51.461601257324219 17.360811233520508 3.1069035530090332
v 52.110912322998047 16.872140884399414 3.8890872001647949
v 52.8067626953125 16.329282760620117 4.4781069755554199
v 53.553153991699219 15.722352027893066 4.925743579864502
v 54.165229797363281 15.202736854553223 5.185063362121582
v 54.782314300537109 14.65644645690918 5.3636202812194824
v 55.396530151367188 14.087520599365234 5.4668030738830566
v 56 13.5 5.5
v 53.910491943359375 16.375 5.0876278877258301
v 54.949222564697266 16.375 5.3986911773681641
v 54.428665161132812 16.375 5.2707600593566895
v 56 16.375 5.5
v 55.481266021728516 16.375 5.4754834175109863
v 56.987957000732422 16.375 5.4105401039123535
v 56.487895965576172 16.375 5.4783167839050293
v 56.60345458984375 14.087507247924805 5.4668054580688477
v 57.2176513671875 14.656418800354004 5.3636288642883301
v 57.834716796875 15.202694892883301 5.1850824356079102
v 58.44677734375 15.722296714782715 4.9257769584655762
v 59.193206787109375 16.329254150390625 4.4781293869018555
v 59.889087677001953 16.872133255004883 3.8890872001647949
v 60.538398742675781 17.360803604125977 3.1069033145904541
v 61.051597595214844 17.735935211181641 2.1751720905303955
v 61.384357452392578 17.974510192871094 1.1215097904205322
v 61.5 18.056324005126953 0
v 57.998973846435547 16.375 5.1238765716552734
v 57.494014739990234 16.375 5.2931962013244629
v 72.5 0 0
v 72.398689270019531 0 1.0507776737213135
v 72.087631225585938 0 2.0895073413848877
v 71.564300537109375 0 3.0687406063079834
v 70.848373413085938 0 3.9293830394744873
v 69.9739990234375 0 4.6265897750854492
v 68.998970031738281 0 5.1238765716552734
v 67.987953186035156 0 5.4105401039123535
v 67 0 5.5
v 65.94921875 0 5.3986911773681641
v 64.910491943359375 0 5.0876278877258301
v 63.931259155273438 0 4.5642995834350586
v 63.07061767578125 0 3.848369836807251
v 62.373409271240234 0 2.9739987850189209
v 61.876125335693359 0 1.9989721775054932
v 61.589458465576172 0 0.98795562982559204
v 61.5 0 0
v 61.601310729980469 0 -1.0507776737213135
v 61.912372589111328 0 -2.0895073413848877
v 62.435699462890625 0 -3.0687406063079834
v 63.151630401611328 0 -3.9293830394744873
v 64.0260009765625 0 -4.6265897750854492
v 65.001029968261719 0 -5.1238765716552734
v 66.012046813964844 0 -5.4105401039123535
v 67 0 -5.5
v 68.05078125 0 -5.3986911773681641
v 69.089508056640625 0 -5.0876278877258301
v 70.068740844726562 0 -4.5642995834350586
v 70.92938232421875 0 -3.848369836807251
v 71.6265869140625 0 -2.9739987850189209
v 72.123878479003906 0 -1.9989721775054932
v 72.410537719726562 0 -0.98795562982559204
v 67 0 0
v 67 0 2.8050000667572021
v 69.805000305175781 0 0
v 69.805000305175781 0 2.8050000667572021
v 67 0 -2.8050000667572021
v 69.805000305175781 0 -2.8050000667572021
v 64.194999694824219 0 0
v 64.194999694824219 0 2.8050000667572021
v 64.194999694824219 0 -2.8050000667572021
v 72.5 2.5 0
v 72.5 0 0
v 72.398689270019531 0 1.0507776737213135
v 72.087631225585938 0 2.0895073413848877
v 71.564300537109375 0 3.0687406063079834
v 70.848373413085938 0 3.9293830394744873
v 69.9739990234375 0 4.6265897750854492
v 68.998970031738281 0 5.1238765716552734
v 67.987953186035156 0 5.4105401039123535
v 67 2.5 5.5
v 67 0 5.5
v 65.94921875 0 5.3986911773681641
v 64.910491943359375 0 5.0876278877258301
v 63.931259155273438 0 4.5642995834350586
v 63.07061767578125 0 3.848369836807251
v 62.373409271240234 0 2.9739987850189209
v 61.876125335693359 0 1.9989721775054932
v 61.589458465576172 0 0.98795562982559204
v 61.5 2.5 0
v 61.5 0 0
v 61.601310729980469 0 -1.0507776737213135
v 61.912372589111328 0 -2.0895073413848877
v 62.435699462890625 0 -3.0687406063079834
v 63.151630401611328 0 -3.9293830394744873
v 64.0260009765625 0 -4.6265897750854492
v 65.001029968261719 0 -5.1238765716552734
v 66.012046813964844 0 -5.4105401039123535
v 67 2.5 -5.5
v 67 0 -5.5
v 68.05078125 0 -5.3986911773681641
v 69.089508056640625 0 -5.0876278877258301
v 70.068740844726562 0 -4.5642995834350586
v 70.92938232421875 0 -3.848369836807251
v 71.6265869140625 0 -2.9739987850189209
v 72.123878479003906 0 -1.9989721775054932
v 72.410537719726562 0 -0.98795562982559204
v 72.5 2.5 0
v 72.5 0 0
v 72.408180236816406 2.5 1.0007967948913574
v 72.113838195800781 2.5 2.0245208740234375
v 71.603477478027344 2.5 3.0096535682678223
v 70.889083862304688 2.5 3.8890872001647949
v 70.009651184082031 2.5 4.6034750938415527
v 69.024520874023438 2.5 5.1138358116149902
v 68.00079345703125 2.5 5.408179759979248
v 65.99920654296875 2.5 5.408179759979248
v 64.975479125976562 2.5 5.1138358116149902
v 63.990345001220703 2.5 4.6034750938415527
v 63.110912322998047 2.5 3.8890872001647949
v 62.396526336669922 2.5 3.0096535682678223
v 61.886165618896484 2.5 2.0245208740234375
v 61.591819763183594 2.5 1.0007967948913574
v 61.591819763183594 2.5 -1.0007967948913574
v 61.886165618896484 2.5 -2.0245208740234375
v 62.396526336669922 2.5 -3.0096535682678223
v 63.110912322998047 2.5 -3.8890872001647949
v 63.990345001220703 2.5 -4.6034750938415527
v 64.975479125976562 2.5 -5.1138358116149902
v 65.99920654296875 2.5 -5.408179759979248
v 68.00079345703125 2.5 -5.408179759979248
v 69.024520874023438 2.5 -5.1138358116149902
v 70.009651184082031 2.5 -4.6034750938415527
v 70.889083862304688 2.5 -3.8890872001647949
v 71.603477478027344 2.5 -3.0096535682678223
v 72.113838195800781 2.5 -2.0245208740234375
v 72.408180236816406 2.5 -1.0007967948913574
v 39.5 0 0
v 39.601310729980469 0 -1.0507776737213135
v 39.912372589111328 0 -2.0895073413848877
v 40.435699462890625 0 -3.0687406063079834
v 41.151630401611328 0 -3.9293830394744873
v 42.0260009765625 0 -4.6265897750854492
v 43.001026153564453 0 -5.1238765716552734
v 44.012042999267578 0 -5.4105401039123535
v 45 0 -5.5
v 46.050777435302734 0 -5.3986911773681641
v 47.089508056640625 0 -5.0876278877258301
v 48.068740844726562 0 -4.5642995834350586
v 48.92938232421875 0 -3.848369836807251
v 49.626590728759766 0 -2.9739987850189209
v 50.123874664306641 0 -1.9989721775054932
v 50.410541534423828 0 -0.98795562982559204
v 50.5 0 0
v 50.398689270019531 0 1.0507776737213135
v 50.087627410888672 0 2.0895073413848877
v 49.564300537109375 0 3.0687406063079834
v 48.848369598388672 0 3.9293830394744873
v 47.9739990234375 0 4.6265897750854492
v 46.998973846435547 0 5.1238765716552734
v 45.987957000732422 0 5.4105401039123535
v 45 0 5.5
v 43.949222564697266 0 5.3986911773681641
v 42.910491943359375 0 5.0876278877258301
v 41.931259155273438 0 4.5642995834350586
v 41.07061767578125 0 3.848369836807251
v 40.373409271240234 0 2.9739987850189209
v 39.876125335693359 0 1.9989721775054932
v 39.589458465576172 0 0.98795562982559204
v 45 0 0
v 45 0 2.8050000667572021
v 42.194999694824219 0 0
v 42.194999694824219 0 2.8050000667572021
v 45 0 -2.8050000667572021
v 42.194999694824219 0 -2.8050000667572021
v 47.805000305175781 0 0
v 47.805000305175781 0 -2.8050000667572021
v 47.805000305175781 0 2.8050000667572021
v 39.5 2.5 0
v 39.5 0 0
v 39.601310729980469 0 -1.0507776737213135
v 39.912372589111328 0 -2.0895073413848877
v 40.435699462890625 0 -3.0687406063079834
v 41.151630401611328 0 -3.9293830394744873
v 42.0260009765625 0 -4.6265897750854492
v 43.001026153564453 0 -5.1238765716552734
v 44.012042999267578 0 -5.4105401039123535
v 45 2.5 -5.5
v 45 0 -5.5
v 46.050777435302734 0 -5.3986911773681641
v 47.089508056640625 0 -5.0876278877258301
v 48.068740844726562 0 -4.5642995834350586
v 48.92938232421875 0 -3.848369836807251
v 49.626590728759766 0 -2.9739987850189209
v 50.123874664306641 0 -1.9989721775054932
v 50.410541534423828 0 -0.98795562982559204
v 50.5 2.5 0
v 50.5 0 0
v 50.398689270019531 0 1.0507776737213135
v 50.087627410888672 0 2.0895073413848877
v 49.564300537109375 0 3.0687406063079834
v 48.848369598388672 0 3.9293830394744873
v 47.9739990234375 0 4.6265897750854492
v 46.998973846435547 0 5.1238765716552734
v 45.987957000732422 0 5.4105401039123535
v 45 2.5 5.5
v 45 0 5.5
v 43.949222564697266 0 5.3986911773681641
v 42.910491943359375 0 5.0876278877258301
v 41.931259155273438 0 4.5642995834350586
v 41.07061767578125 0 3.848369836807251
v 40.373409271240234 0 2.9739987850189209
v 39.876125335693359 0 1.9989721775054932
v 39.589458465576172 0 0.98795562982559204
v 39.5 2.5 0
v 39.5 0 0
v 39.591819763183594 2.5 -1.0007967948913574
v 39.886165618896484 2.5 -2.0245208740234375
v 40.396526336669922 2.5 -3.0096535682678223
v 41.110912322998047 2.5 -3.8890872001647949
v 41.990345001220703 2.5 -4.6034750938415527
v 42.975479125976562 2.5 -5.1138358116149902
v 43.999202728271484 2.5 -5.408179759979248
v 46.000797271728516 2.5 -5.408179759979248
v 47.024520874023438 2.5 -5.1138358116149902
v 48.009654998779297 2.5 -4.6034750938415527
v 48.889087677001953 2.5 -3.8890872001647949
v 49.603473663330078 2.5 -3.0096535682678223
v 50.113834381103516 2.5 -2.0245208740234375
v 50.408180236816406 2.5 -1.0007967948913574
v 50.408180236816406 2.5 1.0007967948913574
v 50.113834381103516 2.5 2.0245208740234375
v 49.603473663330078 2.5 3.0096535682678223
v 48.889087677001953 2.5 3.8890872001647949
v 48.009654998779297 2.5 4.6034750938415527
v 47.024520874023438 2.5 5.1138358116149902
v 46.000797271728516 2.5 5.408179759979248
v 43.999202728271484 2.5 5.408179759979248
v 42.975479125976562 2.5 5.1138358116149902
v 41.990345001220703 2.5 4.6034750938415527
v 41.110912322998047 2.5 3.8890872001647949
v 40.396526336669922 2.5 3.0096535682678223
v 39.886165618896484 2.5 2.0245208740234375
v 39.591819763183594 2.5 1.0007967948913574
v 72.5 2.5 0
v 72.4205322265625 4.1172709465026855 0
v 72.188491821289062 5.6910319328308105 0
v 71.789459228515625 7.2896780967712402 0
v 71.266761779785156 8.759063720703125 0
v 70.5516357421875 10.278010368347168 0
v 69.69757080078125 11.699263572692871 0
v 68.754615783691406 12.967441558837891 0
v 67.667274475097656 14.167245864868164 0
v 66.467437744140625 15.254610061645508 0
v 65.166908264160156 16.219247817993164 0
v 63.77801513671875 17.051641464233398 0
v 62.314273834228516 17.744007110595703 0
v 49.740936279296875 17.766759872436523 0
v 48.22198486328125 17.051633834838867 0
v 46.800735473632812 16.19757080078125 0
v 45.532554626464844 15.254611015319824 0
v 44.332752227783203 14.167277336120605 0
v 43.245388031005859 12.967432022094727 0
v 42.280750274658203 11.666901588439941 0
v 41.448356628417969 10.27801513671875 0
v 40.755989074707031 8.8142728805541992 0
v 40.210552215576172 7.2896652221679688 0
v 39.817047119140625 5.7189736366271973 0
v 39.579463958740234 4.1172981262207031 0
v 39.5 2.5 0
v 72.319717407226562 4.1073408126831055 -1.0507776737213135
v 72.089088439941406 5.6714391708374023 -1.0507776737213135
v 71.692512512207031 7.2602696418762207 -1.0507776737213135
v 71.173027038574219 8.7206335067749023 -1.0507776737213135
v 70.462287902832031 10.230254173278809 -1.0507776737213135
v 69.61346435546875 11.642781257629395 -1.0507776737213135
v 68.676300048828125 12.903172492980957 -1.0507776737213135
v 67.59564208984375 14.095610618591309 -1.0507776737213135
v 66.403167724609375 15.176297187805176 -1.0507776737213135
v 65.110618591308594 16.135011672973633 -1.0507776737213135
v 63.730258941650391 16.962295532226562 -1.0507776737213135
v 62.275505065917969 17.650409698486328 -1.0507776737213135
v 49.779365539550781 17.673023223876953 -1.0507776737213135
v 48.269741058349609 16.962287902832031 -1.0507776737213135
v 46.857219696044922 16.113468170166016 -1.0507776737213135
v 45.596824645996094 15.176299095153809 -1.0507776737213135
v 44.404388427734375 14.095641136169434 -1.0507776737213135
v 43.323699951171875 12.903162956237793 -1.0507776737213135
v 42.364986419677734 11.610617637634277 -1.0507776737213135
v 41.537700653076172 10.230258941650391 -1.0507776737213135
v 40.849586486816406 8.7755031585693359 -1.0507776737213135
v 40.3074951171875 7.2602567672729492 -1.0507776737213135
v 39.916408538818359 5.6992096900939941 -1.0507776737213135
v 39.680282592773438 4.107367992401123 -1.0507776737213135
v 72.010147094726562 4.0768513679504395 -2.0895073413848877
v 71.783905029296875 5.6112809181213379 -2.0895073413848877
v 71.394844055175781 7.1699733734130859 -2.0895073413848877
v 70.885208129882812 8.602635383605957 -2.0895073413848877
v 70.187957763671875 10.083621025085449 -2.0895073413848877
v 69.355239868164062 11.469353675842285 -2.0895073413848877
v 68.435844421386719 12.705837249755859 -2.0895073413848877
v 67.375686645507812 13.875656127929688 -2.0895073413848877
v 66.205833435058594 14.935843467712402 -2.0895073413848877
v 64.93780517578125 15.876372337341309 -2.0895073413848877
v 63.583625793457031 16.687963485717773 -2.0895073413848877
v 62.156467437744141 17.363025665283203 -2.0895073413848877
v 49.897361755371094 17.385210037231445 -2.0895073413848877
v 48.416374206542969 16.687955856323242 -2.0895073413848877
v 47.030647277832031 15.855237007141113 -2.0895073413848877
v 45.794158935546875 14.935845375061035 -2.0895073413848877
v 44.624343872070312 13.875685691833496 -2.0895073413848877
v 43.564155578613281 12.705827713012695 -2.0895073413848877
v 42.623626708984375 11.437800407409668 -2.0895073413848877
v 41.812034606933594 10.083625793457031 -2.0895073413848877
v 41.136974334716797 8.6564645767211914 -2.0895073413848877
v 40.60516357421875 7.1699604988098145 -2.0895073413848877
v 40.22149658203125 5.6385245323181152 -2.0895073413848877
v 39.989849090576172 4.076878547668457 -2.0895073413848877
v 71.489341735839844 4.0255565643310547 -3.0687406063079834
v 71.270454406738281 5.5100712776184082 -3.0687406063079834
v 70.894050598144531 7.0180597305297852 -3.0687406063079834
v 70.400993347167969 8.4041175842285156 -3.0687406063079834
v 69.726425170898438 9.8369264602661133 -3.0687406063079834
v 68.920791625976562 11.177581787109375 -3.0687406063079834
v 68.03131103515625 12.373842239379883 -3.0687406063079834
v 67.005638122558594 13.505607604980469 -3.0687406063079834
v 65.87384033203125 14.531307220458984 -3.0687406063079834
v 64.647056579589844 15.441241264343262 -3.0687406063079834
v 63.336933135986328 16.226430892944336 -3.0687406063079834
v 61.956195831298828 16.879533767700195 -3.0687406063079834
v 50.095882415771484 16.900995254516602 -3.0687406063079834
v 48.663070678710938 16.226423263549805 -3.0687406063079834
v 47.322418212890625 15.420793533325195 -3.0687406063079834
v 46.126155853271484 14.531308174133301 -3.0687406063079834
v 44.994392395019531 13.505636215209961 -3.0687406063079834
v 43.968692779541016 12.373833656311035 -3.0687406063079834
v 43.058757781982422 11.147054672241211 -3.0687406063079834
v 42.273567199707031 9.8369312286376953 -3.0687406063079834
v 41.620464324951172 8.4561958312988281 -3.0687406063079834
v 41.10595703125 7.0180473327636719 -3.0687406063079834
v 40.734767913818359 5.5364284515380859 -3.0687406063079834
v 40.510658264160156 4.0255827903747559 -3.0687406063079834
v 70.77685546875 3.9553837776184082 -3.9293830394744873
v 70.568038940429688 5.3716135025024414 -3.9293830394744873
v 70.208953857421875 6.810236930847168 -3.9293830394744873
v 69.738578796386719 8.1325387954711914 -3.9293830394744873
v 69.09503173828125 9.4994411468505859 -3.9293830394744873
v 68.326461791992188 10.77842903137207 -3.9293830394744873
v 67.477890014648438 11.919663429260254 -3.9293830394744873
v 66.499397277832031 12.999368667602539 -3.9293830394744873
v 65.419654846191406 13.977888107299805 -3.9293830394744873
v 64.249305725097656 14.845967292785645 -3.9293830394744873
v 62.999446868896484 15.595039367675781 -3.9293830394744873
v 61.682224273681641 16.218099594116211 -3.9293830394744873
v 60.310234069824219 16.708950042724609 -3.9293830394744873
v 51.689762115478516 16.708957672119141 -3.9293830394744873
v 50.367462158203125 16.238574981689453 -3.9293830394744873
v 49.000556945800781 15.595032691955566 -3.9293830394744873
v 47.721572875976562 14.826459884643555 -3.9293830394744873
v 46.580333709716797 13.977890014648438 -3.9293830394744873
v 45.500629425048828 12.999397277832031 -3.9293830394744873
v 44.522109985351562 11.919654846191406 -3.9293830394744873
v 43.654029846191406 10.749305725097656 -3.9293830394744873
v 42.904956817626953 9.499445915222168 -3.9293830394744873
v 42.281898498535156 8.1822214126586914 -3.9293830394744873
v 41.791057586669922 6.8102254867553711 -3.9293830394744873
v 41.436943054199219 5.3967585563659668 -3.9293830394744873
v 41.223136901855469 3.9554085731506348 -3.9293830394744873
v 69.906700134277344 3.8696811199188232 -4.6265897750854492
v 69.710174560546875 5.2025136947631836 -4.6265897750854492
v 69.372238159179688 6.5564212799072266 -4.6265897750854492
v 68.929557800292969 7.8008575439453125 -4.6265897750854492
v 68.32391357421875 9.0872669219970703 -4.6265897750854492
v 67.600593566894531 10.290939331054688 -4.6265897750854492
v 66.801994323730469 11.364971160888672 -4.6265897750854492
v 65.881118774414062 12.381095886230469 -4.6265897750854492
v 64.864967346191406 13.301993370056152 -4.6265897750854492
v 63.763534545898438 14.118954658508301 -4.6265897750854492
v 62.587272644042969 14.823916435241699 -4.6265897750854492
v 61.347614288330078 15.410286903381348 -4.6265897750854492
v 60.056419372558594 15.872233390808105 -4.6265897750854492
v 51.943576812744141 15.87224006652832 -4.6265897750854492
v 50.699142456054688 15.429556846618652 -4.6265897750854492
v 49.412731170654297 14.823909759521484 -4.6265897750854492
v 48.209060668945312 14.100595474243164 -4.6265897750854492
v 47.135028839111328 13.301995277404785 -4.6265897750854492
v 46.118904113769531 12.381122589111328 -4.6265897750854492
v 45.198005676269531 11.364962577819824 -4.6265897750854492
v 44.38104248046875 10.263531684875488 -4.6265897750854492
v 43.676078796386719 9.0872716903686523 -4.6265897750854492
v 43.089710235595703 7.8476142883300781 -4.6265897750854492
v 42.627773284912109 6.5564103126525879 -4.6265897750854492
v 42.294513702392578 5.2261776924133301 -4.6265897750854492
v 42.093299865722656 3.8697044849395752 -4.6265897750854492
v 68.936370849609375 3.7741124629974365 -5.1238765716552734
v 68.753555297851562 5.0139474868774414 -5.1238765716552734
v 68.439193725585938 6.2733874320983887 -5.1238765716552734
v 68.02740478515625 7.4309935569763184 -5.1238765716552734
v 67.464019775390625 8.6276454925537109 -5.1238765716552734
v 66.791168212890625 9.7473316192626953 -5.1238765716552734
v 66.048294067382812 10.746423721313477 -5.1238765716552734
v 65.191673278808594 11.691649436950684 -5.1238765716552734
v 64.246421813964844 12.54829216003418 -5.1238765716552734
v 63.221839904785156 13.308249473571777 -5.1238765716552734
v 62.127651214599609 13.964022636413574 -5.1238765716552734
v 60.974491119384766 14.509480476379395 -5.1238765716552734
v 59.773384094238281 14.939194679260254 -5.1238765716552734
v 58.535968780517578 15.249197959899902 -5.1238765716552734
v 53.486053466796875 15.253560066223145 -5.1238765716552734
v 52.226612091064453 14.939201354980469 -5.1238765716552734
v 51.069004058837891 14.52740478515625 -5.1238765716552734
v 49.872352600097656 13.964016914367676 -5.1238765716552734
v 48.752666473388672 13.291172027587891 -5.1238765716552734
v 47.753574371337891 12.548293113708496 -5.1238765716552734
v 46.808349609375 11.691673278808594 -5.1238765716552734
v 45.951705932617188 10.746416091918945 -5.1238765716552734
v 45.191749572753906 9.7218360900878906 -5.1238765716552734
v 44.535972595214844 8.6276493072509766 -5.1238765716552734
v 43.990516662597656 7.4744882583618164 -5.1238765716552734
v 43.560810089111328 6.2733769416809082 -5.1238765716552734
v 43.250804901123047 5.0359606742858887 -5.1238765716552734
v 43.063629150390625 3.7741341590881348 -5.1238765716552734
v 67.930221557617188 3.6750164031982422 -5.4105401039123535
v 67.761627197265625 4.8184208869934082 -5.4105401039123535
v 67.471717834472656 5.9799060821533203 -5.4105401039123535
v 67.091957092285156 7.0474772453308105 -5.4105401039123535
v 66.5723876953125 8.151057243347168 -5.4105401039123535
v 65.951873779296875 9.1836585998535156 -5.4105401039123535
v 65.266769409179688 10.105044364929199 -5.4105401039123535
v 64.476776123046875 10.976753234863281 -5.4105401039123535
v 63.60504150390625 11.766769409179688 -5.4105401039123535
v 62.660148620605469 12.467619895935059 -5.4105401039123535
v 61.65106201171875 13.072389602661133 -5.4105401039123535
v 60.587589263916016 13.575423240661621 -5.4105401039123535
v 59.479904174804688 13.971715927124023 -5.4105401039123535
v 58.338729858398438 14.257607460021973 -5.4105401039123535
v 53.68157958984375 14.261631011962891 -5.4105401039123535
v 52.520092010498047 13.971721649169922 -5.4105401039123535
v 51.452522277832031 13.591954231262207 -5.4105401039123535
v 50.348941802978516 13.072383880615234 -5.4105401039123535
v 49.316341400146484 12.451870918273926 -5.4105401039123535
v 48.394954681396484 11.766770362854004 -5.4105401039123535
v 47.523246765136719 10.976776123046875 -5.4105401039123535
v 46.733230590820312 10.105037689208984 -5.4105401039123535
v 46.032379150390625 9.1601457595825195 -5.4105401039123535
v 45.427608489990234 8.1510610580444336 -5.4105401039123535
v 44.924575805664062 7.0875887870788574 -5.4105401039123535
v 44.528289794921875 5.9798965454101562 -5.4105401039123535
v 44.242393493652344 4.8387222290039062 -5.4105401039123535
v 44.069778442382812 3.6750364303588867 -5.4105401039123535
v 67 2.5 -5.5
v 66.947021484375 3.5781805515289307 -5.5
v 66.792327880859375 4.627354621887207 -5.5
v 66.52630615234375 5.6931185722351074 -5.5
v 66.177841186523438 6.6727089881896973 -5.5
v 65.701087951660156 7.685340404510498 -5.5
v 65.1317138671875 8.632843017578125 -5.5
v 64.503074645996094 9.4782943725585938 -5.5
v 63.778186798095703 10.278163909912109 -5.5
v 62.978290557861328 11.003072738647461 -5.5
v 62.111270904541016 11.646164894104004 -5.5
v 61.185344696044922 12.201093673706055 -5.5
v 60.209514617919922 12.662671089172363 -5.5
v 59.193115234375 13.026304244995117 -5.5
v 58.145988464355469 13.28863525390625 -5.5
v 57.07818603515625 13.447005271911621 -5.5
v 54.921810150146484 13.446998596191406 -5.5
v 53.872646331787109 13.292326927185059 -5.5
v 52.806880950927734 13.026309967041016 -5.5
v 51.827289581298828 12.677840232849121 -5.5
v 50.814659118652344 12.201088905334473 -5.5
v 49.867156982421875 11.6317138671875 -5.5
v 49.021701812744141 11.003073692321777 -5.5
v 48.221836090087891 10.27818489074707 -5.5
v 47.496925354003906 9.4782886505126953 -5.5
v 46.853832244873047 8.6112680435180664 -5.5
v 46.298904418945312 7.6853437423706055 -5.5
v 45.837326049804688 6.7095150947570801 -5.5
v 45.473701477050781 5.6931099891662598 -5.5
v 45.21136474609375 4.6459827423095703 -5.5
v 45.052974700927734 3.5781989097595215 -5.5
v 45 2.5 -5.5
v 65.90130615234375 3.4751870632171631 -5.3986911773681641
v 65.761383056640625 4.4241385459899902 -5.3986911773681641
v 65.520774841308594 5.3880953788757324 -5.3986911773681641
v 65.205596923828125 6.2741098403930664 -5.3986911773681641
v 64.774391174316406 7.190009593963623 -5.3986911773681641
v 64.259407043457031 8.0470008850097656 -5.3986911773681641
v 63.690818786621094 8.8116912841796875 -5.3986911773681641
v 63.035171508789062 9.5351533889770508 -5.3986911773681641
v 62.311687469482422 10.190814971923828 -5.3986911773681641
v 61.527488708496094 10.772475242614746 -5.3986911773681641
v 60.690013885498047 11.274394989013672 -5.3986911773681641
v 59.807399749755859 11.691880226135254 -5.3986911773681641
v 58.888092041015625 12.020776748657227 -5.3986911773681641
v 57.940990447998047 12.258048057556152 -5.3986911773681641
v 56.975193023681641 12.401289939880371 -5.3986911773681641
v 56 12.449222564697266 -5.3986911773681641
v 55.024806976318359 12.401284217834473 -5.3986911773681641
v 54.075862884521484 12.261387825012207 -5.3986911773681641
v 53.111904144287109 12.020781517028809 -5.3986911773681641
v 52.22589111328125 11.705598831176758 -5.3986911773681641
v 51.309989929199219 11.27439022064209 -5.3986911773681641
v 50.452999114990234 10.759404182434082 -5.3986911773681641
v 49.688308715820312 10.190815925598145 -5.3986911773681641
v 48.964847564697266 9.5351715087890625 -5.3986911773681641
v 48.309185028076172 8.8116855621337891 -5.3986911773681641
v 47.727523803710938 8.0274877548217773 -5.3986911773681641
v 47.225601196289062 7.1900124549865723 -5.3986911773681641
v 46.808120727539062 6.3074002265930176 -5.3986911773681641
v 46.479228973388672 5.388087272644043 -5.3986911773681641
v 46.241950988769531 4.4409871101379395 -5.3986911773681641
v 46.09869384765625 3.4752037525177002 -5.3986911773681641
v 64.867576599121094 3.3733744621276855 -5.0876278877258301
v 64.742263793945312 4.2232522964477539 -5.0876278877258301
v 64.526779174804688 5.0865693092346191 -5.0876278877258301
v 64.2445068359375 5.8800811767578125 -5.0876278877258301
v 63.858318328857422 6.7003579139709473 -5.0876278877258301
v 63.397098541259766 7.4678773880004883 -5.0876278877258301
v 62.887870788574219 8.1527309417724609 -5.0876278877258301
v 62.300678253173828 8.8006610870361328 -5.0876278877258301
v 61.652729034423828 9.3878698348999023 -5.0876278877258301
v 60.950401306152344 9.9088029861450195 -5.0876278877258301
v 60.200359344482422 10.358321189880371 -5.0876278877258301
v 59.409896850585938 10.732218742370605 -5.0876278877258301
v 58.586566925048828 11.026778221130371 -5.0876278877258301
v 57.738346099853516 11.239277839660645 -5.0876278877258301
v 56.873378753662109 11.367565155029297 -5.0876278877258301
v 56 11.410492897033691 -5.0876278877258301
v 55.126617431640625 11.367559432983398 -5.0876278877258301
v 54.276748657226562 11.242268562316895 -5.0876278877258301
v 53.413429260253906 11.026782035827637 -5.0876278877258301
v 52.619918823242188 10.744505882263184 -5.0876278877258301
v 51.799640655517578 10.358316421508789 -5.0876278877258301
v 51.032123565673828 9.8970966339111328 -5.0876278877258301
v 50.347267150878906 9.3878707885742188 -5.0876278877258301
v 49.699337005615234 8.8006782531738281 -5.0876278877258301
v 49.112129211425781 8.1527261734008789 -5.0876278877258301
v 48.591194152832031 7.4504003524780273 -5.0876278877258301
v 48.141677856445312 6.7003607749938965 -5.0876278877258301
v 47.767780303955078 5.9098958969116211 -5.0876278877258301
v 47.473224639892578 5.0865621566772461 -5.0876278877258301
v 47.260723114013672 4.2383418083190918 -5.0876278877258301
v 47.132419586181641 3.3733892440795898 -5.0876278877258301
v 63.893062591552734 3.2773935794830322 -4.5642995834350586
v 63.781520843505859 4.0338726043701172 -4.5642995834350586
v 63.589714050292969 4.8023138046264648 -4.5642995834350586
v 63.338462829589844 5.5086216926574707 -4.5642995834350586
v 62.994716644287109 6.2387528419494629 -4.5642995834350586
v 62.584178924560547 6.9219241142272949 -4.5642995834350586
v 62.130916595458984 7.5315151214599609 -4.5642995834350586
v 61.608253479003906 8.1082401275634766 -4.5642995834350586
v 61.031513214111328 8.6309165954589844 -4.5642995834350586
v 60.406368255615234 9.0946006774902344 -4.5642995834350586
v 59.738754272460938 9.4947175979614258 -4.5642995834350586
v 59.035160064697266 9.8275260925292969 -4.5642995834350586
v 58.302310943603516 10.089714050292969 -4.5642995834350586
v 57.547309875488281 10.278861045837402 -4.5642995834350586
v 56.777397155761719 10.393049240112305 -4.5642995834350586
v 56 10.431259155273438 -4.5642995834350586
v 55.222599029541016 10.393044471740723 -4.5642995834350586
v 54.466129302978516 10.281522750854492 -4.5642995834350586
v 53.697685241699219 10.089717864990234 -4.5642995834350586
v 52.991378784179688 9.8384628295898438 -4.5642995834350586
v 52.261245727539062 9.4947137832641602 -4.5642995834350586
v 51.578075408935547 9.0841808319091797 -4.5642995834350586
v 50.968482971191406 8.6309165954589844 -4.5642995834350586
v 50.391761779785156 8.1082544326782227 -4.5642995834350586
v 49.869083404541016 7.5315103530883789 -4.5642995834350586
v 49.405399322509766 6.9063682556152344 -4.5642995834350586
v 49.005279541015625 6.2387552261352539 -4.5642995834350586
v 48.672473907470703 5.5351595878601074 -4.5642995834350586
v 48.410289764404297 4.8023076057434082 -4.5642995834350586
v 48.221141815185547 4.0473041534423828 -4.5642995834350586
v 48.106937408447266 3.2774066925048828 -4.5642995834350586
v 63.036563873291016 3.1930365562438965 -3.848369836807251
v 62.937126159667969 3.8674280643463135 -3.848369836807251
v 62.766132354736328 4.5524835586547852 -3.848369836807251
v 62.542144775390625 5.1821479797363281 -3.848369836807251
v 62.235698699951172 5.8330507278442383 -3.848369836807251
v 61.869712829589844 6.4420890808105469 -3.848369836807251
v 61.46563720703125 6.9855318069458008 -3.848369836807251
v 60.999687194824219 7.4996747970581055 -3.848369836807251
v 60.485530853271484 7.9656338691711426 -3.848369836807251
v 59.92822265625 8.379002571105957 -3.848369836807251
v 59.333053588867188 8.7357015609741211 -3.848369836807251
v 58.705806732177734 9.0323963165283203 -3.848369836807251
v 58.052482604980469 9.2661333084106445 -3.848369836807251
v 57.379405975341797 9.4347553253173828 -3.848369836807251
v 56.693038940429688 9.5365533828735352 -3.848369836807251
v 56 9.5706167221069336 -3.848369836807251
v 55.306957244873047 9.5365486145019531 -3.848369836807251
v 54.632572174072266 9.4371280670166016 -3.848369836807251
v 53.947517395019531 9.2661371231079102 -3.848369836807251
v 53.317852020263672 9.0421457290649414 -3.848369836807251
v 52.666946411132812 8.7356986999511719 -3.848369836807251
v 52.057910919189453 8.3697137832641602 -3.848369836807251
v 51.51446533203125 7.965634822845459 -3.848369836807251
v 51.000324249267578 7.4996881484985352 -3.848369836807251
v 50.534366607666016 6.985527515411377 -3.848369836807251
v 50.120998382568359 6.4282212257385254 -3.848369836807251
v 49.764297485351562 5.8330526351928711 -3.848369836807251
v 49.467601776123047 5.2058062553405762 -3.848369836807251
v 49.233871459960938 4.5524778366088867 -3.848369836807251
v 49.06524658203125 3.8794019222259521 -3.848369836807251
v 48.963436126708984 3.1930482387542725 -3.848369836807251
v 62.342716217041016 3.1246988773345947 -2.9739987850189209
v 62.253082275390625 3.7325911521911621 -2.9739987850189209
v 62.098953247070312 4.3500957489013672 -2.9739987850189209
v 61.897048950195312 4.9176716804504395 -2.9739987850189209
v 61.620822906494141 5.5043911933898926 -2.9739987850189209
v 61.290924072265625 6.0533747673034668 -2.9739987850189209
v 60.926689147949219 6.5432305335998535 -2.9739987850189209
v 60.506687164306641 7.0066757202148438 -2.9739987850189209
v 60.043228149414062 7.4266886711120605 -2.9739987850189209
v 59.540874481201172 7.7992963790893555 -2.9739987850189209
v 59.00439453125 8.1208229064941406 -2.9739987850189209
v 58.438999176025391 8.3882617950439453 -2.9739987850189209
v 57.850093841552734 8.5989503860473633 -2.9739987850189209
v 57.243389129638672 8.7509450912475586 -2.9739987850189209
v 56.624702453613281 8.8427047729492188 -2.9739987850189209
v 56 8.8734102249145508 -2.9739987850189209
v 55.375297546386719 8.8427009582519531 -2.9739987850189209
v 54.767410278320312 8.7530841827392578 -2.9739987850189209
v 54.14990234375 8.5989542007446289 -2.9739987850189209
v 53.582328796386719 8.3970499038696289 -2.9739987850189209
v 52.995609283447266 8.1208200454711914 -2.9739987850189209
v 52.446624755859375 7.7909231185913086 -2.9739987850189209
v 51.956768035888672 7.4266891479492188 -2.9739987850189209
v 51.493324279785156 7.0066876411437988 -2.9739987850189209
v 51.073310852050781 6.5432267189025879 -2.9739987850189209
v 50.700702667236328 6.0408740043640137 -2.9739987850189209
v 50.379177093505859 5.5043931007385254 -2.9739987850189209
v 50.111736297607422 4.9389967918395996 -2.9739987850189209
v 49.901050567626953 4.3500909805297852 -2.9739987850189209
v 49.749053955078125 3.7433843612670898 -2.9739987850189209
v 49.657283782958984 3.1247093677520752 -2.9739987850189209
v 61.847824096679688 3.0759565830230713 -1.9989721775054932
v 61.765186309814453 3.6364181041717529 -1.9989721775054932
v 61.623077392578125 4.2057418823242188 -1.9989721775054932
v 61.436931610107422 4.729032039642334 -1.9989721775054932
v 61.182254791259766 5.2699728012084961 -1.9989721775054932
v 60.878097534179688 5.7761220932006836 -1.9989721775054932
v 60.542282104492188 6.2277565002441406 -1.9989721775054932
v 60.155052185058594 6.6550412178039551 -1.9989721775054932
v 59.727752685546875 7.0422825813293457 -1.9989721775054932
v 59.264598846435547 7.3858175277709961 -1.9989721775054932
v 58.769973754882812 7.6822571754455566 -1.9989721775054932
v 58.248695373535156 7.928828239440918 -1.9989721775054932
v 57.705741882324219 8.1230783462524414 -1.9989721775054932
v 57.146373748779297 8.263214111328125 -1.9989721775054932
v 56.575958251953125 8.3478145599365234 -1.9989721775054932
v 56 8.3761234283447266 -1.9989721775054932
v 55.424037933349609 8.3478107452392578 -1.9989721775054932
v 54.863582611083984 8.2651863098144531 -1.9989721775054932
v 54.294258117675781 8.1230812072753906 -1.9989721775054932
v 53.770969390869141 7.9369311332702637 -1.9989721775054932
v 53.230026245117188 7.6822543144226074 -1.9989721775054932
v 52.723876953125 7.3780980110168457 -1.9989721775054932
v 52.272243499755859 7.0422830581665039 -1.9989721775054932
v 51.844959259033203 6.6550521850585938 -1.9989721775054932
v 51.457717895507812 6.2277531623840332 -1.9989721775054932
v 51.114181518554688 5.7645969390869141 -1.9989721775054932
v 50.817741394042969 5.2699747085571289 -1.9989721775054932
v 50.571170806884766 4.7486934661865234 -1.9989721775054932
v 50.376922607421875 4.2057371139526367 -1.9989721775054932
v 50.236785888671875 3.6463689804077148 -1.9989721775054932
v 50.152175903320312 3.0759663581848145 -1.9989721775054932
v 61.562541961669922 3.047858715057373 -0.98795562982559204
v 61.483932495117188 3.5809783935546875 -0.98795562982559204
v 61.348758697509766 4.122528076171875 -0.98795562982559204
v 61.17169189453125 4.6202898025512695 -0.98795562982559204
v 60.929443359375 5.1348409652709961 -0.98795562982559204
v 60.640121459960938 5.6162981986999512 -0.98795562982559204
v 60.320690155029297 6.0458998680114746 -0.98795562982559204
v 59.952350616455078 6.4523396492004395 -0.98795562982559204
v 59.5458984375 6.8206896781921387 -0.98795562982559204
v 59.105335235595703 7.147465705871582 -0.98795562982559204
v 58.634841918945312 7.429443359375 -0.98795562982559204
v 58.138992309570312 7.6639857292175293 -0.98795562982559204
v 57.622528076171875 7.848759651184082 -0.98795562982559204
v 57.090446472167969 7.9820585250854492 -0.98795562982559204
v 56.547863006591797 8.0625314712524414 -0.98795562982559204
v 56 8.0894603729248047 -0.98795562982559204
v 55.452136993408203 8.0625286102294922 -0.98795562982559204
v 54.919021606445312 7.9839348793029785 -0.98795562982559204
v 54.377471923828125 7.8487625122070312 -0.98795562982559204
v 53.879711151123047 7.6716933250427246 -0.98795562982559204
v 53.365158081054688 7.4294404983520508 -0.98795562982559204
v 52.883701324462891 7.1401224136352539 -0.98795562982559204
v 52.454097747802734 6.8206901550292969 -0.98795562982559204
v 52.047660827636719 6.4523501396179199 -0.98795562982559204
v 51.679309844970703 6.0458965301513672 -0.98795562982559204
v 51.352535247802734 5.6053352355957031 -0.98795562982559204
v 51.070556640625 5.1348428726196289 -0.98795562982559204
v 50.836013793945312 4.6389923095703125 -0.98795562982559204
v 50.651241302490234 4.1225237846374512 -0.98795562982559204
v 50.517940521240234 3.5904438495635986 -0.98795562982559204
v 50.437458038330078 3.047868013381958 -0.98795562982559204
v 61.5 2.5 0
v 61.4735107421875 3.0390901565551758 0
v 61.396163940429688 3.5636773109436035 0
v 61.263153076171875 4.0965595245361328 0
v 61.088920593261719 4.5863547325134277 0
v 60.850543975830078 5.0926704406738281 0
v 60.56585693359375 5.5664215087890625 0
v 60.251537322998047 5.9891471862792969 0
v 59.889091491699219 6.3890819549560547 0
v 59.489147186279297 6.7515363693237305 0
v 59.055633544921875 7.073082447052002 0
v 58.592670440673828 7.3505468368530273 0
v 58.104759216308594 7.5813355445861816 0
v 57.5965576171875 7.7631521224975586 0
v 57.072994232177734 7.894317626953125 0
v 56.539093017578125 7.9735026359558105 0
v 56 8 0
v 55.460906982421875 7.9734992980957031 0
v 54.936325073242188 7.8961634635925293 0
v 54.403438568115234 7.7631549835205078 0
v 53.913646697998047 7.5889201164245605 0
v 53.407329559326172 7.3505444526672363 0
v 52.933578491210938 7.06585693359375 0
v 52.510852813720703 6.7515368461608887 0
v 52.110916137695312 6.3890924453735352 0
v 51.748462677001953 5.9891443252563477 0
v 51.426918029785156 5.5556340217590332 0
v 51.149452209472656 5.0926718711853027 0
v 50.918663024902344 4.6047573089599609 0
v 50.736850738525391 4.096555233001709 0
v 50.605682373046875 3.5729913711547852 0
v 50.5264892578125 3.0390994548797607 0
v 50.5 2.5 0
v 61.574333190917969 3.0490202903747559 1.0507776737213135
v 61.495559692382812 3.5832700729370117 1.0507776737213135
v 61.360099792480469 4.1259675025939941 1.0507776737213135
v 61.182655334472656 4.6247849464416504 1.0507776737213135
v 60.939891815185547 5.1404266357421875 1.0507776737213135
v 60.649959564208984 5.6229043006896973 1.0507776737213135
v 60.329849243164062 6.0534167289733887 1.0507776737213135
v 59.960727691650391 6.4607181549072266 1.0507776737213135
v 59.553413391113281 6.8298487663269043 1.0507776737213135
v 59.111919403076172 7.1573176383972168 1.0507776737213135
v 58.640426635742188 7.4398932456970215 1.0507776737213135
v 58.143527984619141 7.6749329566955566 1.0507776737213135
v 57.625965118408203 7.8600983619689941 1.0507776737213135
v 57.092758178710938 7.9936800003051758 1.0507776737213135
v 56.549022674560547 8.0743236541748047 1.0507776737213135
v 56 8.1013088226318359 1.0507776737213135
v 55.450977325439453 8.0743198394775391 1.0507776737213135
v 54.916732788085938 7.9955596923828125 1.0507776737213135
v 54.374031066894531 7.8601012229919434 1.0507776737213135
v 53.875213623046875 7.6826567649841309 1.0507776737213135
v 53.359573364257812 7.4398903846740723 1.0507776737213135
v 52.877094268798828 7.149958610534668 1.0507776737213135
v 52.446582794189453 6.8298497200012207 1.0507776737213135
v 52.039279937744141 6.460728645324707 1.0507776737213135
v 51.670150756835938 6.0534133911132812 1.0507776737213135
v 51.342681884765625 5.6119179725646973 1.0507776737213135
v 51.060104370117188 5.1404280662536621 1.0507776737213135
v 50.825065612792969 4.643526554107666 1.0507776737213135
v 50.639904022216797 4.1259632110595703 1.0507776737213135
v 50.506320953369141 3.5927555561065674 1.0507776737213135
v 50.425666809082031 3.0490295886993408 1.0507776737213135
v 61.883895874023438 3.0795094966888428 2.0895073413848877
v 61.800750732421875 3.6434283256530762 2.0895073413848877
v 61.657768249511719 4.2162642478942871 2.0895073413848877
v 61.470470428466797 4.7427825927734375 2.0895073413848877
v 61.214221954345703 5.2870602607727051 2.0895073413848877
v 60.908187866210938 5.7963314056396484 2.0895073413848877
v 60.570304870605469 6.2507519721984863 2.0895073413848877
v 60.180683135986328 6.6806726455688477 2.0895073413848877
v 59.750751495361328 7.0703029632568359 2.0895073413848877
v 59.284736633300781 7.415956974029541 2.0895073413848877
v 58.787063598632812 7.7142252922058105 2.0895073413848877
v 58.262565612792969 7.9623174667358398 2.0895073413848877
v 57.716262817382812 8.1577663421630859 2.0895073413848877
v 57.1534423828125 8.2987661361694336 2.0895073413848877
v 56.579513549804688 8.3838882446289062 2.0895073413848877
v 56 8.4123716354370117 2.0895073413848877
v 55.420486450195312 8.3838844299316406 2.0895073413848877
v 54.856571197509766 8.300750732421875 2.0895073413848877
v 54.283737182617188 8.1577692031860352 2.0895073413848877
v 53.757217407226562 7.9704704284667969 2.0895073413848877
v 53.212940216064453 7.7142224311828613 2.0895073413848877
v 52.703666687011719 7.4081897735595703 2.0895073413848877
v 52.249248504638672 7.0703034400939941 2.0895073413848877
v 51.819328308105469 6.6806840896606445 2.0895073413848877
v 51.429695129394531 6.2507486343383789 2.0895073413848877
v 51.084041595458984 5.7847352027893066 2.0895073413848877
v 50.785774230957031 5.2870616912841797 2.0895073413848877
v 50.537681579589844 4.7625651359558105 2.0895073413848877
v 50.342235565185547 4.2162594795227051 2.0895073413848877
v 50.20123291015625 3.6534407138824463 2.0895073413848877
v 50.116100311279297 3.0795192718505859 2.0895073413848877
v 62.404705047607422 3.1308043003082275 3.0687406063079834
v 62.314197540283203 3.7446379661560059 3.0687406063079834
v 62.158557891845703 4.3681778907775879 3.0687406063079834
v 61.954685211181641 4.9413003921508789 3.0687406063079834
v 61.675754547119141 5.5337543487548828 3.0687406063079834
v 61.342632293701172 6.0881032943725586 3.0687406063079834
v 60.974842071533203 6.5827465057373047 3.0687406063079834
v 60.550731658935547 7.0507211685180664 3.0687406063079834
v 60.082744598388672 7.4748392105102539 3.0687406063079834
v 59.575481414794922 7.8510890007019043 3.0687406063079834
v 59.033756256103516 8.1757574081420898 3.0687406063079834
v 58.462833404541016 8.4458103179931641 3.0687406063079834
v 57.868175506591797 8.6585578918457031 3.0687406063079834
v 57.255538940429688 8.8120384216308594 3.0687406063079834
v 56.630805969238281 8.9046955108642578 3.0687406063079834
v 56 8.9357004165649414 3.0687406063079834
v 55.369190216064453 8.9046916961669922 3.0687406063079834
v 54.755363464355469 8.8141984939575195 3.0687406063079834
v 54.131820678710938 8.6585617065429688 3.0687406063079834
v 53.558700561523438 8.4546842575073242 3.0687406063079834
v 52.966243743896484 8.1757545471191406 3.0687406063079834
v 52.411895751953125 7.8426337242126465 3.0687406063079834
v 51.917251586914062 7.4748396873474121 3.0687406063079834
v 51.44927978515625 7.0507335662841797 3.0687406063079834
v 51.025161743164062 6.5827431678771973 3.0687406063079834
v 50.648910522460938 6.0754804611206055 3.0687406063079834
v 50.324241638183594 5.5337562561035156 3.0687406063079834
v 50.054187774658203 4.962834358215332 3.0687406063079834
v 49.841445922851562 4.3681726455688477 3.0687406063079834
v 49.687961578369141 3.7555363178253174 3.0687406063079834
v 49.595294952392578 3.1308150291442871 3.0687406063079834
v 63.1171875 3.200977087020874 3.9293830394744873
v 63.016609191894531 3.8830957412719727 3.9293830394744873
v 62.843658447265625 4.5760002136230469 3.9293830394744873
v 62.617103576660156 5.2128791809082031 3.9293830394744873
v 62.307147979736328 5.8712396621704102 3.9293830394744873
v 61.936965942382812 6.4872565269470215 3.9293830394744873
v 61.52825927734375 7.0369257926940918 3.9293830394744873
v 61.056972503662109 7.5569596290588379 3.9293830394744873
v 60.536922454833984 8.0282573699951172 3.9293830394744873
v 59.973232269287109 8.4463624954223633 3.9293830394744873
v 59.371242523193359 8.8071489334106445 3.9293830394744873
v 58.736808776855469 9.1072425842285156 3.9293830394744873
v 58.076000213623047 9.343658447265625 3.9293830394744873
v 57.395210266113281 9.5142116546630859 3.9293830394744873
v 56.700981140136719 9.6171760559082031 3.9293830394744873
v 56 9.6516304016113281 3.9293830394744873
v 55.299018859863281 9.6171712875366211 3.9293830394744873
v 54.616905212402344 9.5166120529174805 3.9293830394744873
v 53.923999786376953 9.3436613082885742 3.9293830394744873
v 53.287120819091797 9.1171045303344727 3.9293830394744873
v 52.628757476806641 8.8071451187133789 3.9293830394744873
v 52.012744903564453 8.4369668960571289 3.9293830394744873
v 51.46307373046875 8.0282583236694336 3.9293830394744873
v 50.943038940429688 7.5569729804992676 3.9293830394744873
v 50.47174072265625 7.036921501159668 3.9293830394744873
v 50.053634643554688 6.4732298851013184 3.9293830394744873
v 49.692848205566406 5.8712420463562012 3.9293830394744873
v 49.392757415771484 5.2368087768554688 3.9293830394744873
v 49.156345367431641 4.5759949684143066 3.9293830394744873
v 48.985790252685547 3.8952066898345947 3.9293830394744873
v 48.8828125 3.2009890079498291 3.9293830394744873
v 63.987346649169922 3.286679744720459 4.6265897750854492
v 63.874473571777344 4.0521955490112305 4.6265897750854492
v 63.680377960205078 4.8298158645629883 4.6265897750854492
v 63.426124572753906 5.5445609092712402 4.6265897750854492
v 63.078269958496094 6.2834134101867676 4.6265897750854492
v 62.662830352783203 6.9747457504272461 4.6265897750854492
v 62.204154968261719 7.591618537902832 4.6265897750854492
v 61.675247192382812 8.17523193359375 4.6265897750854492
v 61.09161376953125 8.7041521072387695 4.6265897750854492
v 60.459007263183594 9.173375129699707 4.6265897750854492
v 59.783416748046875 9.5782718658447266 4.6265897750854492
v 59.071414947509766 9.9150562286376953 4.6265897750854492
v 58.329814910888672 10.180376052856445 4.6265897750854492
v 57.565792083740234 10.371782302856445 4.6265897750854492
v 56.78668212890625 10.487334251403809 4.6265897750854492
v 56 10.5260009765625 4.6265897750854492
v 55.213314056396484 10.487329483032227 4.6265897750854492
v 54.447807312011719 10.374475479125977 4.6265897750854492
v 53.670185089111328 10.180379867553711 4.6265897750854492
v 52.955440521240234 9.9261236190795898 4.6265897750854492
v 52.216583251953125 9.5782680511474609 4.6265897750854492
v 51.525253295898438 9.1628313064575195 4.6265897750854492
v 50.908378601074219 8.7041530609130859 4.6265897750854492
v 50.32476806640625 8.1752471923828125 4.6265897750854492
v 49.795845031738281 7.59161376953125 4.6265897750854492
v 49.326622009277344 6.9590039253234863 4.6265897750854492
v 48.921726226806641 6.2834157943725586 4.6265897750854492
v 48.584941864013672 5.571415901184082 4.6265897750854492
v 48.319629669189453 4.8298096656799316 4.6265897750854492
v 48.128219604492188 4.0657873153686523 4.6265897750854492
v 48.012649536132812 3.2866930961608887 4.6265897750854492
v 64.957679748535156 3.3822484016418457 5.1238765716552734
v 64.831092834472656 4.2407617568969727 5.1238765716552734
v 64.613418579101562 5.1128501892089844 5.1238765716552734
v 64.328277587890625 5.9144244194030762 5.1238765716552734
v 63.938163757324219 6.7430357933044434 5.1238765716552734
v 63.472255706787109 7.5183534622192383 5.1238765716552734
v 62.957855224609375 8.2101659774780273 5.1238765716552734
v 62.364696502685547 8.8646793365478516 5.1238765716552734
v 61.710163116455078 9.4578542709350586 5.1238765716552734
v 61.000701904296875 9.9840803146362305 5.1238765716552734
v 60.243038177490234 10.438165664672852 5.1238765716552734
v 59.444541931152344 10.815862655639648 5.1238765716552734
v 58.612846374511719 11.113414764404297 5.1238765716552734
v 57.756008148193359 11.328073501586914 5.1238765716552734
v 56.882251739501953 11.457663536071777 5.1238765716552734
v 56 11.501028060913086 5.1238765716552734
v 55.117744445800781 11.457657814025879 5.1238765716552734
v 54.259239196777344 11.331094741821289 5.1238765716552734
v 53.387149810791016 11.113418579101562 5.1238765716552734
v 52.585575103759766 10.828274726867676 5.1238765716552734
v 51.756961822509766 10.43816089630127 5.1238765716552734
v 50.981647491455078 9.972254753112793 5.1238765716552734
v 50.289833068847656 9.457855224609375 5.1238765716552734
v 49.635322570800781 8.8646965026855469 5.1238765716552734
v 49.042144775390625 8.2101602554321289 5.1238765716552734
v 48.515918731689453 7.5006990432739258 5.1238765716552734
v 48.061832427978516 6.7430381774902344 5.1238765716552734
v 47.684135437011719 5.9445419311523438 5.1238765716552734
v 47.386589050292969 5.1128430366516113 5.1238765716552734
v 47.171928405761719 4.2560043334960938 5.1238765716552734
v 47.042320251464844 3.3822634220123291 5.1238765716552734
v 65.963829040527344 3.4813446998596191 5.4105401039123535
v 65.823020935058594 4.4362878799438477 5.4105401039123535
v 65.580894470214844 5.4063315391540527 5.4105401039123535
v 65.263725280761719 6.297940731048584 5.4105401039123535
v 64.829795837402344 7.2196235656738281 5.4105401039123535
v 64.311553955078125 8.082026481628418 5.4105401039123535
v 63.7393798828125 8.8515453338623047 5.4105401039123535
v 63.079593658447266 9.5795745849609375 5.4105401039123535
v 62.351539611816406 10.239377021789551 5.4105401039123535
v 61.562389373779297 10.824709892272949 5.4105401039123535
v 60.719627380371094 11.329798698425293 5.4105401039123535
v 59.831443786621094 11.749919891357422 5.4105401039123535
v 58.906330108642578 12.080893516540527 5.4105401039123535
v 57.9532470703125 12.319663047790527 5.4105401039123535
v 56.981349945068359 12.463809013366699 5.4105401039123535
v 56 12.512043952941895 5.4105401039123535
v 55.018650054931641 12.463803291320801 5.4105401039123535
v 54.063713073730469 12.323023796081543 5.4105401039123535
v 53.093666076660156 12.080898284912109 5.4105401039123535
v 52.202056884765625 11.763726234436035 5.4105401039123535
v 51.280372619628906 11.329793930053711 5.4105401039123535
v 50.417972564697266 10.811555862426758 5.4105401039123535
v 49.648452758789062 10.239377975463867 5.4105401039123535
v 48.920425415039062 9.5795936584472656 5.4105401039123535
v 48.260623931884766 8.8515396118164062 5.4105401039123535
v 47.675289154052734 8.0623893737792969 5.4105401039123535
v 47.170200347900391 7.2196264266967773 5.4105401039123535
v 46.750080108642578 6.3314409255981445 5.4105401039123535
v 46.419109344482422 5.4063234329223633 5.4105401039123535
v 46.180335998535156 4.4532427787780762 5.4105401039123535
v 46.036170959472656 3.4813613891601562 5.4105401039123535
v 67 2.5 5.5
v 66.947021484375 3.5781805515289307 5.5
v 66.792327880859375 4.627354621887207 5.5
v 66.52630615234375 5.6931185722351074 5.5
v 66.177841186523438 6.6727089881896973 5.5
v 65.701087951660156 7.685340404510498 5.5
v 65.1317138671875 8.632843017578125 5.5
v 64.503074645996094 9.4782943725585938 5.5
v 63.778186798095703 10.278163909912109 5.5
v 62.978290557861328 11.003072738647461 5.5
v 62.111270904541016 11.646164894104004 5.5
v 61.185344696044922 12.201093673706055 5.5
v 60.209514617919922 12.662671089172363 5.5
v 59.193115234375 13.026304244995117 5.5
v 58.145988464355469 13.28863525390625 5.5
v 57.07818603515625 13.447005271911621 5.5
v 54.921810150146484 13.446998596191406 5.5
v 53.872646331787109 13.292326927185059 5.5
v 52.806880950927734 13.026309967041016 5.5
v 51.827289581298828 12.677840232849121 5.5
v 50.814659118652344 12.201088905334473 5.5
v 49.867156982421875 11.6317138671875 5.5
v 49.021701812744141 11.003073692321777 5.5
v 48.221836090087891 10.27818489074707 5.5
v 47.496925354003906 9.4782886505126953 5.5
v 46.853832244873047 8.6112680435180664 5.5
v 46.298904418945312 7.6853437423706055 5.5
v 45.837326049804688 6.7095150947570801 5.5
v 45.473701477050781 5.6931099891662598 5.5
v 45.21136474609375 4.6459827423095703 5.5
v 45.052974700927734 3.5781989097595215 5.5
v 45 2.5 5.5
v 67.99273681640625 3.6811740398406982 5.3986911773681641
v 67.823265075683594 4.8305706977844238 5.3986911773681641
v 67.531829833984375 5.9981422424316406 5.3986911773681641
v 67.150077819824219 7.0713081359863281 5.3986911773681641
v 66.627792358398438 8.1806716918945312 5.3986911773681641
v 66.004020690917969 9.218684196472168 5.3986911773681641
v 65.315330505371094 10.1448974609375 5.3986911773681641
v 64.521194458007812 11.021175384521484 5.3986911773681641
v 63.644893646240234 11.81533145904541 5.3986911773681641
v 62.695049285888672 12.519854545593262 5.3986911773681641
v 61.680675506591797 13.127793312072754 5.3986911773681641
v 60.611629486083984 13.633462905883789 5.3986911773681641
v 59.498138427734375 14.031832695007324 5.3986911773681641
v 58.350982666015625 14.319222450256348 5.3986911773681641
v 53.669429779052734 14.323266983032227 5.3986911773681641
v 52.501857757568359 14.031838417053223 5.3986911773681641
v 51.428691864013672 13.650080680847168 5.3986911773681641
v 50.319324493408203 13.127787590026855 5.3986911773681641
v 49.281314849853516 12.504022598266602 5.3986911773681641
v 48.355098724365234 11.815332412719727 5.3986911773681641
v 47.478824615478516 11.021198272705078 5.3986911773681641
v 46.684669494628906 10.144890785217285 5.3986911773681641
v 45.980144500732422 9.1950483322143555 5.3986911773681641
v 45.372203826904297 8.1806745529174805 5.3986911773681641
v 44.866535186767578 7.1116299629211426 5.3986911773681641
v 44.468173980712891 5.9981327056884766 5.3986911773681641
v 44.180778503417969 4.850977897644043 5.3986911773681641
v 44.007259368896484 3.6811940670013428 5.3986911773681641
v 69.026466369628906 3.7829864025115967 5.0876278877258301
v 68.842384338378906 5.031456470489502 5.0876278877258301
v 68.525833129882812 6.2996683120727539 5.0876278877258301
v 68.111175537109375 7.465336799621582 5.0876278877258301
v 67.543861389160156 8.670323371887207 5.0876278877258301
v 66.8663330078125 9.7978076934814453 5.0876278877258301
v 66.118278503417969 10.803857803344727 5.0876278877258301
v 65.255691528320312 11.755666732788086 5.0876278877258301
v 64.303855895996094 12.61827564239502 5.0876278877258301
v 63.272136688232422 13.383526802062988 5.0876278877258301
v 62.170326232910156 14.043867111206055 5.0876278877258301
v 61.009136199951172 14.593123435974121 5.0876278877258301
v 59.799667358398438 15.02583122253418 5.0876278877258301
v 58.553630828857422 15.337992668151855 5.0876278877258301
v 53.468544006347656 15.342386245727539 5.0876278877258301
v 52.200328826904297 15.025836944580078 5.0876278877258301
v 51.034664154052734 14.611173629760742 5.0876278877258301
v 49.829673767089844 14.043861389160156 5.0876278877258301
v 48.702190399169922 13.366330146789551 5.0876278877258301
v 47.696140289306641 12.618277549743652 5.0876278877258301
v 46.744331359863281 11.755691528320312 5.0876278877258301
v 45.881721496582031 10.803850173950195 5.0876278877258301
v 45.116470336914062 9.7721347808837891 5.0876278877258301
v 44.456130981445312 8.6703262329101562 5.0876278877258301
v 43.906875610351562 7.5091342926025391 5.0876278877258301
v 43.474174499511719 6.2996578216552734 5.0876278877258301
v 43.162006378173828 5.0536231994628906 5.0876278877258301
v 42.973529815673828 3.783008337020874 5.0876278877258301
v 70.000984191894531 3.8789675235748291 4.5642995834350586
v 69.803131103515625 5.2208361625671387 4.5642995834350586
v 69.462898254394531 6.58392333984375 4.5642995834350586
v 69.017219543457031 7.8367962837219238 4.5642995834350586
v 68.407463073730469 9.1319284439086914 4.5642995834350586
v 67.679244995117188 10.343761444091797 4.5642995834350586
v 66.875236511230469 11.425074577331543 4.5642995834350586
v 65.948112487792969 12.448088645935059 4.5642995834350586
v 64.925071716308594 13.375229835510254 4.5642995834350586
v 63.816169738769531 14.197729110717773 4.5642995834350586
v 62.631931304931641 14.907470703125 4.5642995834350586
v 61.383872985839844 15.497817039489746 4.5642995834350586
v 60.083919525146484 15.962895393371582 4.5642995834350586
v 51.91607666015625 15.962902069091797 4.5642995834350586
v 50.663204193115234 15.517217636108398 4.5642995834350586
v 49.368068695068359 14.907464027404785 4.5642995834350586
v 48.156238555908203 14.179245948791504 4.5642995834350586
v 47.074924468994141 13.375231742858887 4.5642995834350586
v 46.051910400390625 12.448115348815918 4.5642995834350586
v 45.124767303466797 11.425065994262695 4.5642995834350586
v 44.302268981933594 10.316166877746582 4.5642995834350586
v 43.592525482177734 9.131932258605957 4.5642995834350586
v 43.002182006835938 7.8838706016540527 4.5642995834350586
v 42.537109375 6.5839123725891113 4.5642995834350586
v 42.201591491699219 5.2446608543395996 4.5642995834350586
v 41.999011993408203 3.8789908885955811 4.5642995834350586
v 70.85748291015625 3.9633245468139648 3.848369836807251
v 70.64752197265625 5.3872809410095215 3.848369836807251
v 70.286476135253906 6.8337535858154297 3.848369836807251
v 69.81353759765625 8.1632699966430664 3.848369836807251
v 69.166481018066406 9.5376300811767578 3.848369836807251
v 68.393714904785156 10.823596000671387 3.848369836807251
v 67.540512084960938 11.971057891845703 3.848369836807251
v 66.556678771972656 13.05665397644043 3.848369836807251
v 65.471054077148438 14.040512084960938 3.848369836807251
v 64.294319152832031 14.913327217102051 3.848369836807251
v 63.037635803222656 15.666486740112305 3.848369836807251
v 61.713226318359375 16.292945861816406 3.848369836807251
v 60.333751678466797 16.786476135253906 3.848369836807251
v 51.666244506835938 16.786483764648438 3.848369836807251
v 50.33673095703125 16.313533782958984 3.848369836807251
v 48.962368011474609 15.666479110717773 3.848369836807251
v 47.676403045654297 14.893712997436523 3.848369836807251
v 46.528938293457031 14.04051399230957 3.848369836807251
v 45.443347930908203 13.056681632995605 3.848369836807251
v 44.459487915039062 11.971049308776855 3.848369836807251
v 43.586669921875 10.794314384460449 3.848369836807251
v 42.833511352539062 9.5376348495483398 3.848369836807251
v 42.207050323486328 8.2132234573364258 3.848369836807251
v 41.713531494140625 6.8337421417236328 3.848369836807251
v 41.357486724853516 5.4125633239746094 3.848369836807251
v 41.14251708984375 3.9633493423461914 3.848369836807251
v 71.55133056640625 4.0316619873046875 2.9739987850189209
v 71.331565856933594 5.522118091583252 2.9739987850189209
v 70.953659057617188 7.0361413955688477 2.9739987850189209
v 70.458633422851562 8.4277467727661133 2.9739987850189209
v 69.781364440917969 9.8662900924682617 2.9739987850189209
v 68.972503662109375 11.212310791015625 2.9739987850189209
v 68.079460144042969 12.413358688354492 2.9739987850189209
v 67.0496826171875 13.549653053283691 2.9739987850189209
v 65.913352966308594 14.57945728302002 2.9739987850189209
v 64.681663513183594 15.493033409118652 2.9739987850189209
v 63.366294860839844 16.281364440917969 2.9739987850189209
v 61.980033874511719 16.937082290649414 2.9739987850189209
v 50.072254180908203 16.958629608154297 2.9739987850189209
v 48.633705139160156 16.281356811523438 2.9739987850189209
v 47.287689208984375 15.472503662109375 2.9739987850189209
v 46.086639404296875 14.579459190368652 2.9739987850189209
v 44.950347900390625 13.5496826171875 2.9739987850189209
v 43.920539855957031 12.413350105285645 2.9739987850189209
v 43.006965637207031 11.181660652160645 2.9739987850189209
v 42.218631744384766 9.8662939071655273 2.9739987850189209
v 41.562915802001953 8.4800329208374023 2.9739987850189209
v 41.046348571777344 7.0361289978027344 2.9739987850189209
v 40.673675537109375 5.5485806465148926 2.9739987850189209
v 40.448665618896484 4.0316882133483887 2.9739987850189209
v 72.046226501464844 4.0804042816162109 1.9989721775054932
v 71.819465637207031 5.618290901184082 1.9989721775054932
v 71.429534912109375 7.1804957389831543 1.9989721775054932
v 70.918746948242188 8.6163864135742188 1.9989721775054932
v 70.219924926757812 10.1007080078125 1.9989721775054932
v 69.385330200195312 11.48956298828125 1.9989721775054932
v 68.4638671875 12.728833198547363 1.9989721775054932
v 67.401313781738281 13.901287078857422 1.9989721775054932
v 66.228828430175781 14.963863372802734 1.9989721775054932
v 64.957939147949219 15.906512260437012 1.9989721775054932
v 63.600711822509766 16.719930648803711 1.9989721775054932
v 62.170337677001953 17.396514892578125 1.9989721775054932
v 49.883613586425781 17.41874885559082 1.9989721775054932
v 48.399288177490234 16.71992301940918 1.9989721775054932
v 47.01043701171875 15.885329246520996 1.9989721775054932
v 45.771163940429688 14.963865280151367 1.9989721775054932
v 44.598712921142578 13.901317596435547 1.9989721775054932
v 43.536136627197266 12.728823661804199 1.9989721775054932
v 42.593486785888672 11.457938194274902 1.9989721775054932
v 41.780063629150391 10.100712776184082 1.9989721775054932
v 41.103485107421875 8.6703367233276367 1.9989721775054932
v 40.570476531982422 7.1804828643798828 1.9989721775054932
v 40.185943603515625 5.6455960273742676 1.9989721775054932
v 39.953773498535156 4.0804314613342285 1.9989721775054932
v 72.331504821777344 4.1085023880004883 0.98795562982559204
v 72.100715637207031 5.6737308502197266 0.98795562982559204
v 71.703849792480469 7.263709545135498 0.98795562982559204
v 71.183990478515625 8.725128173828125 0.98795562982559204
v 70.472740173339844 10.23583984375 0.98795562982559204
v 69.623306274414062 11.649387359619141 0.98795562982559204
v 68.685462951660156 12.910689353942871 0.98795562982559204
v 67.604019165039062 14.103988647460938 0.98795562982559204
v 66.410682678222656 15.185456275939941 0.98795562982559204
v 65.117202758789062 16.144865036010742 0.98795562982559204
v 63.735843658447266 16.972743988037109 0.98795562982559204
v 62.280040740966797 17.661357879638672 0.98795562982559204
v 49.774871826171875 17.683986663818359 0.98795562982559204
v 48.264156341552734 16.972736358642578 0.98795562982559204
v 46.850612640380859 16.12330436706543 0.98795562982559204
v 45.589309692382812 15.185458183288574 0.98795562982559204
v 44.396011352539062 14.104019165039062 0.98795562982559204
v 43.314540863037109 12.910679817199707 0.98795562982559204
v 42.355133056640625 11.617199897766113 0.98795562982559204
v 41.527252197265625 10.235844612121582 0.98795562982559204
v 40.838642120361328 8.7800378799438477 0.98795562982559204
v 40.296157836914062 7.2636961936950684 0.98795562982559204
v 39.904788970947266 5.7015209197998047 0.98795562982559204
v 39.668491363525391 4.1085295677185059 0.98795562982559204
v 72.5 2.5 0
v 72.4205322265625 4.1172709465026855 0
v 72.188491821289062 5.6910319328308105 0
v 71.789459228515625 7.2896780967712402 0
v 71.266761779785156 8.759063720703125 0
v 70.5516357421875 10.278010368347168 0
v 69.69757080078125 11.699263572692871 0
v 68.754615783691406 12.967441558837891 0
v 67.667274475097656 14.167245864868164 0
v 66.467437744140625 15.254610061645508 0
v 65.166908264160156 16.219247817993164 0
v 63.77801513671875 17.051641464233398 0
v 62.314273834228516 17.744007110595703 0
v 49.740936279296875 17.766759872436523 0
v 48.22198486328125 17.051633834838867 0
v 46.800735473632812 16.19757080078125 0
v 45.532554626464844 15.254611015319824 0
v 44.332752227783203 14.167277336120605 0
v 43.245388031005859 12.967432022094727 0
v 42.280750274658203 11.666901588439941 0
v 41.448356628417969 10.27801513671875 0
v 40.755989074707031 8.8142728805541992 0
v 40.210552215576172 7.2896652221679688 0
v 39.817047119140625 5.7189736366271973 0
v 39.579463958740234 4.1172981262207031 0
v 39.5 2.5 0
v 39.591819763183594 2.5 1.0007967948913574
v 39.886165618896484 2.5 2.0245208740234375
v 40.396526336669922 2.5 3.0096535682678223
v 41.110912322998047 2.5 3.8890872001647949
v 41.990345001220703 2.5 4.6034750938415527
v 42.975479125976562 2.5 5.1138358116149902
v 43.999202728271484 2.5 5.408179759979248
v 46.000797271728516 2.5 5.408179759979248
v 47.024520874023438 2.5 5.1138358116149902
v 48.009654998779297 2.5 4.6034750938415527
v 48.889087677001953 2.5 3.8890872001647949
v 49.603473663330078 2.5 3.0096535682678223
v 50.113834381103516 2.5 2.0245208740234375
v 50.408180236816406 2.5 1.0007967948913574
v 50.408180236816406 2.5 -1.0007967948913574
v 50.113834381103516 2.5 -2.0245208740234375
v 49.603473663330078 2.5 -3.0096535682678223
v 48.889087677001953 2.5 -3.8890872001647949
v 48.009654998779297 2.5 -4.6034750938415527
v 47.024520874023438 2.5 -5.1138358116149902
v 46.000797271728516 2.5 -5.408179759979248
v 43.999202728271484 2.5 -5.408179759979248
v 42.975479125976562 2.5 -5.1138358116149902
v 41.990345001220703 2.5 -4.6034750938415527
v 41.110912322998047 2.5 -3.8890872001647949
v 40.396526336669922 2.5 -3.0096535682678223
v 39.886165618896484 2.5 -2.0245208740234375
v 39.591819763183594 2.5 -1.0007967948913574
v 72.408180236816406 2.5 -1.0007967948913574
v 72.113838195800781 2.5 -2.0245208740234375
v 71.603477478027344 2.5 -3.0096535682678223
v 70.889083862304688 2.5 -3.8890872001647949
v 70.009651184082031 2.5 -4.6034750938415527
v 69.024520874023438 2.5 -5.1138358116149902
v 68.00079345703125 2.5 -5.408179759979248
v 65.99920654296875 2.5 -5.408179759979248
v 64.975479125976562 2.5 -5.1138358116149902
v 63.990345001220703 2.5 -4.6034750938415527
v 63.110912322998047 2.5 -3.8890872001647949
v 62.396526336669922 2.5 -3.0096535682678223
v 61.886165618896484 2.5 -2.0245208740234375
v 61.591819763183594 2.5 -1.0007967948913574
v 61.591819763183594 2.5 1.0007967948913574
v 61.886165618896484 2.5 2.0245208740234375
v 62.396526336669922 2.5 3.0096535682678223
v 63.110912322998047 2.5 3.8890872001647949
v 63.990345001220703 2.5 4.6034750938415527
v 64.975479125976562 2.5 5.1138358116149902
v 65.99920654296875 2.5 5.408179759979248
v 68.00079345703125 2.5 5.408179759979248
v 69.024520874023438 2.5 5.1138358116149902
v 70.009651184082031 2.5 4.6034750938415527
v 70.889083862304688 2.5 3.8890872001647949
v 71.603477478027344 2.5 3.0096535682678223
v 72.113838195800781 2.5 2.0245208740234375
v 72.408180236816406 2.5 1.0007967948913574
v 50.5 18.056329727172852 0
v 50.615642547607422 17.974515914916992 -1.1215097904205322
v 50.948402404785156 17.735942840576172 -2.1751720905303955
v 51.461601257324219 17.360811233520508 -3.1069035530090332
v 52.110912322998047 16.872140884399414 -3.8890872001647949
v 52.8067626953125 16.329282760620117 -4.4781069755554199
v 53.553153991699219 15.722352027893066 -4.925743579864502
v 54.165229797363281 15.202736854553223 -5.185063362121582
v 54.782314300537109 14.65644645690918 -5.3636202812194824
v 55.396530151367188 14.087520599365234 -5.4668030738830566
v 56 13.5 -5.5
v 56.60345458984375 14.087507247924805 -5.4668054580688477
v 57.2176513671875 14.656418800354004 -5.3636288642883301
v 57.834716796875 15.202694892883301 -5.1850824356079102
v 58.44677734375 15.722296714782715 -4.9257769584655762
v 59.193206787109375 16.329254150390625 -4.4781293869018555
v 59.889087677001953 16.872133255004883 -3.8890872001647949
v 60.538398742675781 17.360803604125977 -3.1069033145904541
v 61.051597595214844 17.735935211181641 -2.1751720905303955
v 61.384357452392578 17.974510192871094 -1.1215097904205322
v 61.5 18.056324005126953 0
v 56 13.5 5.5
v 55.396530151367188 14.087520599365234 5.4668030738830566
v 54.782314300537109 14.65644645690918 5.3636202812194824
v 54.165229797363281 15.202736854553223 5.185063362121582
v 53.553153991699219 15.722352027893066 4.925743579864502
v 52.8067626953125 16.329282760620117 4.4781069755554199
v 52.110912322998047 16.872140884399414 3.8890872001647949
v 51.461601257324219 17.360811233520508 3.1069035530090332
v 50.948402404785156 17.735942840576172 2.1751720905303955
v 50.615642547607422 17.974515914916992 1.1215097904205322
v 50.5 18.056329727172852 0
v 61.5 18.056324005126953 0
v 61.384357452392578 17.974510192871094 1.1215097904205322
v 61.051597595214844 17.735935211181641 2.1751720905303955
v 60.538398742675781 17.360803604125977 3.1069033145904541
v 59.889087677001953 16.872133255004883 3.8890872001647949
v 59.193206787109375 16.329254150390625 4.4781293869018555
v 58.44677734375 15.722296714782715 4.9257769584655762
v 57.834716796875 15.202694892883301 5.1850824356079102
v 57.2176513671875 14.656418800354004 5.3636288642883301
v 56.60345458984375 14.087507247924805 5.4668054580688477
vt 0.76358699798583984 0.075705729424953461
vt 0.76358699798583984 0.08628874272108078
vt 0.71583694219589233 0.08628874272108078
vt 0.76358699798583984 0.096701040863990784
vt 0.71583694219589233 0.096701040863990784
vt 0.76358699798583984 0.10699484497308731
vt 0.71583694219589233 0.10699484497308731
vt 0.76358699798583984 0.11728865653276443
vt 0.71583694219589233 0.11728865653276443
vt 0.76358699798583984 0.12758246064186096
vt 0.71583694219589233 0.12758246064186096
vt 0.76358699798583984 0.13787627220153809
vt 0.71583694219589233 0.13787627220153809
vt 0.76358699798583984 0.14817006886005402
vt 0.71583694219589233 0.14817006886005402
vt 0.76358699798583984 0.15910474956035614
vt 0.71583694219589233 0.15910474956035614
vt 0.76358699798583984 0.16968776285648346
vt 0.71583694219589233 0.16968776285648346
vt 0.76358699798583984 0.18010005354881287
vt 0.71583694219589233 0.18010005354881287
vt 0.76358699798583984 0.19039388000965118
vt 0.71583694219589233 0.19039388000965118
vt 0.76358699798583984 0.20068767666816711
vt 0.71583694219589233 0.20068767666816711
vt 0.76358699798583984 0.21098147332668304
vt 0.71583694219589233 0.21098147332668304
vt 0.76358699798583984 0.22127529978752136
vt 0.8113245964050293 0.064771048724651337
vt 0.8113245964050293 0.075195930898189545
vt 0.8113245964050293 0.085620805621147156
vt 0.8113245964050293 0.096045687794685364
vt 0.8113245964050293 0.10647056251764297
vt 0.8113245964050293 0.11689543724060059
vt 0.8113245964050293 0.12732031941413879
vt 0.8113245964050293 0.137745201587677
vt 0.8113245964050293 0.14817006886005402
vt 0.8113245964050293 0.15859495103359222
vt 0.8113245964050293 0.16901983320713043
vt 0.8113245964050293 0.17944470047950745
vt 0.8113245964050293 0.18986958265304565
vt 0.8113245964050293 0.20029446482658386
vt 0.8113245964050293 0.21071934700012207
vt 0.8113245964050293 0.22114421427249908
vt 0.8113245964050293 0.23156909644603729
vt 0.78746205568313599 0.075705729424953461
vt 0.76358699798583984 0.070238389074802399
vt 0.78746205568313599 0.070238389074802399
vt 0.78746205568313599 0.08628874272108078
vt 0.76358699798583984 0.08099723607301712
vt 0.78746205568313599 0.08099723607301712
vt 0.78746205568313599 0.096701040863990784
vt 0.76358699798583984 0.09149489551782608
vt 0.78746205568313599 0.09149489551782608
vt 0.78746205568313599 0.10699484497308731
vt 0.76358699798583984 0.10184794664382935
vt 0.78746205568313599 0.10184794664382935
vt 0.78746205568313599 0.11728865653276443
vt 0.76358699798583984 0.11214175075292587
vt 0.78746205568313599 0.11214175075292587
vt 0.78746205568313599 0.12758246064186096
vt 0.76358699798583984 0.1224355548620224
vt 0.78746205568313599 0.1224355548620224
vt 0.78746205568313599 0.13787627220153809
vt 0.76358699798583984 0.13272936642169952
vt 0.78746205568313599 0.13272936642169952
vt 0.78746205568313599 0.14817006886005402
vt 0.76358699798583984 0.14302317798137665
vt 0.78746205568313599 0.14302317798137665
vt 0.78746205568313599 0.15910474956035614
vt 0.76358699798583984 0.15363740921020508
vt 0.78746205568313599 0.15363740921020508
vt 0.78746205568313599 0.16968776285648346
vt 0.76358699798583984 0.1643962562084198
vt 0.78746205568313599 0.1643962562084198
vt 0.78746205568313599 0.18010005354881287
vt 0.76358699798583984 0.17489391565322876
vt 0.78746205568313599 0.17489391565322876
vt 0.78746205568313599 0.19039388000965118
vt 0.76358699798583984 0.18524695932865143
vt 0.78746205568313599 0.18524695932865143
vt 0.78746205568313599 0.20068767666816711
vt 0.76358699798583984 0.19554077088832855
vt 0.78746205568313599 0.19554077088832855
vt 0.78746205568313599 0.21098147332668304
vt 0.76358699798583984 0.20583458244800568
vt 0.78746205568313599 0.20583458244800568
vt 0.78746205568313599 0.22127529978752136
vt 0.76358699798583984 0.21612837910652161
vt 0.78746205568313599 0.21612837910652161
vt 0.76358699798583984 0.22642219066619873
vt 0.78746205568313599 0.22642219066619873
vt 0.78249573707580566 0.23156909644603729
vt 0.75366687774658203 0.23156909644603729
vt 0.7248380184173584 0.23156909644603729
vt 0.71396362781524658 0.23156909644603729
vt 0.7397119402885437 0.22127529978752136
vt 0.7397119402885437 0.22642219066619873
vt 0.71396350860595703 0.064771048724651337
vt 0.72483795881271362 0.064771048724651337
vt 0.75366681814193726 0.064771048724651337
vt 0.78249573707580566 0.064771048724651337
vt 0.7397119402885437 0.075705729424953461
vt 0.7397119402885437 0.070238389074802399
vt 0.66808688640594482 0.14817006886005402
vt 0.67677879333496094 0.13856115937232971
vt 0.68495023250579834 0.12922593951225281
vt 0.69308257102966309 0.11917462199926376
vt 0.6968037486076355 0.11410607397556305
vt 0.70026171207427979 0.10896052420139313
vt 0.70339620113372803 0.10375281423330307
vt 0.70619028806686401 0.098430007696151733
vt 0.70861399173736572 0.092949889600276947
vt 0.71063637733459473 0.087256744503974915
vt 0.71207410097122192 0.081936553120613098
vt 0.71311467885971069 0.076452061533927917
vt 0.71374863386154175 0.07075132429599762
vt 0.71583694219589233 0.1224355548620224
vt 0.71583694219589233 0.11214175075292587
vt 0.71583694219589233 0.10184794664382935
vt 0.71583694219589233 0.09149489551782608
vt 0.71583694219589233 0.08889181911945343
vt 0.71583694219589233 0.08099723607301712
vt 0.7397119402885437 0.096701040863990784
vt 0.7397119402885437 0.08628874272108078
vt 0.7397119402885437 0.09149489551782608
vt 0.71583694219589233 0.08364298939704895
vt 0.7397119402885437 0.08099723607301712
vt 0.7137487530708313 0.2255888432264328
vt 0.71311479806900024 0.2198881208896637
vt 0.71207422018051147 0.21440364420413971
vt 0.71063649654388428 0.20908346772193909
vt 0.70861411094665527 0.20339034497737885
vt 0.70619040727615356 0.19791024923324585
vt 0.70339632034301758 0.19258745014667511
vt 0.70026183128356934 0.18737977743148804
vt 0.69680386781692505 0.18223418295383453
vt 0.69308257102966309 0.17716559767723083
vt 0.68495017290115356 0.16711419820785522
vt 0.67677873373031616 0.15777899324893951
vt 0.71583694219589233 0.21612837910652161
vt 0.7397119402885437 0.21098147332668304
vt 0.7397119402885437 0.21612837910652161
vt 0.71583694219589233 0.21355493366718292
vt 0.71583694219589233 0.20583458244800568
vt 0.71583694219589233 0.20840802788734436
vt 0.7397119402885437 0.20068767666816711
vt 0.7397119402885437 0.20583458244800568
vt 0.71583694219589233 0.19554077088832855
vt 0.71583694219589233 0.18524695932865143
vt 0.71583694219589233 0.17489391565322876
vt 0.12206347286701202 0.4008185863494873
vt 0.12116933614015579 0.39107289910316467
vt 0.11830303817987442 0.3811039924621582
vt 0.11333320289850235 0.37151086330413818
vt 0.10637655854225159 0.362947016954422
vt 0.097812719643115997 0.35599038004875183
vt 0.088219597935676575 0.35102054476737976
vt 0.078250668942928314 0.34815424680709839
vt 0.06850501149892807 0.34726011753082275
vt 0.058759350329637527 0.34815424680709839
vt 0.048790421336889267 0.35102054476737976
vt 0.039197295904159546 0.35599038004875183
vt 0.030633460730314255 0.362947016954422
vt 0.023676818236708641 0.37151086330413818
vt 0.018706979230046272 0.3811039924621582
vt 0.015840684995055199 0.39107289910316467
vt 0.014946549199521542 0.4008185863494873
vt 0.015840684995055199 0.41056424379348755
vt 0.018706979230046272 0.42053315043449402
vt 0.023676818236708641 0.43012627959251404
vt 0.030633460730314255 0.43869012594223022
vt 0.039197295904159546 0.44564676284790039
vt 0.048790421336889267 0.45061659812927246
vt 0.058759350329637527 0.45348289608955383
vt 0.06850501149892807 0.45437702536582947
vt 0.078250668942928314 0.45348289608955383
vt 0.088219597935676575 0.45061659812927246
vt 0.097812719643115997 0.44564676284790039
vt 0.10637655854225159 0.43869012594223022
vt 0.11333320289850235 0.43012627959251404
vt 0.11830303817987442 0.42053315043449402
vt 0.12116933614015579 0.41056424379348755
vt 0.13701002299785614 0.4008185863494873
vt 0.13589575886726379 0.41312402486801147
vt 0.13232523202896118 0.42571669816970825
vt 0.12613129615783691 0.43786108493804932
vt 0.11744726449251175 0.4487517774105072
vt 0.10672757029533386 0.45766901969909668
vt 0.094530776143074036 0.46418729424476624
vt 0.081592924892902374 0.46806174516677856
vt 0.06850501149892807 0.46932357549667358
vt 0.0561995729804039 0.46820932626724243
vt 0.043606899678707123 0.46463879942893982
vt 0.031462501734495163 0.45844486355781555
vt 0.020571809262037277 0.44976082444190979
vt 0.01165457908064127 0.4390411376953125
vt 0.0051362784579396248 0.42684435844421387
vt 0.0012618446489796042 0.41390648484230042
vt 0 0.4008185863494873
vt 0.001114260870963335 0.38851314783096313
vt 0.0046847891062498093 0.37592047452926636
vt 0.010878726840019226 0.36377605795860291
vt 0.019562749192118645 0.35288536548614502
vt 0.030282441526651382 0.34396815299987793
vt 0.042479239404201508 0.33744984865188599
vt 0.055417090654373169 0.33357542753219604
vt 0.06850501149892807 0.33231356739997864
vt 0.08081045001745224 0.33342781662940979
vt 0.093403123319149017 0.3369983434677124
vt 0.10554751753807068 0.34319227933883667
vt 0.11643821001052856 0.35187631845474243
vt 0.12535545229911804 0.36259600520133972
vt 0.13187374174594879 0.37479281425476074
vt 0.13574817776679993 0.38773065805435181
vt 0.2490113377571106 0.27327370643615723
vt 0.23926568031311035 0.27237957715988159
vt 0.22929675877094269 0.26951327919960022
vt 0.21970362961292267 0.26454344391822815
vt 0.21113978326320648 0.25758680701255798
vt 0.20418314635753632 0.2490229606628418
vt 0.19921331107616425 0.23942983150482178
vt 0.19634702801704407 0.22946090996265411
vt 0.19545288383960724 0.21971525251865387
vt 0.19634702801704407 0.20996958017349243
vt 0.19921331107616425 0.20000065863132477
vt 0.20418314635753632 0.19040752947330475
vt 0.21113978326320648 0.18184369802474976
vt 0.21970362961292267 0.1748870462179184
vt 0.22929675877094269 0.16991721093654633
vt 0.23926568031311035 0.16705092787742615
vt 0.2490113377571106 0.16615678369998932
vt 0.2490113377571106 0.21971525251865387
vt 0.2490113377571106 0.24649447202682495
vt 0.27579057216644287 0.21971525251865387
vt 0.27579057216644287 0.24649447202682495
vt 0.22223211824893951 0.21971525251865387
vt 0.22223211824893951 0.24649447202682495
vt 0.2490113377571106 0.19293601810932159
vt 0.22223211824893951 0.19293601810932159
vt 0.27579057216644287 0.19293601810932159
vt 0.25875699520111084 0.16705092787742615
vt 0.2687259316444397 0.16991721093654633
vt 0.27831906080245972 0.1748870462179184
vt 0.2868829071521759 0.18184369802474976
vt 0.29383954405784607 0.19040752947330475
vt 0.29880937933921814 0.20000065863132477
vt 0.30167567729949951 0.20996958017349243
vt 0.30256980657577515 0.21971525251865387
vt 0.30167567729949951 0.22946090996265411
vt 0.29880937933921814 0.23942983150482178
vt 0.29383954405784607 0.2490229606628418
vt 0.2868829071521759 0.25758680701255798
vt 0.27831906080245972 0.26454344391822815
vt 0.2687259316444397 0.26951327919960022
vt 0.25875699520111084 0.27237957715988159
vt 0.34526523947715759 0.047113362699747086
vt 0.42939668893814087 0.047113362699747086
vt 0.51352810859680176 0.047113362699747086
vt 0.51352810859680176 0.032387133687734604
vt 0.51352810859680176 0.039750248193740845
vt 0.50301170349121094 0.047113362699747086
vt 0.49249526858329773 0.047113362699747086
vt 0.48197883367538452 0.047113362699747086
vt 0.4714624285697937 0.047113362699747086
vt 0.46094599366188049 0.047113362699747086
vt 0.45042955875396729 0.047113362699747086
vt 0.43991312384605408 0.047113362699747086
vt 0.41888025403022766 0.047113362699747086
vt 0.40836381912231445 0.047113362699747086
vt 0.39784741401672363 0.047113362699747086
vt 0.38733097910881042 0.047113362699747086
vt 0.37681454420089722 0.047113362699747086
vt 0.36629810929298401 0.047113362699747086
vt 0.3557816743850708 0.047113362699747086
vt 0.34526523947715759 0.039749294519424438
vt 0.34526523947715759 0.032385502010583878
vt 0.3557816743850708 0.032385412603616714
vt 0.36629810929298401 0.032385367900133133
vt 0.37681454420089722 0.032385367900133133
vt 0.38733097910881042 0.032385412603616714
vt 0.39784741401672363 0.032385502010583878
vt 0.40836381912231445 0.032385639846324921
vt 0.41888025403022766 0.032385818660259247
vt 0.42939668893814087 0.032386045902967453
vt 0.43991312384605408 0.032386280596256256
vt 0.45042955875396729 0.032386485487222672
vt 0.46094599366188049 0.032386664301156998
vt 0.4714624285697937 0.032386813312768936
vt 0.48197883367538452 0.032386936247348785
vt 0.49249526858329773 0.032387029379606247
vt 0.50301170349121094 0.032387096434831619
vt 0.2490113377571106 0
vt 0.25875699520111084 0.00089413876412436366
vt 0.2687259316444397 0.0037604307290166616
vt 0.27831906080245972 0.0087302699685096741
vt 0.2868829071521759 0.015686910599470139
vt 0.29383954405784607 0.024250749498605728
vt 0.29880937933921814 0.033843878656625748
vt 0.30167567729949951 0.04381280392408371
vt 0.30256980657577515 0.053558461368083954
vt 0.30167567729949951 0.063304126262664795
vt 0.29880937933921814 0.073273047804832458
vt 0.29383954405784607 0.082866176962852478
vt 0.2868829071521759 0.091430015861988068
vt 0.27831906080245972 0.098386652767658234
vt 0.2687259316444397 0.1033564954996109
vt 0.25875699520111084 0.10622278600931168
vt 0.2490113377571106 0.10711692273616791
vt 0.2490113377571106 0.053558461368083954
vt 0.27579057216644287 0.053558461368083954
vt 0.2490113377571106 0.026779230684041977
vt 0.27579057216644287 0.026779230684041977
vt 0.2490113377571106 0.080337695777416229
vt 0.27579057216644287 0.080337695777416229
vt 0.23926568031311035 0.10622278600931168
vt 0.22929675877094269 0.1033564954996109
vt 0.21970362961292267 0.098386652767658234
vt 0.21113978326320648 0.091430015861988068
vt 0.20418314635753632 0.082866176962852478
vt 0.19921331107616425 0.073273047804832458
vt 0.19634702801704407 0.063304126262664795
vt 0.19545288383960724 0.053558461368083954
vt 0.19634702801704407 0.04381280392408371
vt 0.19921331107616425 0.033843878656625748
vt 0.20418314635753632 0.024250749498605728
vt 0.21113978326320648 0.015686910599470139
vt 0.21970362961292267 0.0087302699685096741
vt 0.22929675877094269 0.0037604307290166616
vt 0.23926568031311035 0.00089413876412436366
vt 0.22223211824893951 0.053558461368083954
vt 0.22223211824893951 0.080337695777416229
vt 0.22223211824893951 0.026779230684041977
vt 0.34526523947715759 0.030920516699552536
vt 0.51352810859680176 0.016194064170122147
vt 0.51352810859680176 0.023557290434837341
vt 0.51352810859680176 0.030920516699552536
vt 0.50301170349121094 0.030920516699552536
vt 0.49249526858329773 0.030920516699552536
vt 0.48197883367538452 0.030920516699552536
vt 0.4714624285697937 0.030920516699552536
vt 0.46094599366188049 0.030920516699552536
vt 0.45042955875396729 0.030920516699552536
vt 0.43991312384605408 0.030920516699552536
vt 0.42939668893814087 0.030920516699552536
vt 0.41888025403022766 0.030920516699552536
vt 0.40836381912231445 0.030920516699552536
vt 0.39784741401672363 0.030920516699552536
vt 0.38733097910881042 0.030920516699552536
vt 0.37681454420089722 0.030920516699552536
vt 0.36629810929298401 0.030920516699552536
vt 0.3557816743850708 0.030920516699552536
vt 0.34526523947715759 0.023556547239422798
vt 0.34526523947715759 0.016192790120840073
vt 0.3557816743850708 0.016192719340324402
vt 0.36629810929298401 0.016192683950066566
vt 0.37681454420089722 0.016192685812711716
vt 0.38733097910881042 0.016192721202969551
vt 0.39784741401672363 0.016192791983485222
vt 0.40836381912231445 0.016192896291613579
vt 0.41888025403022766 0.01619303785264492
vt 0.42939668893814087 0.016193214803934097
vt 0.43991312384605408 0.016193397343158722
vt 0.45042955875396729 0.016193559393286705
vt 0.46094599366188049 0.016193697229027748
vt 0.4714624285697937 0.01619381457567215
vt 0.48197883367538452 0.01619390957057476
vt 0.49249526858329773 0.01619398221373558
vt 0.50301170349121094 0.016194034367799759
vt 0.94395053386688232 0.40129700303077698
vt 0.34526523947715759 0.40129700303077698
vt 0.92523980140686035 0.4122316837310791
vt 0.90686208009719849 0.4122316837310791
vt 0.88782227039337158 0.4122316837310791
vt 0.86980396509170532 0.4122316837310791
vt 0.85040420293807983 0.4122316837310791
vt 0.83124715089797974 0.4122316837310791
vt 0.81298667192459106 0.4122316837310791
vt 0.79427921772003174 0.4122316837310791
vt 0.77556872367858887 0.4122316837310791
vt 0.75686067342758179 0.4122316837310791
vt 0.73815101385116577 0.4122316837310791
vt 0.71944278478622437 0.4122316837310791
vt 0.57046127319335938 0.4122316837310791
vt 0.55106264352798462 0.4122316837310791
vt 0.53190451860427856 0.4122316837310791
vt 0.51364505290985107 0.4122316837310791
vt 0.49493655562400818 0.4122316837310791
vt 0.47622710466384888 0.4122316837310791
vt 0.4575190544128418 0.4122316837310791
vt 0.43880942463874817 0.4122316837310791
vt 0.42010113596916199 0.4122316837310791
vt 0.4013921320438385 0.4122316837310791
vt 0.38268464803695679 0.4122316837310791
vt 0.36397463083267212 0.4122316837310791
vt 0.92523980140686035 0.42281472682952881
vt 0.90686208009719849 0.42281472682952881
vt 0.88782227039337158 0.42281472682952881
vt 0.86980396509170532 0.42281472682952881
vt 0.85040420293807983 0.42281472682952881
vt 0.83124715089797974 0.42281472682952881
vt 0.81298667192459106 0.42281472682952881
vt 0.79427921772003174 0.42281472682952881
vt 0.77556872367858887 0.42281472682952881
vt 0.75686067342758179 0.42281472682952881
vt 0.73815101385116577 0.42281472682952881
vt 0.71944278478622437 0.42281472682952881
vt 0.7007337212562561 0.42281472682952881
vt 0.58848053216934204 0.42281472682952881
vt 0.57046127319335938 0.42281472682952881
vt 0.55106264352798462 0.42281472682952881
vt 0.53190451860427856 0.42281472682952881
vt 0.51364505290985107 0.42281472682952881
vt 0.49493655562400818 0.42281472682952881
vt 0.47622710466384888 0.42281472682952881
vt 0.4575190544128418 0.42281472682952881
vt 0.43880942463874817 0.42281472682952881
vt 0.42010113596916199 0.42281472682952881
vt 0.4013921320438385 0.42281472682952881
vt 0.38268464803695679 0.42281472682952881
vt 0.36397463083267212 0.42281472682952881
vt 0.92523980140686035 0.43322703242301941
vt 0.90686208009719849 0.43322703242301941
vt 0.88782227039337158 0.43322703242301941
vt 0.86980396509170532 0.43322703242301941
vt 0.85040420293807983 0.43322703242301941
vt 0.83124715089797974 0.43322703242301941
vt 0.81298667192459106 0.43322703242301941
vt 0.79427921772003174 0.43322703242301941
vt 0.77556872367858887 0.43322703242301941
vt 0.75686067342758179 0.43322703242301941
vt 0.73815101385116577 0.43322703242301941
vt 0.71944278478622437 0.43322703242301941
vt 0.7007337212562561 0.43322703242301941
vt 0.58848053216934204 0.43322703242301941
vt 0.57046127319335938 0.43322703242301941
vt 0.55106264352798462 0.43322703242301941
vt 0.53190451860427856 0.43322703242301941
vt 0.51364505290985107 0.43322703242301941
vt 0.49493655562400818 0.43322703242301941
vt 0.47622710466384888 0.43322703242301941
vt 0.4575190544128418 0.43322703242301941
vt 0.43880942463874817 0.43322703242301941
vt 0.42010113596916199 0.43322703242301941
vt 0.4013921320438385 0.43322703242301941
vt 0.38268464803695679 0.43322703242301941
vt 0.36397463083267212 0.43322703242301941
vt 0.92523980140686035 0.44352084398269653
vt 0.90686208009719849 0.44352084398269653
vt 0.88782227039337158 0.44352084398269653
vt 0.86980396509170532 0.44352084398269653
vt 0.85040420293807983 0.44352084398269653
vt 0.83124715089797974 0.44352084398269653
vt 0.81298667192459106 0.44352084398269653
vt 0.79427921772003174 0.44352084398269653
vt 0.77556872367858887 0.44352084398269653
vt 0.75686067342758179 0.44352084398269653
vt 0.73815101385116577 0.44352084398269653
vt 0.71944278478622437 0.44352084398269653
vt 0.7007337212562561 0.44352084398269653
vt 0.58848053216934204 0.44352084398269653
vt 0.57046127319335938 0.44352084398269653
vt 0.55106264352798462 0.44352084398269653
vt 0.53190451860427856 0.44352084398269653
vt 0.51364505290985107 0.44352084398269653
vt 0.49493655562400818 0.44352084398269653
vt 0.47622710466384888 0.44352084398269653
vt 0.4575190544128418 0.44352084398269653
vt 0.43880942463874817 0.44352084398269653
vt 0.42010113596916199 0.44352084398269653
vt 0.4013921320438385 0.44352084398269653
vt 0.38268464803695679 0.44352084398269653
vt 0.36397463083267212 0.44352084398269653
vt 0.92523980140686035 0.45381465554237366
vt 0.90686208009719849 0.45381465554237366
vt 0.88782227039337158 0.45381465554237366
vt 0.86980396509170532 0.45381465554237366
vt 0.85040420293807983 0.45381465554237366
vt 0.83124715089797974 0.45381465554237366
vt 0.81298667192459106 0.45381465554237366
vt 0.79427921772003174 0.45381465554237366
vt 0.77556872367858887 0.45381465554237366
vt 0.75686067342758179 0.45381465554237366
vt 0.73815101385116577 0.45381465554237366
vt 0.71944278478622437 0.45381465554237366
vt 0.7007337212562561 0.45381465554237366
vt 0.68202602863311768 0.45381465554237366
vt 0.60751944780349731 0.45381465554237366
vt 0.58848053216934204 0.45381465554237366
vt 0.57046127319335938 0.45381465554237366
vt 0.55106264352798462 0.45381465554237366
vt 0.53190451860427856 0.45381465554237366
vt 0.51364505290985107 0.45381465554237366
vt 0.49493655562400818 0.45381465554237366
vt 0.47622710466384888 0.45381465554237366
vt 0.4575190544128418 0.45381465554237366
vt 0.43880942463874817 0.45381465554237366
vt 0.42010113596916199 0.45381465554237366
vt 0.4013921320438385 0.45381465554237366
vt 0.38268464803695679 0.45381465554237366
vt 0.36397463083267212 0.45381465554237366
vt 0.92523980140686035 0.46410846710205078
vt 0.90686208009719849 0.46410846710205078
vt 0.88782227039337158 0.46410846710205078
vt 0.86980396509170532 0.46410846710205078
vt 0.85040420293807983 0.46410846710205078
vt 0.83124715089797974 0.46410846710205078
vt 0.81298667192459106 0.46410846710205078
vt 0.79427921772003174 0.46410846710205078
vt 0.77556872367858887 0.46410846710205078
vt 0.75686067342758179 0.46410846710205078
vt 0.73815101385116577 0.46410846710205078
vt 0.71944278478622437 0.46410846710205078
vt 0.7007337212562561 0.46410846710205078
vt 0.68202602863311768 0.46410846710205078
vt 0.60751944780349731 0.46410846710205078
vt 0.58848053216934204 0.46410846710205078
vt 0.57046127319335938 0.46410846710205078
vt 0.55106264352798462 0.46410846710205078
vt 0.53190451860427856 0.46410846710205078
vt 0.51364505290985107 0.46410846710205078
vt 0.49493655562400818 0.46410846710205078
vt 0.47622710466384888 0.46410846710205078
vt 0.4575190544128418 0.46410846710205078
vt 0.43880942463874817 0.46410846710205078
vt 0.42010113596916199 0.46410846710205078
vt 0.4013921320438385 0.46410846710205078
vt 0.38268464803695679 0.46410846710205078
vt 0.36397463083267212 0.46410846710205078
vt 0.92523980140686035 0.47440227866172791
vt 0.90686208009719849 0.47440227866172791
vt 0.88782227039337158 0.47440227866172791
vt 0.86980396509170532 0.47440227866172791
vt 0.85040420293807983 0.47440227866172791
vt 0.83124715089797974 0.47440227866172791
vt 0.81298667192459106 0.47440227866172791
vt 0.79427921772003174 0.47440227866172791
vt 0.77556872367858887 0.47440227866172791
vt 0.75686067342758179 0.47440227866172791
vt 0.73815101385116577 0.47440227866172791
vt 0.71944278478622437 0.47440227866172791
vt 0.7007337212562561 0.47440227866172791
vt 0.68202602863311768 0.47440227866172791
vt 0.66331648826599121 0.47440227866172791
vt 0.62589859962463379 0.47440227866172791
vt 0.60751944780349731 0.47440227866172791
vt 0.58848053216934204 0.47440227866172791
vt 0.57046127319335938 0.47440227866172791
vt 0.55106264352798462 0.47440227866172791
vt 0.53190451860427856 0.47440227866172791
vt 0.51364505290985107 0.47440227866172791
vt 0.49493655562400818 0.47440227866172791
vt 0.47622710466384888 0.47440227866172791
vt 0.4575190544128418 0.47440227866172791
vt 0.43880942463874817 0.47440227866172791
vt 0.42010113596916199 0.47440227866172791
vt 0.4013921320438385 0.47440227866172791
vt 0.38268464803695679 0.47440227866172791
vt 0.36397463083267212 0.47440227866172791
vt 0.92523980140686035 0.48469609022140503
vt 0.90686208009719849 0.48469609022140503
vt 0.88782227039337158 0.48469609022140503
vt 0.86980396509170532 0.48469609022140503
vt 0.85040420293807983 0.48469609022140503
vt 0.83124715089797974 0.48469609022140503
vt 0.81298667192459106 0.48469609022140503
vt 0.79427921772003174 0.48469609022140503
vt 0.77556872367858887 0.48469609022140503
vt 0.75686067342758179 0.48469609022140503
vt 0.73815101385116577 0.48469609022140503
vt 0.71944278478622437 0.48469609022140503
vt 0.7007337212562561 0.48469609022140503
vt 0.68202602863311768 0.48469609022140503
vt 0.66331648826599121 0.48469609022140503
vt 0.62589859962463379 0.48469609022140503
vt 0.60751944780349731 0.48469609022140503
vt 0.58848053216934204 0.48469609022140503
vt 0.57046127319335938 0.48469609022140503
vt 0.55106264352798462 0.48469609022140503
vt 0.53190451860427856 0.48469609022140503
vt 0.51364505290985107 0.48469609022140503
vt 0.49493655562400818 0.48469609022140503
vt 0.47622710466384888 0.48469609022140503
vt 0.4575190544128418 0.48469609022140503
vt 0.43880942463874817 0.48469609022140503
vt 0.42010113596916199 0.48469609022140503
vt 0.4013921320438385 0.48469609022140503
vt 0.38268464803695679 0.48469609022140503
vt 0.36397463083267212 0.48469609022140503
vt 0.92523980140686035 0.49563077092170715
vt 0.90686208009719849 0.49563077092170715
vt 0.88782227039337158 0.49563077092170715
vt 0.86980396509170532 0.49563077092170715
vt 0.85040420293807983 0.49563077092170715
vt 0.83124715089797974 0.49563077092170715
vt 0.81298667192459106 0.49563077092170715
vt 0.79427921772003174 0.49563077092170715
vt 0.77556872367858887 0.49563077092170715
vt 0.75686067342758179 0.49563077092170715
vt 0.73815101385116577 0.49563077092170715
vt 0.71944278478622437 0.49563077092170715
vt 0.7007337212562561 0.49563077092170715
vt 0.68202602863311768 0.49563077092170715
vt 0.66331648826599121 0.49563077092170715
vt 0.64460790157318115 0.49563077092170715
vt 0.62589859962463379 0.49563077092170715
vt 0.60751944780349731 0.49563077092170715
vt 0.58848053216934204 0.49563077092170715
vt 0.57046127319335938 0.49563077092170715
vt 0.55106264352798462 0.49563077092170715
vt 0.53190451860427856 0.49563077092170715
vt 0.51364505290985107 0.49563077092170715
vt 0.49493655562400818 0.49563077092170715
vt 0.47622710466384888 0.49563077092170715
vt 0.4575190544128418 0.49563077092170715
vt 0.43880942463874817 0.49563077092170715
vt 0.42010113596916199 0.49563077092170715
vt 0.4013921320438385 0.49563077092170715
vt 0.38268464803695679 0.49563077092170715
vt 0.36397463083267212 0.49563077092170715
vt 0.92523980140686035 0.50621378421783447
vt 0.90686208009719849 0.50621378421783447
vt 0.88782227039337158 0.50621378421783447
vt 0.86980396509170532 0.50621378421783447
vt 0.85040420293807983 0.50621378421783447
vt 0.83124715089797974 0.50621378421783447
vt 0.81298667192459106 0.50621378421783447
vt 0.79427921772003174 0.50621378421783447
vt 0.77556872367858887 0.50621378421783447
vt 0.75686067342758179 0.50621378421783447
vt 0.73815101385116577 0.50621378421783447
vt 0.71944278478622437 0.50621378421783447
vt 0.7007337212562561 0.50621378421783447
vt 0.68202602863311768 0.50621378421783447
vt 0.66331648826599121 0.50621378421783447
vt 0.64460790157318115 0.50621378421783447
vt 0.62589859962463379 0.50621378421783447
vt 0.60751944780349731 0.50621378421783447
vt 0.58848053216934204 0.50621378421783447
vt 0.57046127319335938 0.50621378421783447
vt 0.55106264352798462 0.50621378421783447
vt 0.53190451860427856 0.50621378421783447
vt 0.51364505290985107 0.50621378421783447
vt 0.49493655562400818 0.50621378421783447
vt 0.47622710466384888 0.50621378421783447
vt 0.4575190544128418 0.50621378421783447
vt 0.43880942463874817 0.50621378421783447
vt 0.42010113596916199 0.50621378421783447
vt 0.4013921320438385 0.50621378421783447
vt 0.38268464803695679 0.50621378421783447
vt 0.36397463083267212 0.50621378421783447
vt 0.92523980140686035 0.51662611961364746
vt 0.90686208009719849 0.51662611961364746
vt 0.88782227039337158 0.51662611961364746
vt 0.86980396509170532 0.51662611961364746
vt 0.85040420293807983 0.51662611961364746
vt 0.83124715089797974 0.51662611961364746
vt 0.81298667192459106 0.51662611961364746
vt 0.79427921772003174 0.51662611961364746
vt 0.77556872367858887 0.51662611961364746
vt 0.75686067342758179 0.51662611961364746
vt 0.73815101385116577 0.51662611961364746
vt 0.71944278478622437 0.51662611961364746
vt 0.7007337212562561 0.51662611961364746
vt 0.68202602863311768 0.51662611961364746
vt 0.66331648826599121 0.51662611961364746
vt 0.64460790157318115 0.51662611961364746
vt 0.62589859962463379 0.51662611961364746
vt 0.60751944780349731 0.51662611961364746
vt 0.58848053216934204 0.51662611961364746
vt 0.57046127319335938 0.51662611961364746
vt 0.55106264352798462 0.51662611961364746
vt 0.53190451860427856 0.51662611961364746
vt 0.51364505290985107 0.51662611961364746
vt 0.49493655562400818 0.51662611961364746
vt 0.47622710466384888 0.51662611961364746
vt 0.4575190544128418 0.51662611961364746
vt 0.43880942463874817 0.51662611961364746
vt 0.42010113596916199 0.51662611961364746
vt 0.4013921320438385 0.51662611961364746
vt 0.38268464803695679 0.51662611961364746
vt 0.36397463083267212 0.51662611961364746
vt 0.92523980140686035 0.52691996097564697
vt 0.90686208009719849 0.52691996097564697
vt 0.88782227039337158 0.52691996097564697
vt 0.86980396509170532 0.52691996097564697
vt 0.85040420293807983 0.52691996097564697
vt 0.83124715089797974 0.52691996097564697
vt 0.81298667192459106 0.52691996097564697
vt 0.79427921772003174 0.52691996097564697
vt 0.77556872367858887 0.52691996097564697
vt 0.75686067342758179 0.52691996097564697
vt 0.73815101385116577 0.52691996097564697
vt 0.71944278478622437 0.52691996097564697
vt 0.7007337212562561 0.52691996097564697
vt 0.68202602863311768 0.52691996097564697
vt 0.66331648826599121 0.52691996097564697
vt 0.64460790157318115 0.52691996097564697
vt 0.62589859962463379 0.52691996097564697
vt 0.60751944780349731 0.52691996097564697
vt 0.58848053216934204 0.52691996097564697
vt 0.57046127319335938 0.52691996097564697
vt 0.55106264352798462 0.52691996097564697
vt 0.53190451860427856 0.52691996097564697
vt 0.51364505290985107 0.52691996097564697
vt 0.49493655562400818 0.52691996097564697
vt 0.47622710466384888 0.52691996097564697
vt 0.4575190544128418 0.52691996097564697
vt 0.43880942463874817 0.52691996097564697
vt 0.42010113596916199 0.52691996097564697
vt 0.4013921320438385 0.52691996097564697
vt 0.38268464803695679 0.52691996097564697
vt 0.36397463083267212 0.52691996097564697
vt 0.92523980140686035 0.53721374273300171
vt 0.90686208009719849 0.53721374273300171
vt 0.88782227039337158 0.53721374273300171
vt 0.86980396509170532 0.53721374273300171
vt 0.85040420293807983 0.53721374273300171
vt 0.83124715089797974 0.53721374273300171
vt 0.81298667192459106 0.53721374273300171
vt 0.79427921772003174 0.53721374273300171
vt 0.77556872367858887 0.53721374273300171
vt 0.75686067342758179 0.53721374273300171
vt 0.73815101385116577 0.53721374273300171
vt 0.71944278478622437 0.53721374273300171
vt 0.7007337212562561 0.53721374273300171
vt 0.68202602863311768 0.53721374273300171
vt 0.66331648826599121 0.53721374273300171
vt 0.64460790157318115 0.53721374273300171
vt 0.62589859962463379 0.53721374273300171
vt 0.60751944780349731 0.53721374273300171
vt 0.58848053216934204 0.53721374273300171
vt 0.57046127319335938 0.53721374273300171
vt 0.55106264352798462 0.53721374273300171
vt 0.53190451860427856 0.53721374273300171
vt 0.51364505290985107 0.53721374273300171
vt 0.49493655562400818 0.53721374273300171
vt 0.47622710466384888 0.53721374273300171
vt 0.4575190544128418 0.53721374273300171
vt 0.43880942463874817 0.53721374273300171
vt 0.42010113596916199 0.53721374273300171
vt 0.4013921320438385 0.53721374273300171
vt 0.38268464803695679 0.53721374273300171
vt 0.36397463083267212 0.53721374273300171
vt 0.92523980140686035 0.54750758409500122
vt 0.90686208009719849 0.54750758409500122
vt 0.88782227039337158 0.54750758409500122
vt 0.86980396509170532 0.54750758409500122
vt 0.85040420293807983 0.54750758409500122
vt 0.83124715089797974 0.54750758409500122
vt 0.81298667192459106 0.54750758409500122
vt 0.79427921772003174 0.54750758409500122
vt 0.77556872367858887 0.54750758409500122
vt 0.75686067342758179 0.54750758409500122
vt 0.73815101385116577 0.54750758409500122
vt 0.71944278478622437 0.54750758409500122
vt 0.7007337212562561 0.54750758409500122
vt 0.68202602863311768 0.54750758409500122
vt 0.66331648826599121 0.54750758409500122
vt 0.64460790157318115 0.54750758409500122
vt 0.62589859962463379 0.54750758409500122
vt 0.60751944780349731 0.54750758409500122
vt 0.58848053216934204 0.54750758409500122
vt 0.57046127319335938 0.54750758409500122
vt 0.55106264352798462 0.54750758409500122
vt 0.53190451860427856 0.54750758409500122
vt 0.51364505290985107 0.54750758409500122
vt 0.49493655562400818 0.54750758409500122
vt 0.47622710466384888 0.54750758409500122
vt 0.4575190544128418 0.54750758409500122
vt 0.43880942463874817 0.54750758409500122
vt 0.42010113596916199 0.54750758409500122
vt 0.4013921320438385 0.54750758409500122
vt 0.38268464803695679 0.54750758409500122
vt 0.36397463083267212 0.54750758409500122
vt 0.92523980140686035 0.55780136585235596
vt 0.90686208009719849 0.55780136585235596
vt 0.88782227039337158 0.55780136585235596
vt 0.86980396509170532 0.55780136585235596
vt 0.85040420293807983 0.55780136585235596
vt 0.83124715089797974 0.55780136585235596
vt 0.81298667192459106 0.55780136585235596
vt 0.79427921772003174 0.55780136585235596
vt 0.77556872367858887 0.55780136585235596
vt 0.75686067342758179 0.55780136585235596
vt 0.73815101385116577 0.55780136585235596
vt 0.71944278478622437 0.55780136585235596
vt 0.7007337212562561 0.55780136585235596
vt 0.68202602863311768 0.55780136585235596
vt 0.66331648826599121 0.55780136585235596
vt 0.64460790157318115 0.55780136585235596
vt 0.62589859962463379 0.55780136585235596
vt 0.60751944780349731 0.55780136585235596
vt 0.58848053216934204 0.55780136585235596
vt 0.57046127319335938 0.55780136585235596
vt 0.55106264352798462 0.55780136585235596
vt 0.53190451860427856 0.55780136585235596
vt 0.51364505290985107 0.55780136585235596
vt 0.49493655562400818 0.55780136585235596
vt 0.47622710466384888 0.55780136585235596
vt 0.4575190544128418 0.55780136585235596
vt 0.43880942463874817 0.55780136585235596
vt 0.42010113596916199 0.55780136585235596
vt 0.4013921320438385 0.55780136585235596
vt 0.38268464803695679 0.55780136585235596
vt 0.36397463083267212 0.55780136585235596
vt 0.94395053386688232 0.56809520721435547
vt 0.34526523947715759 0.56809520721435547
vt 0.92651528120040894 0.56809520721435547
vt 0.90908002853393555 0.56809520721435547
vt 0.89059722423553467 0.56809520721435547
vt 0.87211441993713379 0.56809520721435547
vt 0.85286062955856323 0.56809520721435547
vt 0.83360683917999268 0.56809520721435547
vt 0.81394302845001221 0.56809520721435547
vt 0.79427921772003174 0.56809520721435547
vt 0.77461540699005127 0.56809520721435547
vt 0.7549515962600708 0.56809520721435547
vt 0.73569780588150024 0.56809520721435547
vt 0.71644401550292969 0.56809520721435547
vt 0.69796121120452881 0.56809520721435547
vt 0.67947840690612793 0.56809520721435547
vt 0.66204315423965454 0.56809520721435547
vt 0.64460790157318115 0.56809520721435547
vt 0.62717258930206299 0.56809520721435547
vt 0.60973739624023438 0.56809520721435547
vt 0.5912545919418335 0.56809520721435547
vt 0.57277172803878784 0.56809520721435547
vt 0.55351799726486206 0.56809520721435547
vt 0.5342642068862915 0.56809520721435547
vt 0.51460039615631104 0.56809520721435547
vt 0.49493655562400818 0.56809520721435547
vt 0.47527274489402771 0.56809520721435547
vt 0.45560893416404724 0.56809520721435547
vt 0.43635517358779907 0.56809520721435547
vt 0.41710138320922852 0.56809520721435547
vt 0.39861857891082764 0.56809520721435547
vt 0.38013574481010437 0.56809520721435547
vt 0.36270052194595337 0.56809520721435547
vt 0.34526523947715759 0.55767029523849487
vt 0.34526523947715759 0.54724544286727905
vt 0.34526523947715759 0.53682053089141846
vt 0.34526523947715759 0.52639567852020264
vt 0.34526523947715759 0.51597076654434204
vt 0.34526523947715759 0.50554585456848145
vt 0.34526523947715759 0.49512100219726562
vt 0.34526523947715759 0.48469609022140503
vt 0.34526523947715759 0.47427120804786682
vt 0.34526523947715759 0.46384632587432861
vt 0.34526523947715759 0.45342144370079041
vt 0.34526523947715759 0.4429965615272522
vt 0.34526523947715759 0.4325716495513916
vt 0.34526523947715759 0.42214676737785339
vt 0.34526523947715759 0.41172188520431519
vt 0.59031808376312256 0.40129700303077698
vt 0.59053307771682739 0.40727725625038147
vt 0.59116941690444946 0.41297796368598938
vt 0.59221994876861572 0.41846245527267456
vt 0.59368413686752319 0.42378261685371399
vt 0.59576898813247681 0.42947578430175781
vt 0.59830737113952637 0.43495586514472961
vt 0.60128837823867798 0.44027867913246155
vt 0.60470408201217651 0.44548633694648743
vt 0.60856211185455322 0.45063194632530212
vt 0.61282181739807129 0.45570048689842224
vt 0.62253701686859131 0.46575170755386353
vt 0.63289308547973633 0.47508713603019714
vt 0.64460790157318115 0.48469609022140503
vt 0.65632271766662598 0.47508725523948669
vt 0.66667908430099487 0.46575197577476501
vt 0.67639458179473877 0.45570072531700134
vt 0.68065440654754639 0.45063212513923645
vt 0.68451237678527832 0.44548651576042175
vt 0.6879279613494873 0.44027882814407349
vt 0.69090884923934937 0.43495595455169678
vt 0.69344711303710938 0.42947584390640259
vt 0.69553190469741821 0.42378267645835876
vt 0.69699597358703613 0.41846248507499695
vt 0.69804644584655762 0.41297799348831177
vt 0.69868278503417969 0.40727725625038147
vt 0.69889771938323975 0.40129700303077698
vt 0.94395053386688232 0.41172188520431519
vt 0.94395053386688232 0.42214676737785339
vt 0.94395053386688232 0.4325716495513916
vt 0.94395053386688232 0.4429965615272522
vt 0.94395053386688232 0.45342144370079041
vt 0.94395053386688232 0.46384632587432861
vt 0.94395053386688232 0.47427120804786682
vt 0.94395053386688232 0.48469609022140503
vt 0.94395053386688232 0.49512100219726562
vt 0.94395053386688232 0.50554585456848145
vt 0.94395053386688232 0.51597076654434204
vt 0.94395053386688232 0.52639567852020264
vt 0.94395053386688232 0.53682053089141846
vt 0.94395053386688232 0.54724544286727905
vt 0.94395053386688232 0.55767029523849487
vt 0.35398265719413757 0.40129700303077698
vt 0.36270031332969666 0.40129700303077698
vt 0.37141793966293335 0.40129700303077698
vt 0.38013556599617004 0.40129700303077698
vt 0.38937696814537048 0.40129700303077698
vt 0.39861840009689331 0.40129700303077698
vt 0.40785980224609375 0.40129700303077698
vt 0.41710123419761658 0.40129700303077698
vt 0.42672809958457947 0.40129700303077698
vt 0.43635502457618713 0.40129700303077698
vt 0.44598191976547241 0.40129700303077698
vt 0.45560884475708008 0.40129700303077698
vt 0.46544075012207031 0.40129700303077698
vt 0.47527265548706055 0.40129700303077698
vt 0.48510459065437317 0.40129700303077698
vt 0.4949364960193634 0.40129700303077698
vt 0.50476843118667603 0.40129700303077698
vt 0.51460033655166626 0.40129700303077698
vt 0.52443224191665649 0.40129700303077698
vt 0.53426414728164673 0.40129700303077698
vt 0.54389107227325439 0.40129700303077698
vt 0.55351799726486206 0.40129700303077698
vt 0.56314486265182495 0.40129700303077698
vt 0.57277172803878784 0.40129700303077698
vt 0.57984554767608643 0.40129700303077698
vt 0.7093697190284729 0.40129700303077698
vt 0.71644401550292969 0.40129700303077698
vt 0.72607088088989258 0.40129700303077698
vt 0.73569780588150024 0.40129700303077698
vt 0.74532473087310791 0.40129700303077698
vt 0.7549515962600708 0.40129700303077698
vt 0.76478350162506104 0.40129700303077698
vt 0.77461546659469604 0.40129700303077698
vt 0.78444737195968628 0.40129700303077698
vt 0.79427927732467651 0.40129700303077698
vt 0.80411118268966675 0.40129700303077698
vt 0.81394314765930176 0.40129700303077698
vt 0.82377505302429199 0.40129700303077698
vt 0.83360695838928223 0.40129700303077698
vt 0.84323388338088989 0.40129700303077698
vt 0.85286074876785278 0.40129700303077698
vt 0.86248767375946045 0.40129700303077698
vt 0.87211459875106812 0.40129700303077698
vt 0.88135600090026855 0.40129700303077698
vt 0.89059740304946899 0.40129700303077698
vt 0.89983886480331421 0.40129700303077698
vt 0.90908026695251465 0.40129700303077698
vt 0.91779792308807373 0.40129700303077698
vt 0.92651551961898804 0.40129700303077698
vt 0.93523317575454712 0.40129700303077698
vt 0.7007337212562561 0.4122316837310791
vt 0.58848053216934204 0.4122316837310791
vt 0.440765380859375 0.075705729424953461
vt 0.440765380859375 0.08628874272108078
vt 0.39301532506942749 0.08628874272108078
vt 0.440765380859375 0.096701040863990784
vt 0.39301532506942749 0.096701040863990784
vt 0.440765380859375 0.10699484497308731
vt 0.39301532506942749 0.10699484497308731
vt 0.440765380859375 0.11728865653276443
vt 0.39301532506942749 0.11728865653276443
vt 0.440765380859375 0.12758246064186096
vt 0.39301532506942749 0.12758246064186096
vt 0.440765380859375 0.13787627220153809
vt 0.39301532506942749 0.13787627220153809
vt 0.440765380859375 0.14817006886005402
vt 0.39301532506942749 0.14817006886005402
vt 0.440765380859375 0.15910474956035614
vt 0.39301532506942749 0.15910474956035614
vt 0.440765380859375 0.16968776285648346
vt 0.39301532506942749 0.16968776285648346
vt 0.440765380859375 0.18010005354881287
vt 0.39301532506942749 0.18010005354881287
vt 0.440765380859375 0.19039388000965118
vt 0.39301532506942749 0.19039388000965118
vt 0.440765380859375 0.20068767666816711
vt 0.39301532506942749 0.20068767666816711
vt 0.440765380859375 0.21098147332668304
vt 0.39301532506942749 0.21098147332668304
vt 0.440765380859375 0.22127529978752136
vt 0.39114198088645935 0.064771048724651337
vt 0.40201640129089355 0.064771048724651337
vt 0.43084526062011719 0.064771048724651337
vt 0.45967411994934082 0.064771048724651337
vt 0.48850300908088684 0.064771048724651337
vt 0.41689035296440125 0.075705729424953461
vt 0.440765380859375 0.070238389074802399
vt 0.41689035296440125 0.070238389074802399
vt 0.48850300908088684 0.23156909644603729
vt 0.45967409014701843 0.23156909644603729
vt 0.43084520101547241 0.23156909644603729
vt 0.40201631188392639 0.23156909644603729
vt 0.3911418616771698 0.23156909644603729
vt 0.41689035296440125 0.22127529978752136
vt 0.440765380859375 0.22642219066619873
vt 0.41689035296440125 0.22642219066619873
vt 0.34526523947715759 0.14817006886005402
vt 0.35395717620849609 0.13856108486652374
vt 0.36212867498397827 0.12922582030296326
vt 0.37026104331016541 0.11917448043823242
vt 0.37398225069046021 0.11410592496395111
vt 0.37744024395942688 0.10896036028862
vt 0.38057473301887512 0.10375268757343292
vt 0.38336879014968872 0.098429903388023376
vt 0.38579249382019043 0.092949815094470978
vt 0.38781490921974182 0.087256692349910736
vt 0.38925260305404663 0.081936515867710114
vt 0.3902931809425354 0.07645203173160553
vt 0.39092713594436646 0.070751309394836426
vt 0.39301532506942749 0.1224355548620224
vt 0.39301532506942749 0.11214175075292587
vt 0.39301532506942749 0.10184794664382935
vt 0.39301532506942749 0.09149489551782608
vt 0.39301532506942749 0.08889181911945343
vt 0.39301532506942749 0.08099723607301712
vt 0.41689035296440125 0.096701040863990784
vt 0.41689035296440125 0.08628874272108078
vt 0.440765380859375 0.09149489551782608
vt 0.41689035296440125 0.09149489551782608
vt 0.39301532506942749 0.08364298939704895
vt 0.440765380859375 0.08099723607301712
vt 0.41689035296440125 0.08099723607301712
vt 0.3909270167350769 0.22558882832527161
vt 0.39029306173324585 0.21988809108734131
vt 0.38925245404243469 0.21440359950065613
vt 0.38781479001045227 0.20908340811729431
vt 0.38579237461090088 0.20339027047157288
vt 0.38336864113807678 0.19791014492511749
vt 0.38057458400726318 0.19258733093738556
vt 0.37744009494781494 0.1873796135187149
vt 0.37398213148117065 0.1822340339422226
vt 0.37026089429855347 0.1771654486656189
vt 0.36212852597236633 0.16711406409740448
vt 0.35395711660385132 0.15777893364429474
vt 0.39301532506942749 0.21612837910652161
vt 0.41689035296440125 0.21098147332668304
vt 0.440765380859375 0.21612837910652161
vt 0.41689035296440125 0.21612837910652161
vt 0.39301532506942749 0.21355493366718292
vt 0.39301532506942749 0.20583458244800568
vt 0.39301532506942749 0.20840802788734436
vt 0.41689035296440125 0.20068767666816711
vt 0.440765380859375 0.20583458244800568
vt 0.41689035296440125 0.20583458244800568
vt 0.39301532506942749 0.19554077088832855
vt 0.39301532506942749 0.18524695932865143
vt 0.39301532506942749 0.17489391565322876
vt 0.48850300908088684 0.075195930898189545
vt 0.48850300908088684 0.085620805621147156
vt 0.48850300908088684 0.096045687794685364
vt 0.48850300908088684 0.10647056251764297
vt 0.48850300908088684 0.11689543724060059
vt 0.48850300908088684 0.12732031941413879
vt 0.48850300908088684 0.137745201587677
vt 0.48850300908088684 0.14817006886005402
vt 0.48850300908088684 0.15859495103359222
vt 0.48850300908088684 0.16901983320713043
vt 0.48850300908088684 0.17944470047950745
vt 0.48850300908088684 0.18986958265304565
vt 0.48850300908088684 0.20029446482658386
vt 0.48850300908088684 0.21071934700012207
vt 0.48850300908088684 0.22114421427249908
vt 0.46464040875434875 0.075705729424953461
vt 0.46464040875434875 0.070238389074802399
vt 0.46464040875434875 0.08628874272108078
vt 0.46464040875434875 0.08099723607301712
vt 0.46464040875434875 0.096701040863990784
vt 0.46464040875434875 0.09149489551782608
vt 0.46464040875434875 0.10699484497308731
vt 0.440765380859375 0.10184794664382935
vt 0.46464040875434875 0.10184794664382935
vt 0.46464040875434875 0.11728865653276443
vt 0.440765380859375 0.11214175075292587
vt 0.46464040875434875 0.11214175075292587
vt 0.46464040875434875 0.12758246064186096
vt 0.440765380859375 0.1224355548620224
vt 0.46464040875434875 0.1224355548620224
vt 0.46464040875434875 0.13787627220153809
vt 0.440765380859375 0.13272936642169952
vt 0.46464040875434875 0.13272936642169952
vt 0.46464040875434875 0.15910474956035614
vt 0.440765380859375 0.15363740921020508
vt 0.46464040875434875 0.14817006886005402
vt 0.46464040875434875 0.15363740921020508
vt 0.46464040875434875 0.16968776285648346
vt 0.440765380859375 0.1643962562084198
vt 0.46464040875434875 0.1643962562084198
vt 0.46464040875434875 0.18010005354881287
vt 0.440765380859375 0.17489391565322876
vt 0.46464040875434875 0.17489391565322876
vt 0.46464040875434875 0.19039388000965118
vt 0.440765380859375 0.18524695932865143
vt 0.46464040875434875 0.18524695932865143
vt 0.46464040875434875 0.20068767666816711
vt 0.440765380859375 0.19554077088832855
vt 0.46464040875434875 0.19554077088832855
vt 0.46464040875434875 0.21098147332668304
vt 0.46464040875434875 0.20583458244800568
vt 0.46464040875434875 0.22127529978752136
vt 0.46464040875434875 0.21612837910652161
vt 0.46464040875434875 0.22642219066619873
vt 0.34526523947715759 0.063306204974651337
vt 0.34526523947715759 0.055943094193935394
vt 0.34526523947715759 0.048579975962638855
vt 0.51352810859680176 0.048578348010778427
vt 0.51352810859680176 0.055942140519618988
vt 0.3557816743850708 0.04857993870973587
vt 0.36629810929298401 0.048579875379800797
vt 0.37681454420089722 0.048579782247543335
vt 0.38733097910881042 0.048579659312963486
vt 0.39784741401672363 0.048579510301351547
vt 0.40836381912231445 0.048579331487417221
vt 0.41888025403022766 0.048579126596450806
vt 0.42939668893814087 0.048578891903162003
vt 0.43991312384605408 0.048578664660453796
vt 0.45042955875396729 0.048578482121229172
vt 0.46094599366188049 0.048578348010778427
vt 0.4714624285697937 0.048578258603811264
vt 0.48197883367538452 0.048578210175037384
vt 0.49249526858329773 0.048578210175037384
vt 0.50301170349121094 0.048578254878520966
vt 0.51352810859680176 0.063306204974651337
vt 0.50301170349121094 0.063306204974651337
vt 0.49249526858329773 0.063306204974651337
vt 0.48197883367538452 0.063306204974651337
vt 0.4714624285697937 0.063306204974651337
vt 0.46094599366188049 0.063306204974651337
vt 0.45042955875396729 0.063306204974651337
vt 0.43991312384605408 0.063306204974651337
vt 0.42939668893814087 0.063306204974651337
vt 0.41888025403022766 0.063306204974651337
vt 0.40836381912231445 0.063306204974651337
vt 0.39784741401672363 0.063306204974651337
vt 0.38733097910881042 0.063306204974651337
vt 0.37681454420089722 0.063306204974651337
vt 0.36629810929298401 0.063306204974651337
vt 0.3557816743850708 0.063306204974651337
vt 0.51352810859680176 0.014727836474776268
vt 0.34526523947715759 0.014727836474776268
vt 0.34526523947715759 0.0073646102100610733
vt 0.34526523947715759 1.3830525631419732E-06
vt 0.51352810859680176 1.0964458141415889E-07
vt 0.51352810859680176 0.0073638670146465302
vt 0.50301170349121094 0.014727836474776268
vt 0.49249526858329773 0.014727836474776268
vt 0.48197883367538452 0.014727836474776268
vt 0.4714624285697937 0.014727836474776268
vt 0.46094599366188049 0.014727836474776268
vt 0.45042955875396729 0.014727836474776268
vt 0.43991312384605408 0.014727836474776268
vt 0.42939668893814087 0.014727836474776268
vt 0.41888025403022766 0.014727836474776268
vt 0.40836381912231445 0.014727836474776268
vt 0.39784741401672363 0.014727836474776268
vt 0.38733097910881042 0.014727836474776268
vt 0.37681454420089722 0.014727836474776268
vt 0.36629810929298401 0.014727836474776268
vt 0.3557816743850708 0.014727836474776268
vt 0.3557816743850708 1.3538568737203605E-06
vt 0.36629810929298401 1.302683585890918E-06
vt 0.37681454420089722 1.229532699653646E-06
vt 0.38733097910881042 1.1344042150085443E-06
vt 0.39784741401672363 1.0172980182687752E-06
vt 0.40836381912231445 8.7821427996459533E-07
vt 0.41888025403022766 7.1715288640916697E-07
vt 0.42939668893814087 5.3411389444590895E-07
vt 0.43991312384605408 3.5770722206507344E-07
vt 0.45042955875396729 2.1654287252204085E-07
vt 0.46094599366188049 1.1062076765711026E-07
vt 0.4714624285697937 3.9940967866414212E-08
vt 0.48197883367538452 4.5034451723324764E-09
vt 0.49249526858329773 4.3082075684708343E-09
vt 0.50301170349121094 3.9355253278472446E-08
vt 0.94395053386688232 0.23303394019603729
vt 0.34526523947715759 0.23303394019603729
vt 0.92523980140686035 0.24396863579750061
vt 0.90686208009719849 0.24396863579750061
vt 0.88782227039337158 0.24396863579750061
vt 0.86980396509170532 0.24396863579750061
vt 0.85040420293807983 0.24396863579750061
vt 0.83124715089797974 0.24396863579750061
vt 0.81298667192459106 0.24396863579750061
vt 0.79427921772003174 0.24396863579750061
vt 0.77556872367858887 0.24396863579750061
vt 0.75686067342758179 0.24396863579750061
vt 0.73815101385116577 0.24396863579750061
vt 0.71944278478622437 0.24396863579750061
vt 0.7007337212562561 0.24396863579750061
vt 0.68202602863311768 0.24396863579750061
vt 0.66331648826599121 0.24396863579750061
vt 0.64460790157318115 0.24396863579750061
vt 0.62589859962463379 0.24396863579750061
vt 0.60751944780349731 0.24396863579750061
vt 0.58848053216934204 0.24396863579750061
vt 0.57046127319335938 0.24396863579750061
vt 0.55106264352798462 0.24396863579750061
vt 0.53190451860427856 0.24396863579750061
vt 0.51364505290985107 0.24396863579750061
vt 0.49493655562400818 0.24396863579750061
vt 0.47622710466384888 0.24396863579750061
vt 0.4575190544128418 0.24396863579750061
vt 0.43880942463874817 0.24396863579750061
vt 0.42010113596916199 0.24396863579750061
vt 0.4013921320438385 0.24396863579750061
vt 0.38268464803695679 0.24396863579750061
vt 0.36397463083267212 0.24396863579750061
vt 0.92523980140686035 0.25455164909362793
vt 0.90686208009719849 0.25455164909362793
vt 0.88782227039337158 0.25455164909362793
vt 0.86980396509170532 0.25455164909362793
vt 0.85040420293807983 0.25455164909362793
vt 0.83124715089797974 0.25455164909362793
vt 0.81298667192459106 0.25455164909362793
vt 0.79427921772003174 0.25455164909362793
vt 0.77556872367858887 0.25455164909362793
vt 0.75686067342758179 0.25455164909362793
vt 0.73815101385116577 0.25455164909362793
vt 0.71944278478622437 0.25455164909362793
vt 0.7007337212562561 0.25455164909362793
vt 0.68202602863311768 0.25455164909362793
vt 0.66331648826599121 0.25455164909362793
vt 0.64460790157318115 0.25455164909362793
vt 0.62589859962463379 0.25455164909362793
vt 0.60751944780349731 0.25455164909362793
vt 0.58848053216934204 0.25455164909362793
vt 0.57046127319335938 0.25455164909362793
vt 0.55106264352798462 0.25455164909362793
vt 0.53190451860427856 0.25455164909362793
vt 0.51364505290985107 0.25455164909362793
vt 0.49493655562400818 0.25455164909362793
vt 0.47622710466384888 0.25455164909362793
vt 0.4575190544128418 0.25455164909362793
vt 0.43880942463874817 0.25455164909362793
vt 0.42010113596916199 0.25455164909362793
vt 0.4013921320438385 0.25455164909362793
vt 0.38268464803695679 0.25455164909362793
vt 0.36397463083267212 0.25455164909362793
vt 0.92523980140686035 0.26496395468711853
vt 0.90686208009719849 0.26496395468711853
vt 0.88782227039337158 0.26496395468711853
vt 0.86980396509170532 0.26496395468711853
vt 0.85040420293807983 0.26496395468711853
vt 0.83124715089797974 0.26496395468711853
vt 0.81298667192459106 0.26496395468711853
vt 0.79427921772003174 0.26496395468711853
vt 0.77556872367858887 0.26496395468711853
vt 0.75686067342758179 0.26496395468711853
vt 0.73815101385116577 0.26496395468711853
vt 0.71944278478622437 0.26496395468711853
vt 0.7007337212562561 0.26496395468711853
vt 0.68202602863311768 0.26496395468711853
vt 0.66331648826599121 0.26496395468711853
vt 0.64460790157318115 0.26496395468711853
vt 0.62589859962463379 0.26496395468711853
vt 0.60751944780349731 0.26496395468711853
vt 0.58848053216934204 0.26496395468711853
vt 0.57046127319335938 0.26496395468711853
vt 0.55106264352798462 0.26496395468711853
vt 0.53190451860427856 0.26496395468711853
vt 0.51364505290985107 0.26496395468711853
vt 0.49493655562400818 0.26496395468711853
vt 0.47622710466384888 0.26496395468711853
vt 0.4575190544128418 0.26496395468711853
vt 0.43880942463874817 0.26496395468711853
vt 0.42010113596916199 0.26496395468711853
vt 0.4013921320438385 0.26496395468711853
vt 0.38268464803695679 0.26496395468711853
vt 0.36397463083267212 0.26496395468711853
vt 0.92523980140686035 0.27525779604911804
vt 0.90686208009719849 0.27525779604911804
vt 0.88782227039337158 0.27525779604911804
vt 0.86980396509170532 0.27525779604911804
vt 0.85040420293807983 0.27525779604911804
vt 0.83124715089797974 0.27525779604911804
vt 0.81298667192459106 0.27525779604911804
vt 0.79427921772003174 0.27525779604911804
vt 0.77556872367858887 0.27525779604911804
vt 0.75686067342758179 0.27525779604911804
vt 0.73815101385116577 0.27525779604911804
vt 0.71944278478622437 0.27525779604911804
vt 0.7007337212562561 0.27525779604911804
vt 0.68202602863311768 0.27525779604911804
vt 0.66331648826599121 0.27525779604911804
vt 0.64460790157318115 0.27525779604911804
vt 0.62589859962463379 0.27525779604911804
vt 0.60751944780349731 0.27525779604911804
vt 0.58848053216934204 0.27525779604911804
vt 0.57046127319335938 0.27525779604911804
vt 0.55106264352798462 0.27525779604911804
vt 0.53190451860427856 0.27525779604911804
vt 0.51364505290985107 0.27525779604911804
vt 0.49493655562400818 0.27525779604911804
vt 0.47622710466384888 0.27525779604911804
vt 0.4575190544128418 0.27525779604911804
vt 0.43880942463874817 0.27525779604911804
vt 0.42010113596916199 0.27525779604911804
vt 0.4013921320438385 0.27525779604911804
vt 0.38268464803695679 0.27525779604911804
vt 0.36397463083267212 0.27525779604911804
vt 0.92523980140686035 0.28555160760879517
vt 0.90686208009719849 0.28555160760879517
vt 0.88782227039337158 0.28555160760879517
vt 0.86980396509170532 0.28555160760879517
vt 0.85040420293807983 0.28555160760879517
vt 0.83124715089797974 0.28555160760879517
vt 0.81298667192459106 0.28555160760879517
vt 0.79427921772003174 0.28555160760879517
vt 0.77556872367858887 0.28555160760879517
vt 0.75686067342758179 0.28555160760879517
vt 0.73815101385116577 0.28555160760879517
vt 0.71944278478622437 0.28555160760879517
vt 0.7007337212562561 0.28555160760879517
vt 0.68202602863311768 0.28555160760879517
vt 0.66331648826599121 0.28555160760879517
vt 0.64460790157318115 0.28555160760879517
vt 0.62589859962463379 0.28555160760879517
vt 0.60751944780349731 0.28555160760879517
vt 0.58848053216934204 0.28555160760879517
vt 0.57046127319335938 0.28555160760879517
vt 0.55106264352798462 0.28555160760879517
vt 0.53190451860427856 0.28555160760879517
vt 0.51364505290985107 0.28555160760879517
vt 0.49493655562400818 0.28555160760879517
vt 0.47622710466384888 0.28555160760879517
vt 0.4575190544128418 0.28555160760879517
vt 0.43880942463874817 0.28555160760879517
vt 0.42010113596916199 0.28555160760879517
vt 0.4013921320438385 0.28555160760879517
vt 0.38268464803695679 0.28555160760879517
vt 0.36397463083267212 0.28555160760879517
vt 0.92523980140686035 0.29584541916847229
vt 0.90686208009719849 0.29584541916847229
vt 0.88782227039337158 0.29584541916847229
vt 0.86980396509170532 0.29584541916847229
vt 0.85040420293807983 0.29584541916847229
vt 0.83124715089797974 0.29584541916847229
vt 0.81298667192459106 0.29584541916847229
vt 0.79427921772003174 0.29584541916847229
vt 0.77556872367858887 0.29584541916847229
vt 0.75686067342758179 0.29584541916847229
vt 0.73815101385116577 0.29584541916847229
vt 0.71944278478622437 0.29584541916847229
vt 0.7007337212562561 0.29584541916847229
vt 0.68202602863311768 0.29584541916847229
vt 0.66331648826599121 0.29584541916847229
vt 0.64460790157318115 0.29584541916847229
vt 0.62589859962463379 0.29584541916847229
vt 0.60751944780349731 0.29584541916847229
vt 0.58848053216934204 0.29584541916847229
vt 0.57046127319335938 0.29584541916847229
vt 0.55106264352798462 0.29584541916847229
vt 0.53190451860427856 0.29584541916847229
vt 0.51364505290985107 0.29584541916847229
vt 0.49493655562400818 0.29584541916847229
vt 0.47622710466384888 0.29584541916847229
vt 0.4575190544128418 0.29584541916847229
vt 0.43880942463874817 0.29584541916847229
vt 0.42010113596916199 0.29584541916847229
vt 0.4013921320438385 0.29584541916847229
vt 0.38268464803695679 0.29584541916847229
vt 0.36397463083267212 0.29584541916847229
vt 0.92523980140686035 0.30613923072814941
vt 0.90686208009719849 0.30613923072814941
vt 0.88782227039337158 0.30613923072814941
vt 0.86980396509170532 0.30613923072814941
vt 0.85040420293807983 0.30613923072814941
vt 0.83124715089797974 0.30613923072814941
vt 0.81298667192459106 0.30613923072814941
vt 0.79427921772003174 0.30613923072814941
vt 0.77556872367858887 0.30613923072814941
vt 0.75686067342758179 0.30613923072814941
vt 0.73815101385116577 0.30613923072814941
vt 0.71944278478622437 0.30613923072814941
vt 0.7007337212562561 0.30613923072814941
vt 0.68202602863311768 0.30613923072814941
vt 0.66331648826599121 0.30613923072814941
vt 0.64460790157318115 0.30613923072814941
vt 0.62589859962463379 0.30613923072814941
vt 0.60751944780349731 0.30613923072814941
vt 0.58848053216934204 0.30613923072814941
vt 0.57046127319335938 0.30613923072814941
vt 0.55106264352798462 0.30613923072814941
vt 0.53190451860427856 0.30613923072814941
vt 0.51364505290985107 0.30613923072814941
vt 0.49493655562400818 0.30613923072814941
vt 0.47622710466384888 0.30613923072814941
vt 0.4575190544128418 0.30613923072814941
vt 0.43880942463874817 0.30613923072814941
vt 0.42010113596916199 0.30613923072814941
vt 0.4013921320438385 0.30613923072814941
vt 0.38268464803695679 0.30613923072814941
vt 0.36397463083267212 0.30613923072814941
vt 0.92523980140686035 0.31643304228782654
vt 0.90686208009719849 0.31643304228782654
vt 0.88782227039337158 0.31643304228782654
vt 0.86980396509170532 0.31643304228782654
vt 0.85040420293807983 0.31643304228782654
vt 0.83124715089797974 0.31643304228782654
vt 0.81298667192459106 0.31643304228782654
vt 0.79427921772003174 0.31643304228782654
vt 0.77556872367858887 0.31643304228782654
vt 0.75686067342758179 0.31643304228782654
vt 0.73815101385116577 0.31643304228782654
vt 0.71944278478622437 0.31643304228782654
vt 0.7007337212562561 0.31643304228782654
vt 0.68202602863311768 0.31643304228782654
vt 0.66331648826599121 0.31643304228782654
vt 0.62589859962463379 0.31643304228782654
vt 0.60751944780349731 0.31643304228782654
vt 0.58848053216934204 0.31643304228782654
vt 0.57046127319335938 0.31643304228782654
vt 0.55106264352798462 0.31643304228782654
vt 0.53190451860427856 0.31643304228782654
vt 0.51364505290985107 0.31643304228782654
vt 0.49493655562400818 0.31643304228782654
vt 0.47622710466384888 0.31643304228782654
vt 0.4575190544128418 0.31643304228782654
vt 0.43880942463874817 0.31643304228782654
vt 0.42010113596916199 0.31643304228782654
vt 0.4013921320438385 0.31643304228782654
vt 0.38268464803695679 0.31643304228782654
vt 0.36397463083267212 0.31643304228782654
vt 0.92523980140686035 0.32736772298812866
vt 0.90686208009719849 0.32736772298812866
vt 0.88782227039337158 0.32736772298812866
vt 0.86980396509170532 0.32736772298812866
vt 0.85040420293807983 0.32736772298812866
vt 0.83124715089797974 0.32736772298812866
vt 0.81298667192459106 0.32736772298812866
vt 0.79427921772003174 0.32736772298812866
vt 0.77556872367858887 0.32736772298812866
vt 0.75686067342758179 0.32736772298812866
vt 0.73815101385116577 0.32736772298812866
vt 0.71944278478622437 0.32736772298812866
vt 0.7007337212562561 0.32736772298812866
vt 0.68202602863311768 0.32736772298812866
vt 0.66331648826599121 0.32736772298812866
vt 0.62589859962463379 0.32736772298812866
vt 0.60751944780349731 0.32736772298812866
vt 0.58848053216934204 0.32736772298812866
vt 0.57046127319335938 0.32736772298812866
vt 0.55106264352798462 0.32736772298812866
vt 0.53190451860427856 0.32736772298812866
vt 0.51364505290985107 0.32736772298812866
vt 0.49493655562400818 0.32736772298812866
vt 0.47622710466384888 0.32736772298812866
vt 0.4575190544128418 0.32736772298812866
vt 0.43880942463874817 0.32736772298812866
vt 0.42010113596916199 0.32736772298812866
vt 0.4013921320438385 0.32736772298812866
vt 0.38268464803695679 0.32736772298812866
vt 0.36397463083267212 0.32736772298812866
vt 0.92523980140686035 0.33795076608657837
vt 0.90686208009719849 0.33795076608657837
vt 0.88782227039337158 0.33795076608657837
vt 0.86980396509170532 0.33795076608657837
vt 0.85040420293807983 0.33795076608657837
vt 0.83124715089797974 0.33795076608657837
vt 0.81298667192459106 0.33795076608657837
vt 0.79427921772003174 0.33795076608657837
vt 0.77556872367858887 0.33795076608657837
vt 0.75686067342758179 0.33795076608657837
vt 0.73815101385116577 0.33795076608657837
vt 0.71944278478622437 0.33795076608657837
vt 0.7007337212562561 0.33795076608657837
vt 0.68202602863311768 0.33795076608657837
vt 0.60751944780349731 0.33795076608657837
vt 0.58848053216934204 0.33795076608657837
vt 0.57046127319335938 0.33795076608657837
vt 0.55106264352798462 0.33795076608657837
vt 0.53190451860427856 0.33795076608657837
vt 0.51364505290985107 0.33795076608657837
vt 0.49493655562400818 0.33795076608657837
vt 0.47622710466384888 0.33795076608657837
vt 0.4575190544128418 0.33795076608657837
vt 0.43880942463874817 0.33795076608657837
vt 0.42010113596916199 0.33795076608657837
vt 0.4013921320438385 0.33795076608657837
vt 0.38268464803695679 0.33795076608657837
vt 0.36397463083267212 0.33795076608657837
vt 0.92523980140686035 0.34836304187774658
vt 0.90686208009719849 0.34836304187774658
vt 0.88782227039337158 0.34836304187774658
vt 0.86980396509170532 0.34836304187774658
vt 0.85040420293807983 0.34836304187774658
vt 0.83124715089797974 0.34836304187774658
vt 0.81298667192459106 0.34836304187774658
vt 0.79427921772003174 0.34836304187774658
vt 0.77556872367858887 0.34836304187774658
vt 0.75686067342758179 0.34836304187774658
vt 0.73815101385116577 0.34836304187774658
vt 0.71944278478622437 0.34836304187774658
vt 0.7007337212562561 0.34836304187774658
vt 0.58848053216934204 0.34836304187774658
vt 0.57046127319335938 0.34836304187774658
vt 0.55106264352798462 0.34836304187774658
vt 0.53190451860427856 0.34836304187774658
vt 0.51364505290985107 0.34836304187774658
vt 0.49493655562400818 0.34836304187774658
vt 0.47622710466384888 0.34836304187774658
vt 0.4575190544128418 0.34836304187774658
vt 0.43880942463874817 0.34836304187774658
vt 0.42010113596916199 0.34836304187774658
vt 0.4013921320438385 0.34836304187774658
vt 0.38268464803695679 0.34836304187774658
vt 0.36397463083267212 0.34836304187774658
vt 0.92523980140686035 0.35865688323974609
vt 0.90686208009719849 0.35865688323974609
vt 0.88782227039337158 0.35865688323974609
vt 0.86980396509170532 0.35865688323974609
vt 0.85040420293807983 0.35865688323974609
vt 0.83124715089797974 0.35865688323974609
vt 0.81298667192459106 0.35865688323974609
vt 0.79427921772003174 0.35865688323974609
vt 0.77556872367858887 0.35865688323974609
vt 0.75686067342758179 0.35865688323974609
vt 0.73815101385116577 0.35865688323974609
vt 0.71944278478622437 0.35865688323974609
vt 0.7007337212562561 0.35865688323974609
vt 0.58848053216934204 0.35865688323974609
vt 0.57046127319335938 0.35865688323974609
vt 0.55106264352798462 0.35865688323974609
vt 0.53190451860427856 0.35865688323974609
vt 0.51364505290985107 0.35865688323974609
vt 0.49493655562400818 0.35865688323974609
vt 0.47622710466384888 0.35865688323974609
vt 0.4575190544128418 0.35865688323974609
vt 0.43880942463874817 0.35865688323974609
vt 0.42010113596916199 0.35865688323974609
vt 0.4013921320438385 0.35865688323974609
vt 0.38268464803695679 0.35865688323974609
vt 0.36397463083267212 0.35865688323974609
vt 0.92523980140686035 0.36895069479942322
vt 0.90686208009719849 0.36895069479942322
vt 0.88782227039337158 0.36895069479942322
vt 0.86980396509170532 0.36895069479942322
vt 0.85040420293807983 0.36895069479942322
vt 0.83124715089797974 0.36895069479942322
vt 0.81298667192459106 0.36895069479942322
vt 0.79427921772003174 0.36895069479942322
vt 0.77556872367858887 0.36895069479942322
vt 0.75686067342758179 0.36895069479942322
vt 0.73815101385116577 0.36895069479942322
vt 0.71944278478622437 0.36895069479942322
vt 0.7007337212562561 0.36895069479942322
vt 0.58848053216934204 0.36895069479942322
vt 0.57046127319335938 0.36895069479942322
vt 0.55106264352798462 0.36895069479942322
vt 0.53190451860427856 0.36895069479942322
vt 0.51364505290985107 0.36895069479942322
vt 0.49493655562400818 0.36895069479942322
vt 0.47622710466384888 0.36895069479942322
vt 0.4575190544128418 0.36895069479942322
vt 0.43880942463874817 0.36895069479942322
vt 0.42010113596916199 0.36895069479942322
vt 0.4013921320438385 0.36895069479942322
vt 0.38268464803695679 0.36895069479942322
vt 0.36397463083267212 0.36895069479942322
vt 0.92523980140686035 0.37924450635910034
vt 0.90686208009719849 0.37924450635910034
vt 0.88782227039337158 0.37924450635910034
vt 0.86980396509170532 0.37924450635910034
vt 0.85040420293807983 0.37924450635910034
vt 0.83124715089797974 0.37924450635910034
vt 0.81298667192459106 0.37924450635910034
vt 0.79427921772003174 0.37924450635910034
vt 0.77556872367858887 0.37924450635910034
vt 0.75686067342758179 0.37924450635910034
vt 0.73815101385116577 0.37924450635910034
vt 0.71944278478622437 0.37924450635910034
vt 0.7007337212562561 0.37924450635910034
vt 0.58848053216934204 0.37924450635910034
vt 0.57046127319335938 0.37924450635910034
vt 0.55106264352798462 0.37924450635910034
vt 0.53190451860427856 0.37924450635910034
vt 0.51364505290985107 0.37924450635910034
vt 0.49493655562400818 0.37924450635910034
vt 0.47622710466384888 0.37924450635910034
vt 0.4575190544128418 0.37924450635910034
vt 0.43880942463874817 0.37924450635910034
vt 0.42010113596916199 0.37924450635910034
vt 0.4013921320438385 0.37924450635910034
vt 0.38268464803695679 0.37924450635910034
vt 0.36397463083267212 0.37924450635910034
vt 0.92523980140686035 0.38953831791877747
vt 0.90686208009719849 0.38953831791877747
vt 0.88782227039337158 0.38953831791877747
vt 0.86980396509170532 0.38953831791877747
vt 0.85040420293807983 0.38953831791877747
vt 0.83124715089797974 0.38953831791877747
vt 0.81298667192459106 0.38953831791877747
vt 0.79427921772003174 0.38953831791877747
vt 0.77556872367858887 0.38953831791877747
vt 0.75686067342758179 0.38953831791877747
vt 0.73815101385116577 0.38953831791877747
vt 0.71944278478622437 0.38953831791877747
vt 0.57046127319335938 0.38953831791877747
vt 0.55106264352798462 0.38953831791877747
vt 0.53190451860427856 0.38953831791877747
vt 0.51364505290985107 0.38953831791877747
vt 0.49493655562400818 0.38953831791877747
vt 0.47622710466384888 0.38953831791877747
vt 0.4575190544128418 0.38953831791877747
vt 0.43880942463874817 0.38953831791877747
vt 0.42010113596916199 0.38953831791877747
vt 0.4013921320438385 0.38953831791877747
vt 0.38268464803695679 0.38953831791877747
vt 0.36397463083267212 0.38953831791877747
vt 0.94395053386688232 0.39983215928077698
vt 0.34526523947715759 0.39983215928077698
vt 0.36270052194595337 0.23303394019603729
vt 0.38013574481010437 0.23303394019603729
vt 0.39861857891082764 0.23303394019603729
vt 0.41710138320922852 0.23303394019603729
vt 0.43635517358779907 0.23303394019603729
vt 0.45560893416404724 0.23303394019603729
vt 0.47527274489402771 0.23303394019603729
vt 0.49493655562400818 0.23303394019603729
vt 0.51460039615631104 0.23303394019603729
vt 0.5342642068862915 0.23303394019603729
vt 0.55351799726486206 0.23303394019603729
vt 0.57277172803878784 0.23303394019603729
vt 0.5912545919418335 0.23303394019603729
vt 0.60973739624023438 0.23303394019603729
vt 0.62717258930206299 0.23303394019603729
vt 0.64460790157318115 0.23303394019603729
vt 0.66204315423965454 0.23303394019603729
vt 0.67947840690612793 0.23303394019603729
vt 0.69796121120452881 0.23303394019603729
vt 0.71644401550292969 0.23303394019603729
vt 0.73569780588150024 0.23303394019603729
vt 0.7549515962600708 0.23303394019603729
vt 0.77461540699005127 0.23303394019603729
vt 0.79427921772003174 0.23303394019603729
vt 0.81394302845001221 0.23303394019603729
vt 0.83360683917999268 0.23303394019603729
vt 0.85286062955856323 0.23303394019603729
vt 0.87211441993713379 0.23303394019603729
vt 0.89059722423553467 0.23303394019603729
vt 0.90908002853393555 0.23303394019603729
vt 0.92651528120040894 0.23303394019603729
vt 0.59031808376312256 0.39983215928077698
vt 0.57984554767608643 0.39983215928077698
vt 0.57277172803878784 0.39983215928077698
vt 0.56314486265182495 0.39983215928077698
vt 0.55351799726486206 0.39983215928077698
vt 0.54389107227325439 0.39983215928077698
vt 0.53426414728164673 0.39983215928077698
vt 0.52443224191665649 0.39983215928077698
vt 0.51460033655166626 0.39983215928077698
vt 0.50476843118667603 0.39983215928077698
vt 0.4949364960193634 0.39983215928077698
vt 0.48510459065437317 0.39983215928077698
vt 0.47527265548706055 0.39983215928077698
vt 0.46544075012207031 0.39983215928077698
vt 0.45560884475708008 0.39983215928077698
vt 0.44598191976547241 0.39983215928077698
vt 0.43635502457618713 0.39983215928077698
vt 0.42672809958457947 0.39983215928077698
vt 0.41710123419761658 0.39983215928077698
vt 0.40785980224609375 0.39983215928077698
vt 0.39861840009689331 0.39983215928077698
vt 0.38937696814537048 0.39983215928077698
vt 0.38013556599617004 0.39983215928077698
vt 0.37141793966293335 0.39983215928077698
vt 0.36270031332969666 0.39983215928077698
vt 0.35398265719413757 0.39983215928077698
vt 0.93523317575454712 0.39983215928077698
vt 0.92651551961898804 0.39983215928077698
vt 0.91779792308807373 0.39983215928077698
vt 0.90908026695251465 0.39983215928077698
vt 0.89983886480331421 0.39983215928077698
vt 0.89059740304946899 0.39983215928077698
vt 0.88135600090026855 0.39983215928077698
vt 0.87211459875106812 0.39983215928077698
vt 0.86248767375946045 0.39983215928077698
vt 0.85286074876785278 0.39983215928077698
vt 0.84323388338088989 0.39983215928077698
vt 0.83360695838928223 0.39983215928077698
vt 0.82377505302429199 0.39983215928077698
vt 0.81394314765930176 0.39983215928077698
vt 0.80411118268966675 0.39983215928077698
vt 0.79427927732467651 0.39983215928077698
vt 0.78444737195968628 0.39983215928077698
vt 0.77461546659469604 0.39983215928077698
vt 0.76478350162506104 0.39983215928077698
vt 0.7549515962600708 0.39983215928077698
vt 0.74532473087310791 0.39983215928077698
vt 0.73569780588150024 0.39983215928077698
vt 0.72607088088989258 0.39983215928077698
vt 0.71644401550292969 0.39983215928077698
vt 0.7093697190284729 0.39983215928077698
vt 0.69889771938323975 0.39983215928077698
vt 0.94395053386688232 0.2434588223695755
vt 0.94395053386688232 0.2538837194442749
vt 0.94395053386688232 0.26430860161781311
vt 0.94395053386688232 0.27473348379135132
vt 0.94395053386688232 0.28515839576721191
vt 0.94395053386688232 0.29558327794075012
vt 0.94395053386688232 0.30600816011428833
vt 0.94395053386688232 0.31643304228782654
vt 0.94395053386688232 0.32685792446136475
vt 0.94395053386688232 0.33728283643722534
vt 0.94395053386688232 0.34770771861076355
vt 0.94395053386688232 0.35813260078430176
vt 0.94395053386688232 0.36855748295783997
vt 0.94395053386688232 0.37898236513137817
vt 0.94395053386688232 0.38940727710723877
vt 0.69868278503417969 0.3938518762588501
vt 0.69804644584655762 0.3881511390209198
vt 0.69699597358703613 0.38266667723655701
vt 0.69553190469741821 0.3773464560508728
vt 0.69344711303710938 0.37165328860282898
vt 0.69090884923934937 0.36617317795753479
vt 0.6879279613494873 0.36085033416748047
vt 0.68451237678527832 0.3556426465511322
vt 0.68065440654754639 0.35049706697463989
vt 0.67639470100402832 0.34542849659919739
vt 0.66667920351028442 0.33537730574607849
vt 0.65632283687591553 0.32604193687438965
vt 0.64460790157318115 0.31643304228782654
vt 0.6328931450843811 0.32604196667671204
vt 0.62253719568252563 0.33537730574607849
vt 0.61282193660736084 0.34542858600616455
vt 0.60856211185455322 0.35049718618392944
vt 0.60470408201217651 0.35564279556274414
vt 0.60128837823867798 0.36085045337677002
vt 0.59830737113952637 0.36617329716682434
vt 0.59576898813247681 0.37165337800979614
vt 0.59368413686752319 0.37734651565551758
vt 0.59221994876861572 0.38266670703887939
vt 0.59116941690444946 0.38815116882324219
vt 0.59053307771682739 0.39385190606117249
vt 0.34526523947715759 0.38940727710723877
vt 0.34526523947715759 0.37898236513137817
vt 0.34526523947715759 0.36855748295783997
vt 0.34526523947715759 0.35813260078430176
vt 0.34526523947715759 0.34770771861076355
vt 0.34526523947715759 0.33728283643722534
vt 0.34526523947715759 0.32685792446136475
vt 0.34526523947715759 0.31643304228782654
vt 0.34526523947715759 0.30600816011428833
vt 0.34526523947715759 0.29558327794075012
vt 0.34526523947715759 0.28515839576721191
vt 0.34526523947715759 0.27473348379135132
vt 0.34526523947715759 0.26430860161781311
vt 0.34526523947715759 0.2538837194442749
vt 0.34526523947715759 0.2434588223695755
vt 0.58848053216934204 0.38953831791877747
vt 0.34380039572715759 0.33231356739997864
vt 0.27291396260261536 0.33231356739997864
vt 0.34380039572715759 0.34642261266708374
vt 0.27291396260261536 0.34642261266708374
vt 0.34380039572715759 0.36007788777351379
vt 0.27291396260261536 0.36007788777351379
vt 0.34380039572715759 0.37351292371749878
vt 0.27291396260261536 0.37351292371749878
vt 0.34380039572715759 0.3867950439453125
vt 0.27291396260261536 0.3867950439453125
vt 0.34380039572715759 0.40007716417312622
vt 0.27291396260261536 0.40007716417312622
vt 0.34380039572715759 0.41335931420326233
vt 0.27291396260261536 0.41335931420326233
vt 0.34380039572715759 0.42664143443107605
vt 0.27291396260261536 0.42664143443107605
vt 0.34380039572715759 0.43992355465888977
vt 0.27291396260261536 0.43992355465888977
vt 0.34380039572715759 0.45403259992599487
vt 0.27291396260261536 0.45403259992599487
vt 0.34380039572715759 0.46768790483474731
vt 0.27291396260261536 0.46768790483474731
vt 0.34380039572715759 0.48112291097640991
vt 0.27291396260261536 0.48112291097640991
vt 0.34380039572715759 0.49440503120422363
vt 0.27291396260261536 0.49440503120422363
vt 0.34380039572715759 0.50768715143203735
vt 0.27291396260261536 0.50768715143203735
vt 0.34380039572715759 0.52096927165985107
vt 0.27291396260261536 0.52096927165985107
vt 0.34380039572715759 0.53425139188766479
vt 0.27291396260261536 0.53425139188766479
vt 0.34380039572715759 0.54753351211547852
vt 0.27291396260261536 0.54753351211547852
vt 0.34380039572715759 0.56164258718490601
vt 0.27291396260261536 0.56164258718490601
vt 0.34380039572715759 0.57529789209365845
vt 0.27291396260261536 0.57529789209365845
vt 0.34380039572715759 0.58873289823532104
vt 0.27291396260261536 0.58873289823532104
vt 0.34380039572715759 0.60201501846313477
vt 0.27291396260261536 0.60201501846313477
vt 0.34380039572715759 0.61529713869094849
vt 0.27291396260261536 0.61529713869094849
vt 0.34380039572715759 0.62857925891876221
vt 0.27291396260261536 0.62857925891876221
vt 0.34380039572715759 0.64186137914657593
vt 0.27291396260261536 0.64186137914657593
vt 0.34380039572715759 0.65514349937438965
vt 0.27291396260261536 0.65514349937438965
vt 0.34380039572715759 0.66925257444381714
vt 0.27291396260261536 0.66925257444381714
vt 0.34380039572715759 0.68290787935256958
vt 0.27291396260261536 0.68290787935256958
vt 0.34380039572715759 0.69634288549423218
vt 0.27291396260261536 0.69634288549423218
vt 0.34380039572715759 0.7096250057220459
vt 0.27291396260261536 0.7096250057220459
vt 0.34380039572715759 0.72290712594985962
vt 0.27291396260261536 0.72290712594985962
vt 0.34380039572715759 0.73618924617767334
vt 0.27291396260261536 0.73618924617767334
vt 0.34380039572715759 0.74947136640548706
vt 0.27291396260261536 0.74947136640548706
vt 0.34380039572715759 0.76275348663330078
vt 0.27291396260261536 0.76275348663330078
vt 0.30835717916488647 0.34642261266708374
vt 0.27291396260261536 0.33936807513237
vt 0.30835717916488647 0.33231356739997864
vt 0.30835717916488647 0.33936807513237
vt 0.30835717916488647 0.36007788777351379
vt 0.27291396260261536 0.35325026512145996
vt 0.30835717916488647 0.35325026512145996
vt 0.30835717916488647 0.37351292371749878
vt 0.27291396260261536 0.36679542064666748
vt 0.30835717916488647 0.36679542064666748
vt 0.30835717916488647 0.40007716417312622
vt 0.27291396260261536 0.39343610405921936
vt 0.30835717916488647 0.3867950439453125
vt 0.30835717916488647 0.39343610405921936
vt 0.30835717916488647 0.41335931420326233
vt 0.27291396260261536 0.40671822428703308
vt 0.30835717916488647 0.40671822428703308
vt 0.30835717916488647 0.42664143443107605
vt 0.27291396260261536 0.42000037431716919
vt 0.30835717916488647 0.42000037431716919
vt 0.30835717916488647 0.43992355465888977
vt 0.27291396260261536 0.43328249454498291
vt 0.30835717916488647 0.43328249454498291
vt 0.30835717916488647 0.45403259992599487
vt 0.27291396260261536 0.44697809219360352
vt 0.30835717916488647 0.44697809219360352
vt 0.30835717916488647 0.46768790483474731
vt 0.27291396260261536 0.46086025238037109
vt 0.30835717916488647 0.46086025238037109
vt 0.30835717916488647 0.48112291097640991
vt 0.27291396260261536 0.47440540790557861
vt 0.30835717916488647 0.47440540790557861
vt 0.30835717916488647 0.50768715143203735
vt 0.27291396260261536 0.50104612112045288
vt 0.30835717916488647 0.49440503120422363
vt 0.30835717916488647 0.50104612112045288
vt 0.30835717916488647 0.52096927165985107
vt 0.27291396260261536 0.5143282413482666
vt 0.30835717916488647 0.5143282413482666
vt 0.30835717916488647 0.53425139188766479
vt 0.27291396260261536 0.52761036157608032
vt 0.30835717916488647 0.52761036157608032
vt 0.30835717916488647 0.54753351211547852
vt 0.27291396260261536 0.54089248180389404
vt 0.30835717916488647 0.54089248180389404
vt 0.30835717916488647 0.56164258718490601
vt 0.27291396260261536 0.55458807945251465
vt 0.30835717916488647 0.55458807945251465
vt 0.30835717916488647 0.57529789209365845
vt 0.27291396260261536 0.56847023963928223
vt 0.30835717916488647 0.56847023963928223
vt 0.30835717916488647 0.58873289823532104
vt 0.27291396260261536 0.58201539516448975
vt 0.30835717916488647 0.58201539516448975
vt 0.30835717916488647 0.61529713869094849
vt 0.27291396260261536 0.60865604877471924
vt 0.30835717916488647 0.60201501846313477
vt 0.30835717916488647 0.60865604877471924
vt 0.30835717916488647 0.62857925891876221
vt 0.27291396260261536 0.62193822860717773
vt 0.30835717916488647 0.62193822860717773
vt 0.30835717916488647 0.64186137914657593
vt 0.27291396260261536 0.63522034883499146
vt 0.30835717916488647 0.63522034883499146
vt 0.30835717916488647 0.65514349937438965
vt 0.27291396260261536 0.64850246906280518
vt 0.30835717916488647 0.64850246906280518
vt 0.30835717916488647 0.66925257444381714
vt 0.27291396260261536 0.66219806671142578
vt 0.30835717916488647 0.66219806671142578
vt 0.30835717916488647 0.68290787935256958
vt 0.27291396260261536 0.67608022689819336
vt 0.30835717916488647 0.67608022689819336
vt 0.30835717916488647 0.69634288549423218
vt 0.27291396260261536 0.68962538242340088
vt 0.30835717916488647 0.68962538242340088
vt 0.30835717916488647 0.72290712594985962
vt 0.27291396260261536 0.71626603603363037
vt 0.30835717916488647 0.7096250057220459
vt 0.30835717916488647 0.71626603603363037
vt 0.30835717916488647 0.73618924617767334
vt 0.27291396260261536 0.72954821586608887
vt 0.30835717916488647 0.72954821586608887
vt 0.30835717916488647 0.74947136640548706
vt 0.27291396260261536 0.74283033609390259
vt 0.30835717916488647 0.74283033609390259
vt 0.30835717916488647 0.76275348663330078
vt 0.27291396260261536 0.75611245632171631
vt 0.30835717916488647 0.75611245632171631
vt 0.20202749967575073 0.65514349937438965
vt 0.20927251875400543 0.64695775508880615
vt 0.21628674864768982 0.63884466886520386
vt 0.22301964461803436 0.63074761629104614
vt 0.22942483425140381 0.62259167432785034
vt 0.23690749704837799 0.61214172840118408
vt 0.243599534034729 0.60133850574493408
vt 0.24962377548217773 0.58928239345550537
vt 0.25424852967262268 0.57643753290176392
vt 0.25718820095062256 0.56257236003875732
vt 0.25819829106330872 0.54753351211547852
vt 0.23747073113918304 0.66925257444381714
vt 0.23747073113918304 0.65514349937438965
vt 0.23747073113918304 0.66219806671142578
vt 0.23747073113918304 0.64186137914657593
vt 0.23747073113918304 0.64850246906280518
vt 0.23747073113918304 0.62857925891876221
vt 0.23747073113918304 0.63522034883499146
vt 0.25819820165634155 0.76275348663330078
vt 0.25718814134597778 0.74771469831466675
vt 0.25424844026565552 0.73384952545166016
vt 0.24962365627288818 0.7210046648979187
vt 0.24359942972660065 0.70894849300384521
vt 0.23690712451934814 0.69814491271972656
vt 0.22942414879798889 0.6876944899559021
vt 0.22301913797855377 0.67953872680664062
vt 0.21628642082214355 0.67144191265106201
vt 0.2092723548412323 0.66332906484603882
vt 0.23747073113918304 0.68290787935256958
vt 0.23747073113918304 0.67608022689819336
vt 0.25718820095062256 0.53249472379684448
vt 0.25424852967262268 0.51862955093383789
vt 0.24962377548217773 0.50578469038009644
vt 0.243599534034729 0.49372854828834534
vt 0.23690749704837799 0.48292535543441772
vt 0.22942483425140381 0.47247543931007385
vt 0.22301964461803436 0.46431949734687805
vt 0.21628674864768982 0.45622241497039795
vt 0.20927251875400543 0.44810932874679565
vt 0.20202749967575073 0.43992355465888977
vt 0.23747073113918304 0.46768790483474731
vt 0.23747073113918304 0.45403259992599487
vt 0.23747073113918304 0.46086025238037109
vt 0.23747073113918304 0.43992355465888977
vt 0.23747073113918304 0.44697809219360352
vt 0.23747073113918304 0.42664143443107605
vt 0.23747073113918304 0.43328249454498291
vt 0.2092723548412323 0.43173801898956299
vt 0.21628642082214355 0.42362517118453979
vt 0.22301913797855377 0.41552832722663879
vt 0.22942414879798889 0.40737256407737732
vt 0.23690712451934814 0.39692220091819763
vt 0.24359942972660065 0.3861185610294342
vt 0.24962365627288818 0.37406241893768311
vt 0.25424844026565552 0.36121755838394165
vt 0.25718814134597778 0.34735238552093506
vt 0.25819820165634155 0.33231356739997864
vt 0.23747073113918304 0.41335931420326233
vt 0.23747073113918304 0.42000037431716919
vt 0.13838011026382446 0.069875113666057587
vt 0.13711827993392944 0.082963027060031891
vt 0.13324384391307831 0.095900878310203552
vt 0.12672553956508636 0.10809767246246338
vt 0.11780831217765808 0.11881736665964127
vt 0.1069176197052002 0.12750139832496643
vt 0.094773218035697937 0.1336953341960907
vt 0.082180552184581757 0.13726584613323212
vt 0.069875113666057587 0.13838011026382446
vt 0.056787196546792984 0.13711827993392944
vt 0.043849341571331024 0.13324384391307831
vt 0.031652547419071198 0.12672553956508636
vt 0.020932853221893311 0.11780831217765808
vt 0.01224882435053587 0.1069176197052002
vt 0.0060548908077180386 0.094773218035697937
vt 0.0024843646679073572 0.082180552184581757
vt 0.0013701001880690455 0.069875113666057587
vt 0.0026319478638470173 0.056787196546792984
vt 0.0065063810907304287 0.043849341571331024
vt 0.013024675659835339 0.031652547419071198
vt 0.021941909566521645 0.020932853221893311
vt 0.032832600176334381 0.01224882435053587
vt 0.044977001845836639 0.0060548908077180386
vt 0.057569671422243118 0.0024843646679073572
vt 0.069875113666057587 0.0013701001880690455
vt 0.082963027060031891 0.0026319478638470173
vt 0.095900878310203552 0.0065063810907304287
vt 0.10809767246246338 0.013024675659835339
vt 0.11881736665964127 0.021941909566521645
vt 0.12750139832496643 0.032832600176334381
vt 0.1336953341960907 0.044977001845836639
vt 0.13726584613323212 0.057569671422243118
vt 0.069875113666057587 0.069875113666057587
vt 0.069875113666057587 0.10481266677379608
vt 0.10481266677379608 0.069875113666057587
vt 0.10481266677379608 0.10481266677379608
vt 0.069875113666057587 0.034937556833028793
vt 0.10481266677379608 0.034937556833028793
vt 0.034937556833028793 0.069875113666057587
vt 0.034937556833028793 0.10481266677379608
vt 0.034937556833028793 0.034937556833028793
vt 0.20056265592575073 0.33231356739997864
vt 0.17088885605335236 0.33231356739997864
vt 0.17088885605335236 0.34642261266708374
vt 0.17088885605335236 0.36007788777351379
vt 0.17088885605335236 0.37351292371749878
vt 0.17088885605335236 0.3867950439453125
vt 0.17088885605335236 0.40007716417312622
vt 0.17088885605335236 0.41335931420326233
vt 0.17088885605335236 0.42664143443107605
vt 0.20056265592575073 0.43992355465888977
vt 0.17088885605335236 0.43992355465888977
vt 0.17088885605335236 0.45403259992599487
vt 0.17088885605335236 0.46768790483474731
vt 0.17088885605335236 0.48112291097640991
vt 0.17088885605335236 0.49440503120422363
vt 0.17088885605335236 0.50768715143203735
vt 0.17088885605335236 0.52096927165985107
vt 0.17088885605335236 0.53425139188766479
vt 0.20056265592575073 0.54753351211547852
vt 0.17088885605335236 0.54753351211547852
vt 0.17088885605335236 0.56164258718490601
vt 0.17088885605335236 0.57529789209365845
vt 0.17088885605335236 0.58873289823532104
vt 0.17088885605335236 0.60201501846313477
vt 0.17088885605335236 0.61529713869094849
vt 0.17088885605335236 0.62857925891876221
vt 0.17088885605335236 0.64186137914657593
vt 0.20056265592575073 0.65514349937438965
vt 0.17088885605335236 0.65514349937438965
vt 0.17088885605335236 0.66925257444381714
vt 0.17088885605335236 0.68290787935256958
vt 0.17088885605335236 0.69634288549423218
vt 0.17088885605335236 0.7096250057220459
vt 0.17088885605335236 0.72290712594985962
vt 0.17088885605335236 0.73618924617767334
vt 0.17088885605335236 0.74947136640548706
vt 0.20056265592575073 0.76275348663330078
vt 0.17088885605335236 0.76275348663330078
vt 0.20056265592575073 0.34576481580734253
vt 0.20056265592575073 0.35921606421470642
vt 0.20056265592575073 0.37266731262207031
vt 0.20056265592575073 0.3861185610294342
vt 0.20056265592575073 0.3995698094367981
vt 0.20056265592575073 0.41302105784416199
vt 0.20056265592575073 0.42647230625152588
vt 0.20056265592575073 0.45337480306625366
vt 0.20056265592575073 0.46682605147361755
vt 0.20056265592575073 0.48027729988098145
vt 0.20056265592575073 0.49372854828834534
vt 0.20056265592575073 0.50717979669570923
vt 0.20056265592575073 0.52063101530075073
vt 0.20056265592575073 0.53408229351043701
vt 0.20056265592575073 0.56098479032516479
vt 0.20056265592575073 0.5744360089302063
vt 0.20056265592575073 0.58788728713989258
vt 0.20056265592575073 0.60133850574493408
vt 0.20056265592575073 0.61478978395462036
vt 0.20056265592575073 0.62824100255966187
vt 0.20056265592575073 0.64169228076934814
vt 0.20056265592575073 0.66859477758407593
vt 0.20056265592575073 0.68204599618911743
vt 0.20056265592575073 0.69549727439880371
vt 0.20056265592575073 0.70894849300384521
vt 0.20056265592575073 0.72239977121353149
vt 0.20056265592575073 0.735850989818573
vt 0.20056265592575073 0.74930226802825928
vt 0.001355739077553153 0.73272651433944702
vt 0.0026043602265417576 0.71963858604431152
vt 0.0064381817355751991 0.70670074224472046
vt 0.012888152152299881 0.69450396299362183
vt 0.021711917594075203 0.68378424644470215
vt 0.032488450407981873 0.67510020732879639
vt 0.044505558907985687 0.66890627145767212
vt 0.056966233998537064 0.66533577442169189
vt 0.069142691791057587 0.66422152519226074
vt 0.082093417644500732 0.66548335552215576
vt 0.094895653426647186 0.6693577766418457
vt 0.10696461051702499 0.67587608098983765
vt 0.11757194250822067 0.68479329347610474
vt 0.12616494297981262 0.69568401575088501
vt 0.1322939544916153 0.70782840251922607
vt 0.13582704961299896 0.72042107582092285
vt 0.13692963123321533 0.73272651433944702
vt 0.13568101823329926 0.74581444263458252
vt 0.13184720277786255 0.75875228643417358
vt 0.1253972202539444 0.77094906568527222
vt 0.11657346040010452 0.78166878223419189
vt 0.1057969257235527 0.79035282135009766
vt 0.093779817223548889 0.79654675722122192
vt 0.081319145858287811 0.80011725425720215
vt 0.069142691791057587 0.8012315034866333
vt 0.056191958487033844 0.79996967315673828
vt 0.043389718979597092 0.79609525203704834
vt 0.031320769339799881 0.7895769476890564
vt 0.020713437348604202 0.78065973520278931
vt 0.012120434083044529 0.76976901292800903
vt 0.0059914239682257175 0.75762462615966797
vt 0.0024583237245678902 0.74503195285797119
vt 0.069142691791057587 0.73272651433944702
vt 0.069142691791057587 0.76766407489776611
vt 0.034571345895528793 0.73272651433944702
vt 0.034571345895528793 0.76766407489776611
vt 0.069142691791057587 0.69778895378112793
vt 0.034571345895528793 0.69778895378112793
vt 0.10371403396129608 0.73272651433944702
vt 0.10371403396129608 0.69778895378112793
vt 0.10371403396129608 0.76766407489776611
vt 0.16942401230335236 0.33231356739997864
vt 0.13975022733211517 0.33231356739997864
vt 0.13975022733211517 0.34642261266708374
vt 0.13975022733211517 0.36007788777351379
vt 0.13975022733211517 0.37351292371749878
vt 0.13975022733211517 0.3867950439453125
vt 0.13975022733211517 0.40007716417312622
vt 0.13975022733211517 0.41335931420326233
vt 0.13975022733211517 0.42664143443107605
vt 0.16942401230335236 0.43992355465888977
vt 0.13975022733211517 0.43992355465888977
vt 0.13975022733211517 0.45403259992599487
vt 0.13975022733211517 0.46768790483474731
vt 0.13975022733211517 0.48112291097640991
vt 0.13975022733211517 0.49440503120422363
vt 0.13975022733211517 0.50768715143203735
vt 0.13975022733211517 0.52096927165985107
vt 0.13975022733211517 0.53425139188766479
vt 0.16942401230335236 0.54753351211547852
vt 0.13975022733211517 0.54753351211547852
vt 0.13975022733211517 0.56164258718490601
vt 0.13975022733211517 0.57529789209365845
vt 0.13975022733211517 0.58873289823532104
vt 0.13975022733211517 0.60201501846313477
vt 0.13975022733211517 0.61529713869094849
vt 0.13975022733211517 0.62857925891876221
vt 0.13975022733211517 0.64186137914657593
vt 0.16942401230335236 0.65514349937438965
vt 0.13975022733211517 0.65514349937438965
vt 0.13975022733211517 0.66925257444381714
vt 0.13975022733211517 0.68290787935256958
vt 0.13975022733211517 0.69634288549423218
vt 0.13975022733211517 0.7096250057220459
vt 0.13975022733211517 0.72290712594985962
vt 0.13975022733211517 0.73618924617767334
vt 0.13975022733211517 0.74947136640548706
vt 0.16942401230335236 0.76275348663330078
vt 0.13975022733211517 0.76275348663330078
vt 0.16942401230335236 0.34576481580734253
vt 0.16942401230335236 0.35921606421470642
vt 0.16942401230335236 0.37266731262207031
vt 0.16942401230335236 0.3861185610294342
vt 0.16942401230335236 0.3995698094367981
vt 0.16942401230335236 0.41302105784416199
vt 0.16942401230335236 0.42647230625152588
vt 0.16942401230335236 0.45337480306625366
vt 0.16942401230335236 0.46682605147361755
vt 0.16942401230335236 0.48027729988098145
vt 0.16942401230335236 0.49372854828834534
vt 0.16942401230335236 0.50717979669570923
vt 0.16942401230335236 0.52063101530075073
vt 0.16942401230335236 0.53408229351043701
vt 0.16942401230335236 0.56098479032516479
vt 0.16942401230335236 0.5744360089302063
vt 0.16942401230335236 0.58788728713989258
vt 0.16942401230335236 0.60133850574493408
vt 0.16942401230335236 0.61478978395462036
vt 0.16942401230335236 0.62824100255966187
vt 0.16942401230335236 0.64169228076934814
vt 0.16942401230335236 0.66859477758407593
vt 0.16942401230335236 0.68204599618911743
vt 0.16942401230335236 0.69549727439880371
vt 0.16942401230335236 0.70894849300384521
vt 0.16942401230335236 0.72239977121353149
vt 0.16942401230335236 0.735850989818573
vt 0.16942401230335236 0.74930226802825928
vt 0.98944365978240967 0.56956005096435547
vt 0.96931278705596924 0.56956005096435547
vt 0.94953691959381104 0.56956005096435547
vt 0.92905187606811523 0.56956005096435547
vt 0.90966278314590454 0.56956005096435547
vt 0.88879036903381348 0.56956005096435547
vt 0.8681761622428894 0.56956005096435547
vt 0.84852951765060425 0.56956005096435547
vt 0.82839906215667725 0.56956005096435547
vt 0.80826818943023682 0.56956005096435547
vt 0.78813767433166504 0.56956005096435547
vt 0.76800698041915894 0.56956005096435547
vt 0.74787646532058716 0.56956005096435547
vt 0.5875735878944397 0.56956005096435547
vt 0.56670117378234863 0.56956005096435547
vt 0.54608690738677979 0.56956005096435547
vt 0.52644026279449463 0.56956005096435547
vt 0.5063098669052124 0.56956005096435547
vt 0.48617896437644958 0.56956005096435547
vt 0.46604841947555542 0.56956005096435547
vt 0.44591778516769409 0.56956005096435547
vt 0.42578724026679993 0.56956005096435547
vt 0.4056570827960968 0.56956005096435547
vt 0.3855268657207489 0.56956005096435547
vt 0.36539581418037415 0.56956005096435547
vt 0.34526523947715759 0.56956005096435547
vt 0.96931278705596924 0.58362108469009399
vt 0.94953691959381104 0.58362108469009399
vt 0.92905187606811523 0.58362108469009399
vt 0.90966278314590454 0.58362108469009399
vt 0.88879036903381348 0.58362108469009399
vt 0.8681761622428894 0.58362108469009399
vt 0.84852951765060425 0.58362108469009399
vt 0.82839906215667725 0.58362108469009399
vt 0.80826818943023682 0.58362108469009399
vt 0.78813767433166504 0.58362108469009399
vt 0.76800698041915894 0.58362108469009399
vt 0.74787646532058716 0.58362108469009399
vt 0.5875735878944397 0.58362108469009399
vt 0.56670117378234863 0.58362108469009399
vt 0.54608690738677979 0.58362108469009399
vt 0.52644026279449463 0.58362108469009399
vt 0.5063098669052124 0.58362108469009399
vt 0.48617896437644958 0.58362108469009399
vt 0.46604841947555542 0.58362108469009399
vt 0.44591778516769409 0.58362108469009399
vt 0.42578724026679993 0.58362108469009399
vt 0.4056570827960968 0.58362108469009399
vt 0.3855268657207489 0.58362108469009399
vt 0.36539581418037415 0.58362108469009399
vt 0.96931278705596924 0.59722989797592163
vt 0.94953691959381104 0.59722989797592163
vt 0.92905187606811523 0.59722989797592163
vt 0.90966278314590454 0.59722989797592163
vt 0.88879036903381348 0.59722989797592163
vt 0.8681761622428894 0.59722989797592163
vt 0.84852951765060425 0.59722989797592163
vt 0.82839906215667725 0.59722989797592163
vt 0.80826818943023682 0.59722989797592163
vt 0.78813767433166504 0.59722989797592163
vt 0.76800698041915894 0.59722989797592163
vt 0.74787646532058716 0.59722989797592163
vt 0.5875735878944397 0.59722989797592163
vt 0.56670117378234863 0.59722989797592163
vt 0.54608690738677979 0.59722989797592163
vt 0.52644026279449463 0.59722989797592163
vt 0.5063098669052124 0.59722989797592163
vt 0.48617896437644958 0.59722989797592163
vt 0.46604841947555542 0.59722989797592163
vt 0.44591778516769409 0.59722989797592163
vt 0.42578724026679993 0.59722989797592163
vt 0.4056570827960968 0.59722989797592163
vt 0.3855268657207489 0.59722989797592163
vt 0.36539581418037415 0.59722989797592163
vt 0.96931278705596924 0.6106191873550415
vt 0.94953691959381104 0.6106191873550415
vt 0.92905187606811523 0.6106191873550415
vt 0.90966278314590454 0.6106191873550415
vt 0.88879036903381348 0.6106191873550415
vt 0.8681761622428894 0.6106191873550415
vt 0.84852951765060425 0.6106191873550415
vt 0.82839906215667725 0.6106191873550415
vt 0.80826818943023682 0.6106191873550415
vt 0.78813767433166504 0.6106191873550415
vt 0.76800698041915894 0.6106191873550415
vt 0.74787646532058716 0.6106191873550415
vt 0.5875735878944397 0.6106191873550415
vt 0.56670117378234863 0.6106191873550415
vt 0.54608690738677979 0.6106191873550415
vt 0.52644026279449463 0.6106191873550415
vt 0.5063098669052124 0.6106191873550415
vt 0.48617896437644958 0.6106191873550415
vt 0.46604841947555542 0.6106191873550415
vt 0.44591778516769409 0.6106191873550415
vt 0.42578724026679993 0.6106191873550415
vt 0.4056570827960968 0.6106191873550415
vt 0.3855268657207489 0.6106191873550415
vt 0.36539581418037415 0.6106191873550415
vt 0.96931278705596924 0.62385612726211548
vt 0.94953691959381104 0.62385612726211548
vt 0.92905187606811523 0.62385612726211548
vt 0.90966278314590454 0.62385612726211548
vt 0.88879036903381348 0.62385612726211548
vt 0.8681761622428894 0.62385612726211548
vt 0.84852951765060425 0.62385612726211548
vt 0.82839906215667725 0.62385612726211548
vt 0.80826818943023682 0.62385612726211548
vt 0.78813767433166504 0.62385612726211548
vt 0.76800698041915894 0.62385612726211548
vt 0.74787646532058716 0.62385612726211548
vt 0.72774624824523926 0.62385612726211548
vt 0.60696250200271606 0.62385612726211548
vt 0.5875735878944397 0.62385612726211548
vt 0.56670117378234863 0.62385612726211548
vt 0.54608690738677979 0.62385612726211548
vt 0.52644026279449463 0.62385612726211548
vt 0.5063098669052124 0.62385612726211548
vt 0.48617896437644958 0.62385612726211548
vt 0.46604841947555542 0.62385612726211548
vt 0.44591778516769409 0.62385612726211548
vt 0.42578724026679993 0.62385612726211548
vt 0.4056570827960968 0.62385612726211548
vt 0.3855268657207489 0.62385612726211548
vt 0.36539581418037415 0.62385612726211548
vt 0.96931278705596924 0.63709306716918945
vt 0.94953691959381104 0.63709306716918945
vt 0.92905187606811523 0.63709306716918945
vt 0.90966278314590454 0.63709306716918945
vt 0.88879036903381348 0.63709306716918945
vt 0.8681761622428894 0.63709306716918945
vt 0.84852951765060425 0.63709306716918945
vt 0.82839906215667725 0.63709306716918945
vt 0.80826818943023682 0.63709306716918945
vt 0.78813767433166504 0.63709306716918945
vt 0.76800698041915894 0.63709306716918945
vt 0.74787646532058716 0.63709306716918945
vt 0.72774624824523926 0.63709306716918945
vt 0.60696250200271606 0.63709306716918945
vt 0.5875735878944397 0.63709306716918945
vt 0.56670117378234863 0.63709306716918945
vt 0.54608690738677979 0.63709306716918945
vt 0.52644026279449463 0.63709306716918945
vt 0.5063098669052124 0.63709306716918945
vt 0.48617896437644958 0.63709306716918945
vt 0.46604841947555542 0.63709306716918945
vt 0.44591778516769409 0.63709306716918945
vt 0.42578724026679993 0.63709306716918945
vt 0.4056570827960968 0.63709306716918945
vt 0.3855268657207489 0.63709306716918945
vt 0.36539581418037415 0.63709306716918945
vt 0.96931278705596924 0.65033000707626343
vt 0.94953691959381104 0.65033000707626343
vt 0.92905187606811523 0.65033000707626343
vt 0.90966278314590454 0.65033000707626343
vt 0.88879036903381348 0.65033000707626343
vt 0.8681761622428894 0.65033000707626343
vt 0.84852951765060425 0.65033000707626343
vt 0.82839906215667725 0.65033000707626343
vt 0.80826818943023682 0.65033000707626343
vt 0.78813767433166504 0.65033000707626343
vt 0.76800698041915894 0.65033000707626343
vt 0.74787646532058716 0.65033000707626343
vt 0.72774624824523926 0.65033000707626343
vt 0.70761615037918091 0.65033000707626343
vt 0.62744766473770142 0.65033000707626343
vt 0.60696250200271606 0.65033000707626343
vt 0.5875735878944397 0.65033000707626343
vt 0.56670117378234863 0.65033000707626343
vt 0.54608690738677979 0.65033000707626343
vt 0.52644026279449463 0.65033000707626343
vt 0.5063098669052124 0.65033000707626343
vt 0.48617896437644958 0.65033000707626343
vt 0.46604841947555542 0.65033000707626343
vt 0.44591778516769409 0.65033000707626343
vt 0.42578724026679993 0.65033000707626343
vt 0.4056570827960968 0.65033000707626343
vt 0.3855268657207489 0.65033000707626343
vt 0.36539581418037415 0.65033000707626343
vt 0.96931278705596924 0.66356688737869263
vt 0.94953691959381104 0.66356688737869263
vt 0.92905187606811523 0.66356688737869263
vt 0.90966278314590454 0.66356688737869263
vt 0.88879036903381348 0.66356688737869263
vt 0.8681761622428894 0.66356688737869263
vt 0.84852951765060425 0.66356688737869263
vt 0.82839906215667725 0.66356688737869263
vt 0.80826818943023682 0.66356688737869263
vt 0.78813767433166504 0.66356688737869263
vt 0.76800698041915894 0.66356688737869263
vt 0.74787646532058716 0.66356688737869263
vt 0.72774624824523926 0.66356688737869263
vt 0.70761615037918091 0.66356688737869263
vt 0.62744766473770142 0.66356688737869263
vt 0.60696250200271606 0.66356688737869263
vt 0.5875735878944397 0.66356688737869263
vt 0.56670117378234863 0.66356688737869263
vt 0.54608690738677979 0.66356688737869263
vt 0.52644026279449463 0.66356688737869263
vt 0.5063098669052124 0.66356688737869263
vt 0.48617896437644958 0.66356688737869263
vt 0.46604841947555542 0.66356688737869263
vt 0.44591778516769409 0.66356688737869263
vt 0.42578724026679993 0.66356688737869263
vt 0.4056570827960968 0.66356688737869263
vt 0.3855268657207489 0.66356688737869263
vt 0.36539581418037415 0.66356688737869263
vt 0.98944365978240967 0.6768038272857666
vt 0.96931278705596924 0.6768038272857666
vt 0.94953691959381104 0.6768038272857666
vt 0.92905187606811523 0.6768038272857666
vt 0.90966278314590454 0.6768038272857666
vt 0.88879036903381348 0.6768038272857666
vt 0.8681761622428894 0.6768038272857666
vt 0.84852951765060425 0.6768038272857666
vt 0.82839906215667725 0.6768038272857666
vt 0.80826818943023682 0.6768038272857666
vt 0.78813767433166504 0.6768038272857666
vt 0.76800698041915894 0.6768038272857666
vt 0.74787646532058716 0.6768038272857666
vt 0.72774624824523926 0.6768038272857666
vt 0.70761615037918091 0.6768038272857666
vt 0.68748533725738525 0.6768038272857666
vt 0.64722400903701782 0.6768038272857666
vt 0.62744766473770142 0.6768038272857666
vt 0.60696250200271606 0.6768038272857666
vt 0.5875735878944397 0.6768038272857666
vt 0.56670117378234863 0.6768038272857666
vt 0.54608690738677979 0.6768038272857666
vt 0.52644026279449463 0.6768038272857666
vt 0.5063098669052124 0.6768038272857666
vt 0.48617896437644958 0.6768038272857666
vt 0.46604841947555542 0.6768038272857666
vt 0.44591778516769409 0.6768038272857666
vt 0.42578724026679993 0.6768038272857666
vt 0.4056570827960968 0.6768038272857666
vt 0.3855268657207489 0.6768038272857666
vt 0.36539581418037415 0.6768038272857666
vt 0.34526523947715759 0.6768038272857666
vt 0.96931278705596924 0.69086486101150513
vt 0.94953691959381104 0.69086486101150513
vt 0.92905187606811523 0.69086486101150513
vt 0.90966278314590454 0.69086486101150513
vt 0.88879036903381348 0.69086486101150513
vt 0.8681761622428894 0.69086486101150513
vt 0.84852951765060425 0.69086486101150513
vt 0.82839906215667725 0.69086486101150513
vt 0.80826818943023682 0.69086486101150513
vt 0.78813767433166504 0.69086486101150513
vt 0.76800698041915894 0.69086486101150513
vt 0.74787646532058716 0.69086486101150513
vt 0.72774624824523926 0.69086486101150513
vt 0.70761615037918091 0.69086486101150513
vt 0.68748533725738525 0.69086486101150513
vt 0.66735446453094482 0.69086486101150513
vt 0.64722400903701782 0.69086486101150513
vt 0.62744766473770142 0.69086486101150513
vt 0.60696250200271606 0.69086486101150513
vt 0.5875735878944397 0.69086486101150513
vt 0.56670117378234863 0.69086486101150513
vt 0.54608690738677979 0.69086486101150513
vt 0.52644026279449463 0.69086486101150513
vt 0.5063098669052124 0.69086486101150513
vt 0.48617896437644958 0.69086486101150513
vt 0.46604841947555542 0.69086486101150513
vt 0.44591778516769409 0.69086486101150513
vt 0.42578724026679993 0.69086486101150513
vt 0.4056570827960968 0.69086486101150513
vt 0.3855268657207489 0.69086486101150513
vt 0.36539581418037415 0.69086486101150513
vt 0.96931278705596924 0.70447367429733276
vt 0.94953691959381104 0.70447367429733276
vt 0.92905187606811523 0.70447367429733276
vt 0.90966278314590454 0.70447367429733276
vt 0.88879036903381348 0.70447367429733276
vt 0.8681761622428894 0.70447367429733276
vt 0.84852951765060425 0.70447367429733276
vt 0.82839906215667725 0.70447367429733276
vt 0.80826818943023682 0.70447367429733276
vt 0.78813767433166504 0.70447367429733276
vt 0.76800698041915894 0.70447367429733276
vt 0.74787646532058716 0.70447367429733276
vt 0.72774624824523926 0.70447367429733276
vt 0.70761615037918091 0.70447367429733276
vt 0.68748533725738525 0.70447367429733276
vt 0.66735446453094482 0.70447367429733276
vt 0.64722400903701782 0.70447367429733276
vt 0.62744766473770142 0.70447367429733276
vt 0.60696250200271606 0.70447367429733276
vt 0.5875735878944397 0.70447367429733276
vt 0.56670117378234863 0.70447367429733276
vt 0.54608690738677979 0.70447367429733276
vt 0.52644026279449463 0.70447367429733276
vt 0.5063098669052124 0.70447367429733276
vt 0.48617896437644958 0.70447367429733276
vt 0.46604841947555542 0.70447367429733276
vt 0.44591778516769409 0.70447367429733276
vt 0.42578724026679993 0.70447367429733276
vt 0.4056570827960968 0.70447367429733276
vt 0.3855268657207489 0.70447367429733276
vt 0.36539581418037415 0.70447367429733276
vt 0.96931278705596924 0.71786296367645264
vt 0.94953691959381104 0.71786296367645264
vt 0.92905187606811523 0.71786296367645264
vt 0.90966278314590454 0.71786296367645264
vt 0.88879036903381348 0.71786296367645264
vt 0.8681761622428894 0.71786296367645264
vt 0.84852951765060425 0.71786296367645264
vt 0.82839906215667725 0.71786296367645264
vt 0.80826818943023682 0.71786296367645264
vt 0.78813767433166504 0.71786296367645264
vt 0.76800698041915894 0.71786296367645264
vt 0.74787646532058716 0.71786296367645264
vt 0.72774624824523926 0.71786296367645264
vt 0.70761615037918091 0.71786296367645264
vt 0.68748533725738525 0.71786296367645264
vt 0.66735446453094482 0.71786296367645264
vt 0.64722400903701782 0.71786296367645264
vt 0.62744766473770142 0.71786296367645264
vt 0.60696250200271606 0.71786296367645264
vt 0.5875735878944397 0.71786296367645264
vt 0.56670117378234863 0.71786296367645264
vt 0.54608690738677979 0.71786296367645264
vt 0.52644026279449463 0.71786296367645264
vt 0.5063098669052124 0.71786296367645264
vt 0.48617896437644958 0.71786296367645264
vt 0.46604841947555542 0.71786296367645264
vt 0.44591778516769409 0.71786296367645264
vt 0.42578724026679993 0.71786296367645264
vt 0.4056570827960968 0.71786296367645264
vt 0.3855268657207489 0.71786296367645264
vt 0.36539581418037415 0.71786296367645264
vt 0.96931278705596924 0.73109990358352661
vt 0.94953691959381104 0.73109990358352661
vt 0.92905187606811523 0.73109990358352661
vt 0.90966278314590454 0.73109990358352661
vt 0.88879036903381348 0.73109990358352661
vt 0.8681761622428894 0.73109990358352661
vt 0.84852951765060425 0.73109990358352661
vt 0.82839906215667725 0.73109990358352661
vt 0.80826818943023682 0.73109990358352661
vt 0.78813767433166504 0.73109990358352661
vt 0.76800698041915894 0.73109990358352661
vt 0.74787646532058716 0.73109990358352661
vt 0.72774624824523926 0.73109990358352661
vt 0.70761615037918091 0.73109990358352661
vt 0.68748533725738525 0.73109990358352661
vt 0.66735446453094482 0.73109990358352661
vt 0.64722400903701782 0.73109990358352661
vt 0.62744766473770142 0.73109990358352661
vt 0.60696250200271606 0.73109990358352661
vt 0.5875735878944397 0.73109990358352661
vt 0.56670117378234863 0.73109990358352661
vt 0.54608690738677979 0.73109990358352661
vt 0.52644026279449463 0.73109990358352661
vt 0.5063098669052124 0.73109990358352661
vt 0.48617896437644958 0.73109990358352661
vt 0.46604841947555542 0.73109990358352661
vt 0.44591778516769409 0.73109990358352661
vt 0.42578724026679993 0.73109990358352661
vt 0.4056570827960968 0.73109990358352661
vt 0.3855268657207489 0.73109990358352661
vt 0.36539581418037415 0.73109990358352661
vt 0.96931278705596924 0.74433684349060059
vt 0.94953691959381104 0.74433684349060059
vt 0.92905187606811523 0.74433684349060059
vt 0.90966278314590454 0.74433684349060059
vt 0.88879036903381348 0.74433684349060059
vt 0.8681761622428894 0.74433684349060059
vt 0.84852951765060425 0.74433684349060059
vt 0.82839906215667725 0.74433684349060059
vt 0.80826818943023682 0.74433684349060059
vt 0.78813767433166504 0.74433684349060059
vt 0.76800698041915894 0.74433684349060059
vt 0.74787646532058716 0.74433684349060059
vt 0.72774624824523926 0.74433684349060059
vt 0.70761615037918091 0.74433684349060059
vt 0.68748533725738525 0.74433684349060059
vt 0.66735446453094482 0.74433684349060059
vt 0.64722400903701782 0.74433684349060059
vt 0.62744766473770142 0.74433684349060059
vt 0.60696250200271606 0.74433684349060059
vt 0.5875735878944397 0.74433684349060059
vt 0.56670117378234863 0.74433684349060059
vt 0.54608690738677979 0.74433684349060059
vt 0.52644026279449463 0.74433684349060059
vt 0.5063098669052124 0.74433684349060059
vt 0.48617896437644958 0.74433684349060059
vt 0.46604841947555542 0.74433684349060059
vt 0.44591778516769409 0.74433684349060059
vt 0.42578724026679993 0.74433684349060059
vt 0.4056570827960968 0.74433684349060059
vt 0.3855268657207489 0.74433684349060059
vt 0.36539581418037415 0.74433684349060059
vt 0.96931278705596924 0.75757372379302979
vt 0.94953691959381104 0.75757372379302979
vt 0.92905187606811523 0.75757372379302979
vt 0.90966278314590454 0.75757372379302979
vt 0.88879036903381348 0.75757372379302979
vt 0.8681761622428894 0.75757372379302979
vt 0.84852951765060425 0.75757372379302979
vt 0.82839906215667725 0.75757372379302979
vt 0.80826818943023682 0.75757372379302979
vt 0.78813767433166504 0.75757372379302979
vt 0.76800698041915894 0.75757372379302979
vt 0.74787646532058716 0.75757372379302979
vt 0.72774624824523926 0.75757372379302979
vt 0.70761615037918091 0.75757372379302979
vt 0.68748533725738525 0.75757372379302979
vt 0.66735446453094482 0.75757372379302979
vt 0.64722400903701782 0.75757372379302979
vt 0.62744766473770142 0.75757372379302979
vt 0.60696250200271606 0.75757372379302979
vt 0.5875735878944397 0.75757372379302979
vt 0.56670117378234863 0.75757372379302979
vt 0.54608690738677979 0.75757372379302979
vt 0.52644026279449463 0.75757372379302979
vt 0.5063098669052124 0.75757372379302979
vt 0.48617896437644958 0.75757372379302979
vt 0.46604841947555542 0.75757372379302979
vt 0.44591778516769409 0.75757372379302979
vt 0.42578724026679993 0.75757372379302979
vt 0.4056570827960968 0.75757372379302979
vt 0.3855268657207489 0.75757372379302979
vt 0.36539581418037415 0.75757372379302979
vt 0.96931278705596924 0.77081066370010376
vt 0.94953691959381104 0.77081066370010376
vt 0.92905187606811523 0.77081066370010376
vt 0.90966278314590454 0.77081066370010376
vt 0.88879036903381348 0.77081066370010376
vt 0.8681761622428894 0.77081066370010376
vt 0.84852951765060425 0.77081066370010376
vt 0.82839906215667725 0.77081066370010376
vt 0.80826818943023682 0.77081066370010376
vt 0.78813767433166504 0.77081066370010376
vt 0.76800698041915894 0.77081066370010376
vt 0.74787646532058716 0.77081066370010376
vt 0.72774624824523926 0.77081066370010376
vt 0.70761615037918091 0.77081066370010376
vt 0.68748533725738525 0.77081066370010376
vt 0.66735446453094482 0.77081066370010376
vt 0.64722400903701782 0.77081066370010376
vt 0.62744766473770142 0.77081066370010376
vt 0.60696250200271606 0.77081066370010376
vt 0.5875735878944397 0.77081066370010376
vt 0.56670117378234863 0.77081066370010376
vt 0.54608690738677979 0.77081066370010376
vt 0.52644026279449463 0.77081066370010376
vt 0.5063098669052124 0.77081066370010376
vt 0.48617896437644958 0.77081066370010376
vt 0.46604841947555542 0.77081066370010376
vt 0.44591778516769409 0.77081066370010376
vt 0.42578724026679993 0.77081066370010376
vt 0.4056570827960968 0.77081066370010376
vt 0.3855268657207489 0.77081066370010376
vt 0.36539581418037415 0.77081066370010376
vt 0.98944365978240967 0.78404760360717773
vt 0.96931278705596924 0.78404760360717773
vt 0.94953691959381104 0.78404760360717773
vt 0.92905187606811523 0.78404760360717773
vt 0.90966278314590454 0.78404760360717773
vt 0.88879036903381348 0.78404760360717773
vt 0.8681761622428894 0.78404760360717773
vt 0.84852951765060425 0.78404760360717773
vt 0.82839906215667725 0.78404760360717773
vt 0.80826818943023682 0.78404760360717773
vt 0.78813767433166504 0.78404760360717773
vt 0.76800698041915894 0.78404760360717773
vt 0.74787646532058716 0.78404760360717773
vt 0.72774624824523926 0.78404760360717773
vt 0.70761615037918091 0.78404760360717773
vt 0.68748533725738525 0.78404760360717773
vt 0.66735446453094482 0.78404760360717773
vt 0.64722400903701782 0.78404760360717773
vt 0.62744766473770142 0.78404760360717773
vt 0.60696250200271606 0.78404760360717773
vt 0.5875735878944397 0.78404760360717773
vt 0.56670117378234863 0.78404760360717773
vt 0.54608690738677979 0.78404760360717773
vt 0.52644026279449463 0.78404760360717773
vt 0.5063098669052124 0.78404760360717773
vt 0.48617896437644958 0.78404760360717773
vt 0.46604841947555542 0.78404760360717773
vt 0.44591778516769409 0.78404760360717773
vt 0.42578724026679993 0.78404760360717773
vt 0.4056570827960968 0.78404760360717773
vt 0.3855268657207489 0.78404760360717773
vt 0.36539581418037415 0.78404760360717773
vt 0.34526523947715759 0.78404760360717773
vt 0.96931278705596924 0.79810863733291626
vt 0.94953691959381104 0.79810863733291626
vt 0.92905187606811523 0.79810863733291626
vt 0.90966278314590454 0.79810863733291626
vt 0.88879036903381348 0.79810863733291626
vt 0.8681761622428894 0.79810863733291626
vt 0.84852951765060425 0.79810863733291626
vt 0.82839906215667725 0.79810863733291626
vt 0.80826818943023682 0.79810863733291626
vt 0.78813767433166504 0.79810863733291626
vt 0.76800698041915894 0.79810863733291626
vt 0.74787646532058716 0.79810863733291626
vt 0.72774624824523926 0.79810863733291626
vt 0.70761615037918091 0.79810863733291626
vt 0.68748533725738525 0.79810863733291626
vt 0.66735446453094482 0.79810863733291626
vt 0.64722400903701782 0.79810863733291626
vt 0.62744766473770142 0.79810863733291626
vt 0.60696250200271606 0.79810863733291626
vt 0.5875735878944397 0.79810863733291626
vt 0.56670117378234863 0.79810863733291626
vt 0.54608690738677979 0.79810863733291626
vt 0.52644026279449463 0.79810863733291626
vt 0.5063098669052124 0.79810863733291626
vt 0.48617896437644958 0.79810863733291626
vt 0.46604841947555542 0.79810863733291626
vt 0.44591778516769409 0.79810863733291626
vt 0.42578724026679993 0.79810863733291626
vt 0.4056570827960968 0.79810863733291626
vt 0.3855268657207489 0.79810863733291626
vt 0.36539581418037415 0.79810863733291626
vt 0.96931278705596924 0.8117174506187439
vt 0.94953691959381104 0.8117174506187439
vt 0.92905187606811523 0.8117174506187439
vt 0.90966278314590454 0.8117174506187439
vt 0.88879036903381348 0.8117174506187439
vt 0.8681761622428894 0.8117174506187439
vt 0.84852951765060425 0.8117174506187439
vt 0.82839906215667725 0.8117174506187439
vt 0.80826818943023682 0.8117174506187439
vt 0.78813767433166504 0.8117174506187439
vt 0.76800698041915894 0.8117174506187439
vt 0.74787646532058716 0.8117174506187439
vt 0.72774624824523926 0.8117174506187439
vt 0.70761615037918091 0.8117174506187439
vt 0.68748533725738525 0.8117174506187439
vt 0.66735446453094482 0.8117174506187439
vt 0.64722400903701782 0.8117174506187439
vt 0.62744766473770142 0.8117174506187439
vt 0.60696250200271606 0.8117174506187439
vt 0.5875735878944397 0.8117174506187439
vt 0.56670117378234863 0.8117174506187439
vt 0.54608690738677979 0.8117174506187439
vt 0.52644026279449463 0.8117174506187439
vt 0.5063098669052124 0.8117174506187439
vt 0.48617896437644958 0.8117174506187439
vt 0.46604841947555542 0.8117174506187439
vt 0.44591778516769409 0.8117174506187439
vt 0.42578724026679993 0.8117174506187439
vt 0.4056570827960968 0.8117174506187439
vt 0.3855268657207489 0.8117174506187439
vt 0.36539581418037415 0.8117174506187439
vt 0.96931278705596924 0.82510673999786377
vt 0.94953691959381104 0.82510673999786377
vt 0.92905187606811523 0.82510673999786377
vt 0.90966278314590454 0.82510673999786377
vt 0.88879036903381348 0.82510673999786377
vt 0.8681761622428894 0.82510673999786377
vt 0.84852951765060425 0.82510673999786377
vt 0.82839906215667725 0.82510673999786377
vt 0.80826818943023682 0.82510673999786377
vt 0.78813767433166504 0.82510673999786377
vt 0.76800698041915894 0.82510673999786377
vt 0.74787646532058716 0.82510673999786377
vt 0.72774624824523926 0.82510673999786377
vt 0.70761615037918091 0.82510673999786377
vt 0.68748533725738525 0.82510673999786377
vt 0.66735446453094482 0.82510673999786377
vt 0.64722400903701782 0.82510673999786377
vt 0.62744766473770142 0.82510673999786377
vt 0.60696250200271606 0.82510673999786377
vt 0.5875735878944397 0.82510673999786377
vt 0.56670117378234863 0.82510673999786377
vt 0.54608690738677979 0.82510673999786377
vt 0.52644026279449463 0.82510673999786377
vt 0.5063098669052124 0.82510673999786377
vt 0.48617896437644958 0.82510673999786377
vt 0.46604841947555542 0.82510673999786377
vt 0.44591778516769409 0.82510673999786377
vt 0.42578724026679993 0.82510673999786377
vt 0.4056570827960968 0.82510673999786377
vt 0.3855268657207489 0.82510673999786377
vt 0.36539581418037415 0.82510673999786377
vt 0.96931278705596924 0.83834367990493774
vt 0.94953691959381104 0.83834367990493774
vt 0.92905187606811523 0.83834367990493774
vt 0.90966278314590454 0.83834367990493774
vt 0.88879036903381348 0.83834367990493774
vt 0.8681761622428894 0.83834367990493774
vt 0.84852951765060425 0.83834367990493774
vt 0.82839906215667725 0.83834367990493774
vt 0.80826818943023682 0.83834367990493774
vt 0.78813767433166504 0.83834367990493774
vt 0.76800698041915894 0.83834367990493774
vt 0.74787646532058716 0.83834367990493774
vt 0.72774624824523926 0.83834367990493774
vt 0.70761615037918091 0.83834367990493774
vt 0.68748533725738525 0.83834367990493774
vt 0.66735446453094482 0.83834367990493774
vt 0.64722400903701782 0.83834367990493774
vt 0.62744766473770142 0.83834367990493774
vt 0.60696250200271606 0.83834367990493774
vt 0.5875735878944397 0.83834367990493774
vt 0.56670117378234863 0.83834367990493774
vt 0.54608690738677979 0.83834367990493774
vt 0.52644026279449463 0.83834367990493774
vt 0.5063098669052124 0.83834367990493774
vt 0.48617896437644958 0.83834367990493774
vt 0.46604841947555542 0.83834367990493774
vt 0.44591778516769409 0.83834367990493774
vt 0.42578724026679993 0.83834367990493774
vt 0.4056570827960968 0.83834367990493774
vt 0.3855268657207489 0.83834367990493774
vt 0.36539581418037415 0.83834367990493774
vt 0.96931278705596924 0.85158056020736694
vt 0.94953691959381104 0.85158056020736694
vt 0.92905187606811523 0.85158056020736694
vt 0.90966278314590454 0.85158056020736694
vt 0.88879036903381348 0.85158056020736694
vt 0.8681761622428894 0.85158056020736694
vt 0.84852951765060425 0.85158056020736694
vt 0.82839906215667725 0.85158056020736694
vt 0.80826818943023682 0.85158056020736694
vt 0.78813767433166504 0.85158056020736694
vt 0.76800698041915894 0.85158056020736694
vt 0.74787646532058716 0.85158056020736694
vt 0.72774624824523926 0.85158056020736694
vt 0.70761615037918091 0.85158056020736694
vt 0.68748533725738525 0.85158056020736694
vt 0.66735446453094482 0.85158056020736694
vt 0.64722400903701782 0.85158056020736694
vt 0.62744766473770142 0.85158056020736694
vt 0.60696250200271606 0.85158056020736694
vt 0.5875735878944397 0.85158056020736694
vt 0.56670117378234863 0.85158056020736694
vt 0.54608690738677979 0.85158056020736694
vt 0.52644026279449463 0.85158056020736694
vt 0.5063098669052124 0.85158056020736694
vt 0.48617896437644958 0.85158056020736694
vt 0.46604841947555542 0.85158056020736694
vt 0.44591778516769409 0.85158056020736694
vt 0.42578724026679993 0.85158056020736694
vt 0.4056570827960968 0.85158056020736694
vt 0.3855268657207489 0.85158056020736694
vt 0.36539581418037415 0.85158056020736694
vt 0.96931278705596924 0.86481755971908569
vt 0.94953691959381104 0.86481755971908569
vt 0.92905187606811523 0.86481755971908569
vt 0.90966278314590454 0.86481755971908569
vt 0.88879036903381348 0.86481755971908569
vt 0.8681761622428894 0.86481755971908569
vt 0.84852951765060425 0.86481755971908569
vt 0.82839906215667725 0.86481755971908569
vt 0.80826818943023682 0.86481755971908569
vt 0.78813767433166504 0.86481755971908569
vt 0.76800698041915894 0.86481755971908569
vt 0.74787646532058716 0.86481755971908569
vt 0.72774624824523926 0.86481755971908569
vt 0.70761615037918091 0.86481755971908569
vt 0.68748533725738525 0.86481755971908569
vt 0.66735446453094482 0.86481755971908569
vt 0.64722400903701782 0.86481755971908569
vt 0.62744766473770142 0.86481755971908569
vt 0.60696250200271606 0.86481755971908569
vt 0.5875735878944397 0.86481755971908569
vt 0.56670117378234863 0.86481755971908569
vt 0.54608690738677979 0.86481755971908569
vt 0.52644026279449463 0.86481755971908569
vt 0.5063098669052124 0.86481755971908569
vt 0.48617896437644958 0.86481755971908569
vt 0.46604841947555542 0.86481755971908569
vt 0.44591778516769409 0.86481755971908569
vt 0.42578724026679993 0.86481755971908569
vt 0.4056570827960968 0.86481755971908569
vt 0.3855268657207489 0.86481755971908569
vt 0.36539581418037415 0.86481755971908569
vt 0.96931278705596924 0.87805444002151489
vt 0.94953691959381104 0.87805444002151489
vt 0.92905187606811523 0.87805444002151489
vt 0.90966278314590454 0.87805444002151489
vt 0.88879036903381348 0.87805444002151489
vt 0.8681761622428894 0.87805444002151489
vt 0.84852951765060425 0.87805444002151489
vt 0.82839906215667725 0.87805444002151489
vt 0.80826818943023682 0.87805444002151489
vt 0.78813767433166504 0.87805444002151489
vt 0.76800698041915894 0.87805444002151489
vt 0.74787646532058716 0.87805444002151489
vt 0.72774624824523926 0.87805444002151489
vt 0.70761615037918091 0.87805444002151489
vt 0.68748533725738525 0.87805444002151489
vt 0.66735446453094482 0.87805444002151489
vt 0.64722400903701782 0.87805444002151489
vt 0.62744766473770142 0.87805444002151489
vt 0.60696250200271606 0.87805444002151489
vt 0.5875735878944397 0.87805444002151489
vt 0.56670117378234863 0.87805444002151489
vt 0.54608690738677979 0.87805444002151489
vt 0.52644026279449463 0.87805444002151489
vt 0.5063098669052124 0.87805444002151489
vt 0.48617896437644958 0.87805444002151489
vt 0.46604841947555542 0.87805444002151489
vt 0.44591778516769409 0.87805444002151489
vt 0.42578724026679993 0.87805444002151489
vt 0.4056570827960968 0.87805444002151489
vt 0.3855268657207489 0.87805444002151489
vt 0.36539581418037415 0.87805444002151489
vt 0.98944365978240967 0.89129137992858887
vt 0.96931278705596924 0.89129137992858887
vt 0.94953691959381104 0.89129137992858887
vt 0.92905187606811523 0.89129137992858887
vt 0.90966278314590454 0.89129137992858887
vt 0.88879036903381348 0.89129137992858887
vt 0.8681761622428894 0.89129137992858887
vt 0.84852951765060425 0.89129137992858887
vt 0.82839906215667725 0.89129137992858887
vt 0.80826818943023682 0.89129137992858887
vt 0.78813767433166504 0.89129137992858887
vt 0.76800698041915894 0.89129137992858887
vt 0.74787646532058716 0.89129137992858887
vt 0.72774624824523926 0.89129137992858887
vt 0.70761615037918091 0.89129137992858887
vt 0.68748533725738525 0.89129137992858887
vt 0.64722400903701782 0.89129137992858887
vt 0.62744766473770142 0.89129137992858887
vt 0.60696250200271606 0.89129137992858887
vt 0.5875735878944397 0.89129137992858887
vt 0.56670117378234863 0.89129137992858887
vt 0.54608690738677979 0.89129137992858887
vt 0.52644026279449463 0.89129137992858887
vt 0.5063098669052124 0.89129137992858887
vt 0.48617896437644958 0.89129137992858887
vt 0.46604841947555542 0.89129137992858887
vt 0.44591778516769409 0.89129137992858887
vt 0.42578724026679993 0.89129137992858887
vt 0.4056570827960968 0.89129137992858887
vt 0.3855268657207489 0.89129137992858887
vt 0.36539581418037415 0.89129137992858887
vt 0.34526523947715759 0.89129137992858887
vt 0.96931278705596924 0.90535241365432739
vt 0.94953691959381104 0.90535241365432739
vt 0.92905187606811523 0.90535241365432739
vt 0.90966278314590454 0.90535241365432739
vt 0.88879036903381348 0.90535241365432739
vt 0.8681761622428894 0.90535241365432739
vt 0.84852951765060425 0.90535241365432739
vt 0.82839906215667725 0.90535241365432739
vt 0.80826818943023682 0.90535241365432739
vt 0.78813767433166504 0.90535241365432739
vt 0.76800698041915894 0.90535241365432739
vt 0.74787646532058716 0.90535241365432739
vt 0.72774624824523926 0.90535241365432739
vt 0.70761615037918091 0.90535241365432739
vt 0.62744766473770142 0.90535241365432739
vt 0.60696250200271606 0.90535241365432739
vt 0.5875735878944397 0.90535241365432739
vt 0.56670117378234863 0.90535241365432739
vt 0.54608690738677979 0.90535241365432739
vt 0.52644026279449463 0.90535241365432739
vt 0.5063098669052124 0.90535241365432739
vt 0.48617896437644958 0.90535241365432739
vt 0.46604841947555542 0.90535241365432739
vt 0.44591778516769409 0.90535241365432739
vt 0.42578724026679993 0.90535241365432739
vt 0.4056570827960968 0.90535241365432739
vt 0.3855268657207489 0.90535241365432739
vt 0.36539581418037415 0.90535241365432739
vt 0.96931278705596924 0.91896122694015503
vt 0.94953691959381104 0.91896122694015503
vt 0.92905187606811523 0.91896122694015503
vt 0.90966278314590454 0.91896122694015503
vt 0.88879036903381348 0.91896122694015503
vt 0.8681761622428894 0.91896122694015503
vt 0.84852951765060425 0.91896122694015503
vt 0.82839906215667725 0.91896122694015503
vt 0.80826818943023682 0.91896122694015503
vt 0.78813767433166504 0.91896122694015503
vt 0.76800698041915894 0.91896122694015503
vt 0.74787646532058716 0.91896122694015503
vt 0.72774624824523926 0.91896122694015503
vt 0.70761615037918091 0.91896122694015503
vt 0.62744766473770142 0.91896122694015503
vt 0.60696250200271606 0.91896122694015503
vt 0.5875735878944397 0.91896122694015503
vt 0.56670117378234863 0.91896122694015503
vt 0.54608690738677979 0.91896122694015503
vt 0.52644026279449463 0.91896122694015503
vt 0.5063098669052124 0.91896122694015503
vt 0.48617896437644958 0.91896122694015503
vt 0.46604841947555542 0.91896122694015503
vt 0.44591778516769409 0.91896122694015503
vt 0.42578724026679993 0.91896122694015503
vt 0.4056570827960968 0.91896122694015503
vt 0.3855268657207489 0.91896122694015503
vt 0.36539581418037415 0.91896122694015503
vt 0.96931278705596924 0.9323505163192749
vt 0.94953691959381104 0.9323505163192749
vt 0.92905187606811523 0.9323505163192749
vt 0.90966278314590454 0.9323505163192749
vt 0.88879036903381348 0.9323505163192749
vt 0.8681761622428894 0.9323505163192749
vt 0.84852951765060425 0.9323505163192749
vt 0.82839906215667725 0.9323505163192749
vt 0.80826818943023682 0.9323505163192749
vt 0.78813767433166504 0.9323505163192749
vt 0.76800698041915894 0.9323505163192749
vt 0.74787646532058716 0.9323505163192749
vt 0.72774624824523926 0.9323505163192749
vt 0.60696250200271606 0.9323505163192749
vt 0.5875735878944397 0.9323505163192749
vt 0.56670117378234863 0.9323505163192749
vt 0.54608690738677979 0.9323505163192749
vt 0.52644026279449463 0.9323505163192749
vt 0.5063098669052124 0.9323505163192749
vt 0.48617896437644958 0.9323505163192749
vt 0.46604841947555542 0.9323505163192749
vt 0.44591778516769409 0.9323505163192749
vt 0.42578724026679993 0.9323505163192749
vt 0.4056570827960968 0.9323505163192749
vt 0.3855268657207489 0.9323505163192749
vt 0.36539581418037415 0.9323505163192749
vt 0.96931278705596924 0.94558745622634888
vt 0.94953691959381104 0.94558745622634888
vt 0.92905187606811523 0.94558745622634888
vt 0.90966278314590454 0.94558745622634888
vt 0.88879036903381348 0.94558745622634888
vt 0.8681761622428894 0.94558745622634888
vt 0.84852951765060425 0.94558745622634888
vt 0.82839906215667725 0.94558745622634888
vt 0.80826818943023682 0.94558745622634888
vt 0.78813767433166504 0.94558745622634888
vt 0.76800698041915894 0.94558745622634888
vt 0.74787646532058716 0.94558745622634888
vt 0.72774624824523926 0.94558745622634888
vt 0.60696250200271606 0.94558745622634888
vt 0.5875735878944397 0.94558745622634888
vt 0.56670117378234863 0.94558745622634888
vt 0.54608690738677979 0.94558745622634888
vt 0.52644026279449463 0.94558745622634888
vt 0.5063098669052124 0.94558745622634888
vt 0.48617896437644958 0.94558745622634888
vt 0.46604841947555542 0.94558745622634888
vt 0.44591778516769409 0.94558745622634888
vt 0.42578724026679993 0.94558745622634888
vt 0.4056570827960968 0.94558745622634888
vt 0.3855268657207489 0.94558745622634888
vt 0.36539581418037415 0.94558745622634888
vt 0.96931278705596924 0.95882433652877808
vt 0.94953691959381104 0.95882433652877808
vt 0.92905187606811523 0.95882433652877808
vt 0.90966278314590454 0.95882433652877808
vt 0.88879036903381348 0.95882433652877808
vt 0.8681761622428894 0.95882433652877808
vt 0.84852951765060425 0.95882433652877808
vt 0.82839906215667725 0.95882433652877808
vt 0.80826818943023682 0.95882433652877808
vt 0.78813767433166504 0.95882433652877808
vt 0.76800698041915894 0.95882433652877808
vt 0.74787646532058716 0.95882433652877808
vt 0.5875735878944397 0.95882433652877808
vt 0.56670117378234863 0.95882433652877808
vt 0.54608690738677979 0.95882433652877808
vt 0.52644026279449463 0.95882433652877808
vt 0.5063098669052124 0.95882433652877808
vt 0.48617896437644958 0.95882433652877808
vt 0.46604841947555542 0.95882433652877808
vt 0.44591778516769409 0.95882433652877808
vt 0.42578724026679993 0.95882433652877808
vt 0.4056570827960968 0.95882433652877808
vt 0.3855268657207489 0.95882433652877808
vt 0.36539581418037415 0.95882433652877808
vt 0.96931278705596924 0.97206133604049683
vt 0.94953691959381104 0.97206133604049683
vt 0.92905187606811523 0.97206133604049683
vt 0.90966278314590454 0.97206133604049683
vt 0.88879036903381348 0.97206133604049683
vt 0.8681761622428894 0.97206133604049683
vt 0.84852951765060425 0.97206133604049683
vt 0.82839906215667725 0.97206133604049683
vt 0.80826818943023682 0.97206133604049683
vt 0.78813767433166504 0.97206133604049683
vt 0.76800698041915894 0.97206133604049683
vt 0.74787646532058716 0.97206133604049683
vt 0.5875735878944397 0.97206133604049683
vt 0.56670117378234863 0.97206133604049683
vt 0.54608690738677979 0.97206133604049683
vt 0.52644026279449463 0.97206133604049683
vt 0.5063098669052124 0.97206133604049683
vt 0.48617896437644958 0.97206133604049683
vt 0.46604841947555542 0.97206133604049683
vt 0.44591778516769409 0.97206133604049683
vt 0.42578724026679993 0.97206133604049683
vt 0.4056570827960968 0.97206133604049683
vt 0.3855268657207489 0.97206133604049683
vt 0.36539581418037415 0.97206133604049683
vt 0.96931278705596924 0.98529821634292603
vt 0.94953691959381104 0.98529821634292603
vt 0.92905187606811523 0.98529821634292603
vt 0.90966278314590454 0.98529821634292603
vt 0.88879036903381348 0.98529821634292603
vt 0.8681761622428894 0.98529821634292603
vt 0.84852951765060425 0.98529821634292603
vt 0.82839906215667725 0.98529821634292603
vt 0.80826818943023682 0.98529821634292603
vt 0.78813767433166504 0.98529821634292603
vt 0.76800698041915894 0.98529821634292603
vt 0.74787646532058716 0.98529821634292603
vt 0.5875735878944397 0.98529821634292603
vt 0.56670117378234863 0.98529821634292603
vt 0.54608690738677979 0.98529821634292603
vt 0.52644026279449463 0.98529821634292603
vt 0.5063098669052124 0.98529821634292603
vt 0.48617896437644958 0.98529821634292603
vt 0.46604841947555542 0.98529821634292603
vt 0.44591778516769409 0.98529821634292603
vt 0.42578724026679993 0.98529821634292603
vt 0.4056570827960968 0.98529821634292603
vt 0.3855268657207489 0.98529821634292603
vt 0.36539581418037415 0.98529821634292603
vt 0.98944365978240967 0.99853515625
vt 0.96931278705596924 0.99853515625
vt 0.94953691959381104 0.99853515625
vt 0.92905187606811523 0.99853515625
vt 0.90966278314590454 0.99853515625
vt 0.88879036903381348 0.99853515625
vt 0.8681761622428894 0.99853515625
vt 0.84852951765060425 0.99853515625
vt 0.82839906215667725 0.99853515625
vt 0.80826818943023682 0.99853515625
vt 0.78813767433166504 0.99853515625
vt 0.76800698041915894 0.99853515625
vt 0.74787646532058716 0.99853515625
vt 0.5875735878944397 0.99853515625
vt 0.56670117378234863 0.99853515625
vt 0.54608690738677979 0.99853515625
vt 0.52644026279449463 0.99853515625
vt 0.5063098669052124 0.99853515625
vt 0.48617896437644958 0.99853515625
vt 0.46604841947555542 0.99853515625
vt 0.44591778516769409 0.99853515625
vt 0.42578724026679993 0.99853515625
vt 0.4056570827960968 0.99853515625
vt 0.3855268657207489 0.99853515625
vt 0.36539581418037415 0.99853515625
vt 0.34526523947715759 0.99853515625
vt 0.34526523947715759 0.985129714012146
vt 0.34526523947715759 0.97172421216964722
vt 0.34526523947715759 0.95831876993179321
vt 0.34526523947715759 0.94491326808929443
vt 0.34526523947715759 0.93150782585144043
vt 0.34526523947715759 0.91810232400894165
vt 0.34526523947715759 0.90469688177108765
vt 0.34526523947715759 0.87788593769073486
vt 0.34526523947715759 0.86448043584823608
vt 0.34526523947715759 0.85107499361038208
vt 0.34526523947715759 0.8376694917678833
vt 0.34526523947715759 0.8242640495300293
vt 0.34526523947715759 0.81085854768753052
vt 0.34526523947715759 0.79745310544967651
vt 0.34526523947715759 0.77064216136932373
vt 0.34526523947715759 0.75723665952682495
vt 0.34526523947715759 0.74383121728897095
vt 0.34526523947715759 0.73042571544647217
vt 0.34526523947715759 0.71702027320861816
vt 0.34526523947715759 0.70361477136611938
vt 0.34526523947715759 0.69020932912826538
vt 0.34526523947715759 0.6633983850479126
vt 0.34526523947715759 0.64999288320541382
vt 0.34526523947715759 0.63658744096755981
vt 0.34526523947715759 0.62318193912506104
vt 0.34526523947715759 0.60977649688720703
vt 0.34526523947715759 0.59637099504470825
vt 0.34526523947715759 0.58296555280685425
vt 0.98944365978240967 0.58296555280685425
vt 0.98944365978240967 0.59637099504470825
vt 0.98944365978240967 0.60977649688720703
vt 0.98944365978240967 0.62318193912506104
vt 0.98944365978240967 0.63658744096755981
vt 0.98944365978240967 0.64999288320541382
vt 0.98944365978240967 0.6633983850479126
vt 0.98944365978240967 0.69020932912826538
vt 0.98944365978240967 0.70361477136611938
vt 0.98944365978240967 0.71702027320861816
vt 0.98944365978240967 0.73042571544647217
vt 0.98944365978240967 0.74383121728897095
vt 0.98944365978240967 0.75723665952682495
vt 0.98944365978240967 0.77064216136932373
vt 0.98944365978240967 0.79745310544967651
vt 0.98944365978240967 0.81085854768753052
vt 0.98944365978240967 0.8242640495300293
vt 0.98944365978240967 0.8376694917678833
vt 0.98944365978240967 0.85107499361038208
vt 0.98944365978240967 0.86448043584823608
vt 0.98944365978240967 0.87788593769073486
vt 0.98944365978240967 0.90469688177108765
vt 0.98944365978240967 0.91810232400894165
vt 0.98944365978240967 0.93150782585144043
vt 0.98944365978240967 0.94491326808929443
vt 0.98944365978240967 0.95831876993179321
vt 0.98944365978240967 0.97172421216964722
vt 0.98944365978240967 0.985129714012146
vt 0.59767091274261475 0.56956005096435547
vt 0.59869259595870972 0.58454757928848267
vt 0.60170751810073853 0.5983656644821167
vt 0.60657817125320435 0.61116683483123779
vt 0.6131662130355835 0.62318193912506104
vt 0.62082403898239136 0.63394838571548462
vt 0.62983417510986328 0.64436274766921997
vt 0.63794410228729248 0.65249127149581909
vt 0.64688754081726074 0.66056084632873535
vt 0.65668678283691406 0.66864621639251709
vt 0.66735446453094482 0.6768038272857666
vt 0.67802196741104126 0.66864645481109619
vt 0.68782126903533936 0.66056132316589355
vt 0.69676476716995239 0.65249192714691162
vt 0.70487469434738159 0.6443636417388916
vt 0.71388512849807739 0.63394886255264282
vt 0.72154295444488525 0.62318193912506104
vt 0.72813063859939575 0.61116677522659302
vt 0.73300105333328247 0.5983656644821167
vt 0.73601573705673218 0.58454757928848267
vt 0.73703742027282715 0.56956005096435547
vt 0.66735446453094482 0.89129137992858887
vt 0.65668678283691406 0.89944899082183838
vt 0.64688754081726074 0.90753436088562012
vt 0.63794410228729248 0.91560393571853638
vt 0.62983417510986328 0.9237324595451355
vt 0.62082403898239136 0.93414676189422607
vt 0.6131662130355835 0.94491326808929443
vt 0.60657817125320435 0.95692843198776245
vt 0.60170751810073853 0.96972954273223877
vt 0.59869259595870972 0.98354768753051758
vt 0.59767091274261475 0.99853515625
vt 0.73703742027282715 0.99853515625
vt 0.73601573705673218 0.9835476279258728
vt 0.73300105333328247 0.96972954273223877
vt 0.72813063859939575 0.95692843198776245
vt 0.72154295444488525 0.94491326808929443
vt 0.71388512849807739 0.93414634466171265
vt 0.70487469434738159 0.92373156547546387
vt 0.69676476716995239 0.91560328006744385
vt 0.68782126903533936 0.90753388404846191
vt 0.67802196741104126 0.89944875240325928
vn -0.98158019781112671 0 -0.19105048477649689
vn -0.92502325773239136 0 -0.37991040945053101
vn -0.92502325773239136 0 -0.37991040945053101
vn -0.82987266778945923 0 -0.55795282125473022
vn -0.82987266778945923 0 -0.55795282125473022
vn -0.69970357418060303 0 -0.71443325281143188
vn -0.69970357418060303 0 -0.71443325281143188
vn -0.54072701930999756 0 -0.8411981463432312
vn -0.54072701930999756 0 -0.8411981463432312
vn -0.36344948410987854 0 -0.93161392211914062
vn -0.36344948410987854 0 -0.93161392211914062
vn -0.17962829768657684 0 -0.98373454809188843
vn -0.17962829768657684 0 -0.98373454809188843
vn 0 0 -1
vn 0 0 -1
vn 0.19105048477649689 0 -0.98158019781112671
vn 0.19105048477649689 0 -0.98158019781112671
vn 0.37991040945053101 0 -0.92502325773239136
vn 0.37991040945053101 0 -0.92502325773239136
vn 0.55795282125473022 0 -0.82987266778945923
vn 0.55795282125473022 0 -0.82987266778945923
vn 0.71443325281143188 0 -0.69970357418060303
vn 0.71443325281143188 0 -0.69970357418060303
vn 0.8411981463432312 0 -0.54072701930999756
vn 0.8411981463432312 0 -0.54072701930999756
vn 0.93161392211914062 0 -0.36344948410987854
vn 0.93161392211914062 0 -0.36344948410987854
vn 0.98373454809188843 0 -0.17962829768657684
vn -1 0 0
vn -0.98330539464950562 0 -0.18196305632591248
vn -0.92978829145431519 0 -0.36809471249580383
vn -0.83699548244476318 0 -0.54720973968505859
vn -0.70710676908493042 0 -0.70710676908493042
vn -0.54720973968505859 0 -0.83699548244476318
vn -0.36809471249580383 0 -0.92978829145431519
vn -0.18196305632591248 0 -0.98330539464950562
vn 0 0 -1
vn 0.18196305632591248 0 -0.98330539464950562
vn 0.36809471249580383 0 -0.92978829145431519
vn 0.54720973968505859 0 -0.83699548244476318
vn 0.70710676908493042 0 -0.70710676908493042
vn 0.83699548244476318 0 -0.54720973968505859
vn 0.92978829145431519 0 -0.36809471249580383
vn 0.98330539464950562 0 -0.18196305632591248
vn 1 0 0
vn -0.98158019781112671 0 -0.19105048477649689
vn -0.99554240703582764 0 -0.094315044581890106
vn -0.99554240703582764 0 -0.094315044581890106
vn -0.92502325773239136 0 -0.37991040945053101
vn -0.95831996202468872 0 -0.28569704294204712
vn -0.95831996202468872 0 -0.28569704294204712
vn -0.82987266778945923 0 -0.55795282125473022
vn -0.88231003284454346 0 -0.47066867351531982
vn -0.88231003284454346 0 -0.47066867351531982
vn -0.69970357418060303 0 -0.71443325281143188
vn -0.7689322829246521 0 -0.63933026790618896
vn -0.7689322829246521 0 -0.63933026790618896
vn -0.54072701930999756 0 -0.8411981463432312
vn -0.62321734428405762 0 -0.78204870223999023
vn -0.62321734428405762 0 -0.78204870223999023
vn -0.36344948410987854 0 -0.93161392211914062
vn -0.45364180207252502 0 -0.89118409156799316
vn -0.45364180207252502 0 -0.89118409156799316
vn -0.17962829768657684 0 -0.98373454809188843
vn -0.27163878083229065 0 -0.96239930391311646
vn -0.27163878083229065 0 -0.96239930391311646
vn 0 0 -1
vn -0.088708475232124329 0 -0.99605762958526611
vn -0.088708475232124329 0 -0.99605762958526611
vn 0.19105048477649689 0 -0.98158019781112671
vn 0.094315044581890106 0 -0.99554240703582764
vn 0.094315044581890106 0 -0.99554240703582764
vn 0.37991040945053101 0 -0.92502325773239136
vn 0.28569704294204712 0 -0.95831996202468872
vn 0.28569704294204712 0 -0.95831996202468872
vn 0.55795282125473022 0 -0.82987266778945923
vn 0.47066867351531982 0 -0.88231003284454346
vn 0.47066867351531982 0 -0.88231003284454346
vn 0.71443325281143188 0 -0.69970357418060303
vn 0.63933026790618896 0 -0.7689322829246521
vn 0.63933026790618896 0 -0.7689322829246521
vn 0.8411981463432312 0 -0.54072701930999756
vn 0.78204870223999023 0 -0.62321734428405762
vn 0.78204870223999023 0 -0.62321734428405762
vn 0.93161392211914062 0 -0.36344948410987854
vn 0.89118409156799316 0 -0.45364180207252502
vn 0.89118409156799316 0 -0.45364180207252502
vn 0.98373454809188843 0 -0.17962829768657684
vn 0.96239930391311646 0 -0.27163878083229065
vn 0.96239930391311646 0 -0.27163878083229065
vn 0.99605762958526611 0 -0.088708475232124329
vn 0.99605762958526611 0 -0.088708475232124329
vn 1 0 0
vn 1 0 0
vn 1 0 0
vn 1 0 0
vn 0.98373454809188843 0 -0.17962829768657684
vn 0.99605762958526611 0 -0.088708475232124329
vn -1 0 0
vn -1 0 0
vn -1 0 0
vn -1 0 0
vn -0.98158019781112671 0 -0.19105048477649689
vn -0.99554240703582764 0 -0.094315044581890106
vn 3.4708664831128999E-09 0 -1
vn -0.16744056344032288 0 -0.98588216304779053
vn -0.33423903584480286 0 -0.94248831272125244
vn -0.50927215814590454 0 -0.86060553789138794
vn -0.59236925840377808 0 -0.80566662549972534
vn -0.67128515243530273 0 -0.74119919538497925
vn -0.74422746896743774 0 -0.66792625188827515
vn -0.81037873029708862 0 -0.58590638637542725
vn -0.86861991882324219 0 -0.4954790472984314
vn -0.91782844066619873 0 -0.39697724580764771
vn -0.95315062999725342 0 -0.30249607563018799
vn -0.97889357805252075 0 -0.20437069237232208
vn -0.99464952945709229 0 -0.10330705344676971
vn -0.45364180207252502 0 -0.89118409156799316
vn -0.62321734428405762 0 -0.78204870223999023
vn -0.7689322829246521 0 -0.63933026790618896
vn -0.88231003284454346 0 -0.47066867351531982
vn -0.90489888191223145 0 -0.42562660574913025
vn -0.95831996202468872 0 -0.28569704294204712
vn -0.82987266778945923 0 -0.55795282125473022
vn -0.92502325773239136 0 -0.37991040945053101
vn -0.88231003284454346 0 -0.47066867351531982
vn -0.94294345378875732 0 -0.33295288681983948
vn -0.95831996202468872 0 -0.28569704294204712
vn 0.99464952945709229 0 -0.10330677032470703
vn 0.9788936972618103 0 -0.20437012612819672
vn 0.95315086841583252 0 -0.30249524116516113
vn 0.91782891750335693 0 -0.39697617292404175
vn 0.86862075328826904 0 -0.4954775869846344
vn 0.81037992238998413 0 -0.58590477705001831
vn 0.74422907829284668 0 -0.66792446374893188
vn 0.67128729820251465 0 -0.74119728803634644
vn 0.59237104654312134 0 -0.80566531419754028
vn 0.50927335023880005 0 -0.86060482263565063
vn 0.33423885703086853 0 -0.94248843193054199
vn 0.16744062304496765 0 -0.98588216304779053
vn 0.96239930391311646 0 -0.27163878083229065
vn 0.93161392211914062 0 -0.36344948410987854
vn 0.96239930391311646 0 -0.27163878083229065
vn 0.94820624589920044 0 -0.31765538454055786
vn 0.89118409156799316 0 -0.45364180207252502
vn 0.91260600090026855 0 -0.40884014964103699
vn 0.8411981463432312 0 -0.54072701930999756
vn 0.89118409156799316 0 -0.45364180207252502
vn 0.78204870223999023 0 -0.62321734428405762
vn 0.63933026790618896 0 -0.7689322829246521
vn 0.47066867351531982 0 -0.88231003284454346
vn 0 1 0
vn 0 1 0
vn 0 1 0
vn 0 1 0
vn 0 1 0
vn 0 1 0
vn 0 1 0
vn 0 1 0
vn 0 1 0
vn 0 1 0
vn 0 1 0
vn 0 1 0
vn 0 1 0
vn 0 1 0
vn 0 1 0
vn 0 1 0
vn 0 1 0
vn 0 1 0
vn 0 1 0
vn 0 1 0
vn 0 1 0
vn 0 1 0
vn 0 1 0
vn 0 1 0
vn 0 1 0
vn 0 1 0
vn 0 1 0
vn 0 1 0
vn 0 1 0
vn 0 1 0
vn 0 1 0
vn 0 1 0
vn 0 1 0
vn 0 1 0
vn 0 1 0
vn 0 1 0
vn 0 1 0
vn 0 1 0
vn 0 1 0
vn 0 1 0
vn 0 1 0
vn 0 1 0
vn 0 1 0
vn 0 1 0
vn 0 1 0
vn 0 1 0
vn 0 1 0
vn 0 1 0
vn 0 1 0
vn 0 1 0
vn 0 1 0
vn 0 1 0
vn 0 1 0
vn 0 1 0
vn 0 1 0
vn 0 1 0
vn 0 1 0
vn 0 1 0
vn 0 1 0
vn 0 1 0
vn 0 1 0
vn 0 1 0
vn 0 1 0
vn 0 1 0
vn 0 1 0
vn 0 1 0
vn 0 1 0
vn 0 1 0
vn 0 1 0
vn 0 1 0
vn 0 1 0
vn 0 1 0
vn 0 1 0
vn 0 1 0
vn 0 1 0
vn 0 1 0
vn 0 1 0
vn 0 1 0
vn 0 1 0
vn 0 1 0
vn 0 1 0
vn 0 1 0
vn 0 1 0
vn 0 1 0
vn 0 1 0
vn 0 1 0
vn 0 1 0
vn 0 1 0
vn 0 1 0
vn 0 1 0
vn 0 1 0
vn 0 1 0
vn 0 1 0
vn 0 1 0
vn 0 1 0
vn 0 1 0
vn 0 1 0
vn 0 1 0
vn 0 1 0
vn 0 1 0
vn 0 1 0
vn 0 1 0
vn 0 1 0
vn 0 1 0
vn 0 1 0
vn -1 0 0
vn 0 0 -1
vn 1 0 0
vn 1 0 0
vn 1 0 0
vn 0.98330539464950562 0 -0.18196305632591248
vn 0.92978829145431519 0 -0.36809471249580383
vn 0.83699548244476318 0 -0.54720973968505859
vn 0.70710676908493042 0 -0.70710676908493042
vn 0.54720973968505859 0 -0.83699548244476318
vn 0.36809471249580383 0 -0.92978829145431519
vn 0.18196305632591248 0 -0.98330539464950562
vn -0.18196305632591248 0 -0.98330539464950562
vn -0.36809471249580383 0 -0.92978829145431519
vn -0.54720973968505859 0 -0.83699548244476318
vn -0.70710676908493042 0 -0.70710676908493042
vn -0.83699548244476318 0 -0.54720973968505859
vn -0.92978829145431519 0 -0.36809471249580383
vn -0.98330539464950562 0 -0.18196305632591248
vn -1 0 0
vn -1 0 0
vn -0.98330539464950562 0 -0.18196305632591248
vn -0.92978829145431519 0 -0.36809471249580383
vn -0.83699548244476318 0 -0.54720973968505859
vn -0.70710676908493042 0 -0.70710676908493042
vn -0.54720973968505859 0 -0.83699548244476318
vn -0.36809471249580383 0 -0.92978829145431519
vn -0.18196305632591248 0 -0.98330539464950562
vn 0 0 -1
vn 0.18196305632591248 0 -0.98330539464950562
vn 0.36809471249580383 0 -0.92978829145431519
vn 0.54720973968505859 0 -0.83699548244476318
vn 0.70710676908493042 0 -0.70710676908493042
vn 0.83699548244476318 0 -0.54720973968505859
vn 0.92978829145431519 0 -0.36809471249580383
vn 0.98330539464950562 0 -0.18196305632591248
vn 0 1 0
vn 0 1 0
vn 0 1 0
vn 0 1 0
vn 0 1 0
vn 0 1 0
vn 0 1 0
vn 0 1 0
vn 0 1 0
vn 0 1 0
vn 0 1 0
vn 0 1 0
vn 0 1 0
vn 0 1 0
vn 0 1 0
vn 0 1 0
vn 0 1 0
vn 0 1 0
vn 0 1 0
vn 0 1 0
vn 0 1 0
vn 0 1 0
vn 0 1 0
vn 0 1 0
vn 0 1 0
vn 0 1 0
vn 0 1 0
vn 0 1 0
vn 0 1 0
vn 0 1 0
vn 0 1 0
vn 0 1 0
vn 0 1 0
vn 0 1 0
vn 0 1 0
vn 0 1 0
vn 0 1 0
vn 0 1 0
vn 0 1 0
vn 0 1 0
vn 0 1 0
vn 1 0 0
vn -1 0 0
vn -1 0 0
vn -1 0 0
vn -0.98330539464950562 0 0.18196305632591248
vn -0.92978829145431519 0 0.36809471249580383
vn -0.83699548244476318 0 0.54720973968505859
vn -0.70710676908493042 0 0.70710676908493042
vn -0.54720973968505859 0 0.83699548244476318
vn -0.36809471249580383 0 0.92978829145431519
vn -0.18196305632591248 0 0.98330539464950562
vn 0 0 1
vn 0.18196305632591248 0 0.98330539464950562
vn 0.36809471249580383 0 0.92978829145431519
vn 0.54720973968505859 0 0.83699548244476318
vn 0.70710676908493042 0 0.70710676908493042
vn 0.83699548244476318 0 0.54720973968505859
vn 0.92978829145431519 0 0.36809471249580383
vn 0.98330539464950562 0 0.18196305632591248
vn 1 0 0
vn 1 0 0
vn 0.98330539464950562 0 0.18196305632591248
vn 0.92978829145431519 0 0.36809471249580383
vn 0.83699548244476318 0 0.54720973968505859
vn 0.70710676908493042 0 0.70710676908493042
vn 0.54720973968505859 0 0.83699548244476318
vn 0.36809471249580383 0 0.92978829145431519
vn 0.18196305632591248 0 0.98330539464950562
vn 0 0 1
vn -0.18196305632591248 0 0.98330539464950562
vn -0.36809471249580383 0 0.92978829145431519
vn -0.54720973968505859 0 0.83699548244476318
vn -0.70710676908493042 0 0.70710676908493042
vn -0.83699548244476318 0 0.54720973968505859
vn -0.92978829145431519 0 0.36809471249580383
vn -0.98330539464950562 0 0.18196305632591248
vn -1 9.7398471552878618E-05 7.6192435694011351E-10
vn 1 7.7980235801078379E-05 4.6445466916900102E-10
vn -0.97685235738754272 -0.096225179731845856 0.19105033576488495
vn -0.96303915977478027 -0.18988144397735596 0.19105124473571777
vn -0.93932121992111206 -0.28491315245628357 0.19105005264282227
vn -0.90819811820983887 -0.37239164113998413 0.19105143845081329
vn -0.86568641662597656 -0.46269527077674866 0.19104993343353271
vn -0.81484085321426392 -0.54729676246643066 0.19105155766010284
vn -0.7587745189666748 -0.62270474433898926 0.19104985892772675
vn -0.69408082962036133 -0.69408291578292847 0.1910516768693924
vn -0.62269377708435059 -0.75878351926803589 0.19104982912540436
vn -0.54536867141723633 -0.81613254547119141 0.19105157256126404
vn -0.46268469095230103 -0.86569207906723022 0.1910499632358551
vn -0.37567713856697083 -0.90684401988983154 0.19105140864849091
vn 0.3723941445350647 -0.90819710493087769 0.19105145335197449
vn 0.46268999576568604 -0.86568927764892578 0.19104991853237152
vn 0.54729634523391724 -0.81484109163284302 0.19105155766010284
vn 0.62270069122314453 -0.75877785682678223 0.19104985892772675
vn 0.69408327341079712 -0.69408047199249268 0.1910516768693924
vn 0.75878041982650757 -0.62269759178161621 0.19104981422424316
vn 0.81612867116928101 -0.54537439346313477 0.19105157256126404
vn 0.86568886041641235 -0.46269074082374573 0.1910499781370163
vn 0.90684396028518677 -0.37567722797393799 0.19105140864849091
vn 0.93932425975799561 -0.28490322828292847 0.1910499781370163
vn 0.96270591020584106 -0.19156394898891449 0.19105121493339539
vn 0.97685331106185913 -0.096214883029460907 0.19105038046836853
vn -0.92056792974472046 -0.090680956840515137 0.37991008162498474
vn -0.9075503945350647 -0.17894066870212555 0.37991124391555786
vn -0.88519960641860962 -0.26849725842475891 0.37990906834602356
vn -0.85586917400360107 -0.35093477368354797 0.37991148233413696
vn -0.8158075213432312 -0.43603602051734924 0.37990874052047729
vn -0.7678910493850708 -0.51576203107833862 0.3799116313457489
vn -0.71505570411682129 -0.58682602643966675 0.37990862131118774
vn -0.65408885478973389 -0.65409082174301147 0.37991181015968323
vn -0.58681577444076538 -0.71506422758102417 0.37990847229957581
vn -0.51394510269165039 -0.76910829544067383 0.37991166114807129
vn -0.43602603673934937 -0.81581282615661621 0.37990888953208923
vn -0.35403090715408325 -0.85459315776824951 0.37991142272949219
vn -0.26848778128623962 -0.88520246744155884 0.37990900874137878
vn 0.26849612593650818 -0.8851999044418335 0.3799092173576355
vn 0.35093715786933899 -0.85586822032928467 0.37991148233413696
vn 0.4360310435295105 -0.81581020355224609 0.37990871071815491
vn 0.51576167345046997 -0.7678912878036499 0.3799116313457489
vn 0.58682221174240112 -0.71505880355834961 0.37990862131118774
vn 0.65409117937088013 -0.65408849716186523 0.37991181015968323
vn 0.71506130695343018 -0.5868193507194519 0.37990847229957581
vn 0.76910465955734253 -0.51395052671432495 0.3799116313457489
vn 0.81580972671508789 -0.43603172898292542 0.37990894913673401
vn 0.85459309816360474 -0.35403096675872803 0.37991145253181458
vn 0.88520252704620361 -0.26848793029785156 0.37990880012512207
vn 0.90723633766174316 -0.1805262565612793 0.37991118431091309
vn 0.92056882381439209 -0.090671226382255554 0.37991023063659668
vn -0.82587575912475586 -0.081353314220905304 0.5579524040222168
vn -0.81419694423675537 -0.16053390502929688 0.5579535961151123
vn -0.79414594173431396 -0.2408793717622757 0.55795103311538696
vn -0.76783186197280884 -0.31483611464500427 0.55795383453369141
vn -0.73189181089401245 -0.39118477702140808 0.55795055627822876
vn -0.68890351057052612 -0.46270865201950073 0.55795401334762573
vn -0.64150357246398926 -0.52646410465240479 0.55795043706893921
vn -0.5868070125579834 -0.58680880069732666 0.55795419216156006
vn -0.52645492553710938 -0.64151132106781006 0.55795025825500488
vn -0.46107867360115051 -0.68999546766281128 0.55795401334762573
vn -0.391175776720047 -0.73189646005630493 0.55795079469680786
vn -0.3176136314868927 -0.76668715476989746 0.55795377492904663
vn -0.2408708781003952 -0.79414856433868408 0.55795091390609741
vn 0.24087831377983093 -0.79414612054824829 0.55795121192932129
vn 0.3148382306098938 -0.76783096790313721 0.55795383453369141
vn 0.39118033647537231 -0.73189419507980347 0.55795055627822876
vn 0.46270832419395447 -0.68890374898910522 0.55795401334762573
vn 0.52646064758300781 -0.64150643348693848 0.55795043706893921
vn 0.58680915832519531 -0.58680671453475952 0.55795419216156006
vn 0.64150869846343994 -0.52645808458328247 0.55795025825500488
vn 0.68999224901199341 -0.46108356118202209 0.55795401334762573
vn 0.73189365863800049 -0.39118084311485291 0.55795085430145264
vn 0.76668709516525269 -0.31761372089385986 0.55795383453369141
vn 0.79414874315261841 -0.24087104201316833 0.55795067548751831
vn 0.81391525268554688 -0.16195636987686157 0.55795353651046753
vn 0.82587647438049316 -0.081344589591026306 0.55795258283615112
vn -0.69633382558822632 -0.068592734634876251 0.71443283557891846
vn -0.68648654222488403 -0.13535293936729431 0.71443390846252441
vn -0.66958135366439819 -0.20309703052043915 0.7144315242767334
vn -0.64739406108856201 -0.26545208692550659 0.71443414688110352
vn -0.6170920729637146 -0.32982653379440308 0.71443110704421997
vn -0.58084607124328613 -0.39013013243675232 0.71443426609039307
vn -0.54088163375854492 -0.44388666749000549 0.71443098783493042
vn -0.49476355314254761 -0.49476504325866699 0.71443444490432739
vn -0.44387897849082947 -0.54088819026947021 0.71443086862564087
vn -0.38875588774681091 -0.58176672458648682 0.71443426609039307
vn -0.32981890439987183 -0.617095947265625 0.71443134546279907
vn -0.26779386401176453 -0.64642900228500366 0.71443402767181396
vn -0.2030898779630661 -0.66958355903625488 0.71443146467208862
vn 0.20309609174728394 -0.66958141326904297 0.71443170309066772
vn 0.26545384526252747 -0.64739334583282471 0.71443408727645874
vn 0.32982280850410461 -0.61709409952163696 0.71443110704421997
vn 0.39012986421585083 -0.58084630966186523 0.71443426609039307
vn 0.4438837468624115 -0.54088401794433594 0.7144310474395752
vn 0.49476531147956848 -0.49476331472396851 0.71443444490432739
vn 0.54088598489761353 -0.44388169050216675 0.71443080902099609
vn 0.58176398277282715 -0.38875997066497803 0.71443426609039307
vn 0.61709356307983398 -0.32982316613197327 0.71443140506744385
vn 0.64642888307571411 -0.26779395341873169 0.71443408727645874
vn 0.66958379745483398 -0.20309007167816162 0.71443122625350952
vn 0.68624907732009888 -0.13655216991901398 0.71443378925323486
vn 0.6963343620300293 -0.068585403263568878 0.71443301439285278
vn -0.53812301158905029 -0.053008094429969788 0.84119778871536255
vn -0.53051286935806274 -0.10459938645362854 0.8411986231803894
vn -0.51744908094406128 -0.15695282816886902 0.84119695425033569
vn -0.50030249357223511 -0.20513923466205597 0.84119874238967896
vn -0.47688564658164978 -0.25488874316215515 0.84119665622711182
vn -0.44887468218803406 -0.30148968100547791 0.84119886159896851
vn -0.41799071431159973 -0.34303367137908936 0.84119653701782227
vn -0.38235023617744446 -0.38235136866569519 0.84119898080825806
vn -0.34302777051925659 -0.41799581050872803 0.84119647741317749
vn -0.30042770504951477 -0.44958609342575073 0.84119886159896851
vn -0.2548828125 -0.47688859701156616 0.84119677543640137
vn -0.20694884657859802 -0.49955672025680542 0.84119868278503418
vn -0.1569472998380661 -0.51745080947875977 0.84119689464569092
vn -0.10551454126834869 -0.53033155202865601 0.8411986231803894
vn 0.10459205508232117 -0.5305141806602478 0.84119868278503418
vn 0.15695205330848694 -0.51744908094406128 0.84119707345962524
vn 0.20514057576656342 -0.50030195713043213 0.84119874238967896
vn 0.25488588213920593 -0.47688722610473633 0.84119665622711182
vn 0.30148947238922119 -0.448874831199646 0.84119886159896851
vn 0.34303143620491028 -0.41799253225326538 0.84119659662246704
vn 0.38235154747962952 -0.38235005736351013 0.84119898080825806
vn 0.41799411177635193 -0.34302985668182373 0.84119641780853271
vn 0.44958400726318359 -0.30043086409568787 0.84119886159896851
vn 0.47688674926757812 -0.25488609075546265 0.84119683504104614
vn 0.49955666065216064 -0.20694896578788757 0.84119874238967896
vn 0.51745104789733887 -0.15694750845432281 0.84119671583175659
vn 0.53032940626144409 -0.10552602261304855 0.84119850397109985
vn 0.53812342882156372 -0.053002472966909409 0.8411979079246521
vn -0.36169928312301636 -0.035629365593194962 0.9316137433052063
vn -0.3565838634967804 -0.070305906236171722 0.9316142201423645
vn -0.34780320525169373 -0.10549619048833847 0.93161338567733765
vn -0.33627802133560181 -0.13788367807865143 0.93161427974700928
vn -0.32053849101066589 -0.17132376134395599 0.9316132664680481
vn -0.30171096324920654 -0.20264555513858795 0.93161433935165405
vn -0.28095236420631409 -0.23057018220424652 0.93161320686340332
vn -0.25699630379676819 -0.25699704885482788 0.93161439895629883
vn -0.23056621849536896 -0.28095579147338867 0.93161314725875854
vn -0.20193178951740265 -0.30218911170959473 0.93161433935165405
vn -0.17131976783275604 -0.32054048776626587 0.93161332607269287
vn -0.13909992575645447 -0.33577680587768555 0.93161427974700928
vn -0.10549245774745941 -0.34780439734458923 0.93161332607269287
vn -0.070920988917350769 -0.3564620316028595 0.9316142201423645
vn 0.070301055908203125 -0.35658472776412964 0.9316142201423645
vn 0.1054956391453743 -0.34780323505401611 0.93161344528198242
vn 0.13788454234600067 -0.33627766370773315 0.93161427974700928
vn 0.17132183909416199 -0.32053956389427185 0.9316132664680481
vn 0.20264540612697601 -0.30171105265617371 0.93161433935165405
vn 0.23056866228580475 -0.28095358610153198 0.93161320686340332
vn 0.25699716806411743 -0.25699618458747864 0.93161439895629883
vn 0.28095465898513794 -0.23056763410568237 0.93161314725875854
vn 0.3021877110004425 -0.20193390548229218 0.93161433935165405
vn 0.32053923606872559 -0.17132194340229034 0.93161332607269287
vn 0.33577674627304077 -0.13910004496574402 0.93161427974700928
vn 0.34780454635620117 -0.10549263656139374 0.9316132664680481
vn 0.35646060109138489 -0.070928625762462616 0.93161416053771973
vn 0.36169952154159546 -0.035625632852315903 0.93161380290985107
vn -0.17876327037811279 -0.017609154805541039 0.98373454809188843
vn -0.17623481154441833 -0.034747064113616943 0.98373466730117798
vn -0.1718951016664505 -0.052139706909656525 0.98373448848724365
vn -0.16619901359081268 -0.068146064877510071 0.98373472690582275
vn -0.15841995179653168 -0.084673680365085602 0.98373448848724365
vn -0.1491149365901947 -0.1001533642411232 0.98373472690582275
vn -0.13885530829429626 -0.11395498365163803 0.98373442888259888
vn -0.12701541185379028 -0.12701575458049774 0.98373478651046753
vn -0.11395300924777985 -0.13885697722434998 0.98373442888259888
vn -0.099800616502761841 -0.14935122430324554 0.98373472690582275
vn -0.084671713411808014 -0.15842096507549286 0.98373448848724365
vn -0.068747133016586304 -0.16595132648944855 0.98373472690582275
vn -0.052137855440378189 -0.17189568281173706 0.98373448848724365
vn -0.035051032900810242 -0.1761745810508728 0.98373466730117798
vn -0.017604051157832146 -0.17876392602920532 0.98373448848724365
vn 0.017605053260922432 -0.17876386642456055 0.98373448848724365
vn 0.034744713455438614 -0.17623522877693176 0.98373466730117798
vn 0.052139431238174438 -0.17189514636993408 0.98373448848724365
vn 0.068146482110023499 -0.16619884967803955 0.98373472690582275
vn 0.084672726690769196 -0.15842045843601227 0.98373448848724365
vn 0.10015329718589783 -0.14911498129367828 0.98373472690582275
vn 0.11395423859357834 -0.13885591924190521 0.98373442888259888
vn 0.12701581418514252 -0.12701535224914551 0.98373478651046753
vn 0.13885641098022461 -0.11395370215177536 0.98373442888259888
vn 0.14935053884983063 -0.09980165958404541 0.98373472690582275
vn 0.1584203690290451 -0.084672801196575165 0.98373448848724365
vn 0.16595129668712616 -0.06874721497297287 0.98373472690582275
vn 0.17189568281173706 -0.052137944847345352 0.98373448848724365
vn 0.17617389559745789 -0.035054758191108704 0.98373466730117798
vn 0.17876341938972473 -0.017607338726520538 0.98373454809188843
vn -8.7478326804557582E-08 -8.6172002866646835E-09 1
vn -6.3186053012032062E-07 -1.2458015419269941E-07 1
vn -6.9611206754416344E-07 -2.1114723836035409E-07 1
vn -7.2783376481311279E-07 -2.9843087645531341E-07 1
vn -7.718687129454338E-07 -4.1255617588831228E-07 1
vn -7.1697246539770276E-07 -4.8155436616070801E-07 1
vn -6.718151439599751E-07 -5.5134194099082379E-07 1
vn -6.2882656948204385E-07 -6.2882855900170398E-07 1
vn -6.0801255585829495E-07 -7.4089058443860267E-07 1
vn -4.863992444370524E-07 -7.278958378265088E-07 1
vn -3.6779914580620243E-07 -6.88151260419545E-07 1
vn -2.9872583695578214E-07 -7.2110907467504148E-07 1
vn -2.201215210106966E-07 -7.2572606768517289E-07 1
vn -1.3250307517864712E-07 -6.6599233150554937E-07 1
vn -4.255446484080494E-08 -4.3212605760345468E-07 1
vn 5.5776379070948678E-08 -5.6635792589077028E-07 1
vn 1.2538161797692737E-07 -6.3597462940379046E-07 1
vn 1.8246625188567123E-07 -6.0155895198477083E-07 1
vn 3.0248637017393776E-07 -7.3771911957010161E-07 1
vn 4.2049364878948836E-07 -7.8673076586710522E-07 1
vn 4.808371727449412E-07 -7.1590540073884767E-07 1
vn 5.4775813396190642E-07 -6.6745559479386429E-07 1
vn 6.2900363673179527E-07 -6.2900096509110881E-07 1
vn 7.5161614176977309E-07 -6.1682072782787145E-07 1
vn 7.3021089974645292E-07 -4.8795368456922006E-07 1
vn 6.4833335500225076E-07 -3.4652330782591889E-07 1
vn 7.0307356736520887E-07 -2.9125462219781184E-07 1
vn 8.6456833514603204E-07 -2.6223415261483751E-07 1
vn 6.6759923811332555E-07 -1.3283860766932776E-07 1
vn 2.1987085929708883E-08 -2.1656416659965316E-09 1
vn 0.19013036787509918 0.018729384988546371 0.98158019781112671
vn 0.18744118511676788 0.036956749856472015 0.98158037662506104
vn 0.18282544612884521 0.055455464869737625 0.98158013820648193
vn 0.17676737904548645 0.072479069232940674 0.98158037662506104
vn 0.16849333047866821 0.090058304369449615 0.98158007860183716
vn 0.15859724581241608 0.10652132332324982 0.98158043622970581
vn 0.14768470823764801 0.121201291680336 0.98158007860183716
vn 0.13509200513362885 0.13509251177310944 0.98158043622970581
vn 0.12119918316602707 0.14768649637699127 0.98158007860183716
vn 0.1061464324593544 0.15884837508201599 0.98158043622970581
vn 0.090056218206882477 0.16849440336227417 0.98158013820648193
vn 0.073117963969707489 0.17650410532951355 0.98158037662506104
vn 0.055453602224588394 0.18282604217529297 0.98158013820648193
vn 0.037279672920703888 0.18737718462944031 0.98158037662506104
vn 0.018723638728260994 0.19013111293315887 0.98158013820648193
vn -1.0491913826626842E-06 0.19104969501495361 0.98158037662506104
vn -0.018724692985415459 0.1901310533285141 0.98158013820648193
vn -0.036953691393136978 0.18744172155857086 0.98158037662506104
vn -0.055455304682254791 0.18282546103000641 0.98158013820648193
vn -0.072479546070098877 0.17676718533039093 0.98158037662506104
vn -0.090057268738746643 0.16849389672279358 0.98158007860183716
vn -0.10652124136686325 0.15859730541706085 0.98158043622970581
vn -0.12120050191879272 0.14768536388874054 0.98158007860183716
vn -0.13509258627891541 0.13509193062782288 0.98158043622970581
vn -0.14768590033054352 0.12119992077350616 0.98158007860183716
vn -0.1588476151227951 0.10614757239818573 0.98158043622970581
vn -0.16849374771118164 0.090057402849197388 0.98158013820648193
vn -0.17650412023067474 0.073117941617965698 0.98158037662506104
vn -0.18282610177993774 0.055453561246395111 0.98158013820648193
vn -0.18737632036209106 0.037284336984157562 0.98158037662506104
vn -0.19013053178787231 0.018727250397205353 0.98158019781112671
vn 0.37808075547218323 0.037244085222482681 0.92502313852310181
vn 0.37273401021957397 0.073489092290401459 0.92502361536026001
vn 0.36355492472648621 0.11027589440345764 0.92502272129058838
vn 0.35150909423828125 0.14412659406661987 0.92502373456954956
vn 0.33505496382713318 0.17908485233783722 0.92502260208129883
vn 0.31537738442420959 0.21182096004486084 0.92502379417419434
vn 0.29367634654045105 0.24101346731185913 0.92502254247665405
vn 0.26863574981689453 0.26863676309585571 0.92502385377883911
vn 0.24100932478904724 0.29367995262145996 0.92502248287200928
vn 0.21107560396194458 0.31587669253349304 0.92502379417419434
vn 0.17908068001270294 0.33505702018737793 0.9250226616859436
vn 0.14539684355258942 0.35098564624786377 0.92502367496490479
vn 0.11027219891548157 0.36355608701705933 0.92502272129058838
vn 0.074131123721599579 0.37260681390762329 0.92502361536026001
vn 0.037232913076877594 0.37808245420455933 0.92502290010452271
vn -2.0623217551474227E-06 0.37990948557853699 0.92502367496490479
vn -0.03723502904176712 0.37808245420455933 0.92502284049987793
vn -0.073483064770698547 0.37273511290550232 0.92502367496490479
vn -0.11027552932500839 0.36355489492416382 0.92502278089523315
vn -0.1441274881362915 0.3515087366104126 0.92502373456954956
vn -0.17908282577991486 0.33505606651306152 0.92502260208129883
vn -0.2118208110332489 0.31537747383117676 0.92502379417419434
vn -0.24101188778877258 0.29367765784263611 0.92502254247665405
vn -0.26863688230514526 0.26863560080528259 0.92502385377883911
vn -0.29367876052856445 0.24101078510284424 0.92502248287200928
vn -0.31587520241737366 0.21107785403728485 0.92502379417419434
vn -0.33505570888519287 0.17908298969268799 0.9250226616859436
vn -0.35098561644554138 0.14539684355258942 0.92502367496490479
vn -0.36355632543563843 0.11027218401432037 0.92502260208129883
vn -0.3726050853729248 0.074140369892120361 0.92502361536026001
vn -0.37808102369308472 0.037239879369735718 0.92502319812774658
vn 0.55526566505432129 0.05469837412238121 0.82987236976623535
vn 0.54741394519805908 0.10792805254459381 0.82987320423126221
vn 0.5339319109916687 0.16195698082447052 0.82987147569656372
vn 0.51624250411987305 0.21166935563087463 0.82987332344055176
vn 0.49207547307014465 0.2630125880241394 0.82987111806869507
vn 0.46317824721336365 0.31108838319778442 0.82987344264984131
vn 0.43130528926849365 0.35396295785903931 0.82987105846405029
vn 0.3945305347442627 0.3945319652557373 0.82987356185913086
vn 0.35395684838294983 0.43131053447723389 0.82987093925476074
vn 0.30999389290809631 0.46391144394874573 0.82987344264984131
vn 0.26300644874572754 0.4920785129070282 0.82987129688262939
vn 0.21353457868099213 0.51547384262084961 0.82987332344055176
vn 0.16195155680179596 0.53393369913101196 0.82987141609191895
vn 0.10887075960636139 0.54722720384597778 0.82987320423126221
vn 0.054682325571775436 0.5552680492401123 0.82987183332443237
vn -2.994486067109392E-06 0.55795192718505859 0.82987326383590698
vn -0.054685447365045547 0.55526798963546753 0.82987165451049805
vn -0.10791926831007004 0.54741555452346802 0.82987326383590698
vn -0.16195641458034515 0.5339319109916687 0.82987159490585327
vn -0.2116706371307373 0.51624196767807007 0.82987332344055176
vn -0.26300960779190063 0.49207708239555359 0.82987111806869507
vn -0.31108814477920532 0.46317839622497559 0.82987344264984131
vn -0.35396063327789307 0.43130719661712646 0.82987105846405029
vn -0.39453217387199402 0.39453032612800598 0.82987356185913086
vn -0.4313088059425354 0.35395902395248413 0.82987093925476074
vn -0.46390923857688904 0.30999720096588135 0.82987344264984131
vn -0.49207660555839539 0.26300981640815735 0.82987135648727417
vn -0.51547378301620483 0.2135346382856369 0.82987332344055176
vn -0.53393393754959106 0.16195157170295715 0.82987117767333984
vn -0.54722464084625244 0.1088843047618866 0.82987314462661743
vn -0.55526608228683472 0.054692268371582031 0.8298724889755249
vn 0.71099227666854858 0.070038944482803345 0.6997031569480896
vn 0.7009393572807312 0.13819538056850433 0.69970422983169556
vn 0.68367457389831543 0.20737983286380768 0.69970184564590454
vn 0.6610262393951416 0.27103137969970703 0.69970446825027466
vn 0.63007891178131104 0.33677658438682556 0.69970142841339111
vn 0.59308034181594849 0.39833301305770874 0.69970458745956421
vn 0.55226588249206543 0.45323342084884644 0.69970130920410156
vn 0.50517886877059937 0.50518065690994263 0.69970476627349854
vn 0.45322558283805847 0.5522724986076355 0.69970113039016724
vn 0.39693182706832886 0.59401899576187134 0.69970458745956421
vn 0.33676871657371521 0.63008296489715576 0.69970160722732544
vn 0.27341923117637634 0.6600421667098999 0.69970440864562988
vn 0.20737287402153015 0.68367677927017212 0.69970172643661499
vn 0.13940218091011047 0.70070034265518188 0.69970428943634033
vn 0.07001882791519165 0.71099501848220825 0.69970238208770752
vn -3.8004118323442526E-06 0.7144324779510498 0.69970440864562988
vn -0.070022836327552795 0.7109948992729187 0.69970214366912842
vn -0.13818418979644775 0.70094144344329834 0.69970434904098511
vn -0.20737907290458679 0.68367463350296021 0.69970202445983887
vn -0.27103292942047119 0.66102558374404907 0.69970446825027466
vn -0.33677276968955994 0.63008099794387817 0.69970136880874634
vn -0.39833271503448486 0.59308052062988281 0.69970458745956421
vn -0.45323044061660767 0.55226826667785645 0.69970130920410156
vn -0.5051809549331665 0.50517863035202026 0.69970476627349854
vn -0.55227029323577881 0.45322835445404053 0.69970107078552246
vn -0.59401619434356689 0.39693602919578552 0.69970458745956421
vn -0.63008052110671997 0.33677303791046143 0.69970166683197021
vn -0.66004210710525513 0.27341940999031067 0.69970440864562988
vn -0.68367701768875122 0.20737293362617493 0.69970148801803589
vn -0.70069700479507446 0.13941951096057892 0.69970417022705078
vn -0.71099293231964111 0.070031203329563141 0.69970327615737915
vn 0.83714640140533447 0.082466468214988708 0.54072654247283936
vn 0.82531058788299561 0.16271425783634186 0.54072779417037964
vn 0.80498051643371582 0.2441774308681488 0.54072517156600952
vn 0.7783159613609314 0.31911978125572205 0.54072803258895874
vn 0.7418748140335083 0.39653316140174866 0.54072475433349609
vn 0.69831478595733643 0.46900910139083862 0.54072815179824829
vn 0.65025544166564941 0.53365230560302734 0.54072463512420654
vn 0.59481525421142578 0.59481734037399292 0.54072839021682739
vn 0.53364300727844238 0.65026319026947021 0.54072445631027222
vn 0.46735963225364685 0.69941973686218262 0.54072821140289307
vn 0.39652389287948608 0.74187958240509033 0.54072493314743042
vn 0.32193079590797424 0.77715754508972168 0.54072791337966919
vn 0.24416925013065338 0.80498307943344116 0.54072511196136475
vn 0.16413483023643494 0.82502919435501099 0.54072779417037964
vn 0.082443192601203918 0.83714920282363892 0.54072576761245728
vn -4.4598928070627153E-06 0.84119755029678345 0.54072791337966919
vn -0.082447923719882965 0.83714890480041504 0.5407254695892334
vn -0.1627010852098465 0.82531309127807617 0.54072791337966919
vn -0.24417653679847717 0.80498069524765015 0.54072535037994385
vn -0.31912156939506531 0.77831524610519409 0.54072803258895874
vn -0.39652866125106812 0.74187719821929932 0.54072469472885132
vn -0.46900877356529236 0.69831496477127075 0.54072815179824829
vn -0.5336487889289856 0.65025830268859863 0.54072463512420654
vn -0.5948176383972168 0.5948149561882019 0.54072839021682739
vn -0.6502605676651001 0.53364628553390503 0.54072439670562744
vn -0.69941645860671997 0.46736457943916321 0.54072815179824829
vn -0.74187678098678589 0.39652898907661438 0.54072505235671997
vn -0.77715742588043213 0.32193109393119812 0.54072797298431396
vn -0.80498319864273071 0.24416933953762054 0.54072481393814087
vn -0.82502520084381104 0.16415531933307648 0.54072767496109009
vn -0.83714717626571655 0.082457423210144043 0.54072672128677368
vn 0.92712646722793579 0.091330625116825104 0.3634490966796875
vn 0.91401922702789307 0.18020215630531311 0.36345025897026062
vn 0.89150232076644897 0.27042388916015625 0.36344814300537109
vn 0.86197388172149658 0.35341867804527283 0.36345046758651733
vn 0.82161331176757812 0.43915510177612305 0.36344781517982483
vn 0.77337431907653809 0.51941871643066406 0.36345061659812927
vn 0.72014665603637695 0.59101146459579468 0.36344769597053528
vn 0.65874898433685303 0.65875130891799927 0.3634507954120636
vn 0.59100109338760376 0.72015523910522461 0.36344757676124573
vn 0.51759231090545654 0.7745978832244873 0.36345064640045166
vn 0.43914487957954407 0.82161873579025269 0.36344796419143677
vn 0.3565312922000885 0.8606911301612854 0.36345040798187256
vn 0.27041482925415039 0.89150506258010864 0.36344808340072632
vn 0.18177503347396851 0.9137076735496521 0.36345028877258301
vn 0.091305121779441833 0.92712920904159546 0.36344853043556213
vn -4.9654809117782861E-06 0.93161356449127197 0.36345034837722778
vn -0.091310366988182068 0.92712873220443726 0.36344835162162781
vn -0.18018744885921478 0.91402208805084229 0.36345034837722778
vn -0.27042290568351746 0.89150255918502808 0.36344826221466064
vn -0.35342058539390564 0.8619731068611145 0.36345046758651733
vn -0.43915015459060669 0.82161599397659302 0.36344778537750244
vn -0.51941841840744019 0.77337455749511719 0.36345061659812927
vn -0.59100759029388428 0.72014981508255005 0.36344769597053528
vn -0.65875166654586792 0.65874862670898438 0.3634507954120636
vn -0.72015225887298584 0.59100472927093506 0.36344754695892334
vn -0.77459418773651123 0.51759779453277588 0.36345064640045166
vn -0.82161569595336914 0.43915054202079773 0.36344802379608154
vn -0.86069095134735107 0.35653167963027954 0.36345043778419495
vn -0.89150512218475342 0.27041491866111755 0.3634478747844696
vn -0.91370314359664917 0.18179795145988464 0.36345016956329346
vn -0.9271274209022522 0.091320618987083435 0.36344921588897705
vn 0.97899585962295532 0.096440598368644714 0.17962811887264252
vn 0.96515578031539917 0.19028320908546448 0.17962901294231415
vn 0.94137811660766602 0.28555387258529663 0.17962789535522461
vn 0.91019904613494873 0.37319037318229675 0.17962920665740967
vn 0.86757886409759521 0.46372488141059875 0.17962779104709625
vn 0.81664299964904785 0.54847747087478638 0.17962932586669922
vn 0.76043570041656494 0.62407642602920532 0.17962771654129028
vn 0.69560396671295166 0.695606529712677 0.17962943017482758
vn 0.62406551837921143 0.76044470071792603 0.1796276867389679
vn 0.54654914140701294 0.81793481111526489 0.17962934076786041
vn 0.46371409296989441 0.86758464574813843 0.17962782084941864
vn 0.3764767050743103 0.90884464979171753 0.17962917685508728
vn 0.28554439544677734 0.94138103723526001 0.17962788045406342
vn 0.19194376468658447 0.96482694149017334 0.17962905764579773
vn 0.096413694322109222 0.97899854183197021 0.17962798476219177
vn -5.3252661018632352E-06 0.98373442888259888 0.17962902784347534
vn -0.096419230103492737 0.97899800539016724 0.17962794005870819
vn -0.19026742875576019 0.96515887975692749 0.17962907254695892
vn -0.28555291891098022 0.94137841463088989 0.179627925157547
vn -0.37319236993789673 0.91019821166992188 0.17962922155857086
vn -0.46371960639953613 0.86758166551589966 0.17962777614593506
vn -0.54847705364227295 0.81664323806762695 0.17962932586669922
vn -0.6240723729133606 0.76043909788131714 0.17962771654129028
vn -0.69560682773590088 0.69560360908508301 0.17962943017482758
vn -0.76044160127639771 0.62406927347183228 0.1796276867389679
vn -0.81793093681335449 0.54655486345291138 0.17962934076786041
vn -0.86758142709732056 0.46372008323669434 0.17962783575057983
vn -0.90884453058242798 0.37647706270217896 0.17962917685508728
vn -0.94138103723526001 0.28554439544677734 0.17962783575057983
vn -0.96482205390930176 0.19196832180023193 0.17962899804115295
vn -0.97899693250656128 0.096429966390132904 0.1796281635761261
vn 1 -4.0259932575281709E-05 7.6192435694011351E-10
vn -1 -2.7010099074686877E-05 4.6445527979166457E-10
vn 0.99581658840179443 0.091374650597572327 6.7123366420673847E-08
vn 0.98330014944076538 0.18199111521244049 5.6195187880803132E-07
vn 0.96106529235839844 0.2763214111328125 7.5172471269979724E-07
vn 0.92978513240814209 0.36810266971588135 7.4450952070037602E-07
vn 0.88792151212692261 0.45999500155448914 8.8044708945744787E-07
vn 0.83699494600296021 0.54721063375473022 8.5646837533204234E-07
vn 0.77618014812469482 0.63051116466522217 8.6972249846439809E-07
vn 0.70710545778274536 0.70710813999176025 8.8982568513529259E-07
vn 0.63051235675811768 0.77617919445037842 9.5933012289606268E-07
vn 0.5472177267074585 0.83699029684066772 8.5142266925686272E-07
vn 0.45999798178672791 0.88791996240615845 7.8524146829295205E-07
vn 0.36809995770454407 0.92978620529174805 7.5675563948607305E-07
vn 0.27632361650466919 0.96106463670730591 7.7035559797877795E-07
vn 0.18197731673717499 0.98330271244049072 6.1644044535569265E-07
vn 0.091359764337539673 0.99581795930862427 4.3738506860790949E-07
vn -5.5507894103357103E-06 1 5.6714247875788715E-07
vn -0.091362252831459045 0.99581772089004517 5.7251787666245946E-07
vn -0.18197058141231537 0.98330396413803101 6.2396247813012451E-07
vn -0.27632376551628113 0.96106457710266113 6.3839104313956341E-07
vn -0.36810523271560669 0.92978411912918091 7.4894455792673398E-07
vn -0.45999467372894287 0.88792169094085693 8.9943398506875383E-07
vn -0.5472102165222168 0.83699518442153931 8.5641977420891635E-07
vn -0.63051110506057739 0.7761802077293396 8.6406248556158971E-07
vn -0.70710849761962891 0.70710510015487671 8.9009677139983978E-07
vn -0.77617943286895752 0.63051211833953857 9.7361225925851613E-07
vn -0.83698928356170654 0.54721933603286743 8.499176260556851E-07
vn -0.88791942596435547 0.4599989652633667 7.36349250018975E-07
vn -0.92978852987289429 0.36809417605400085 7.5774335073219845E-07
vn -0.96106564998626709 0.27632021903991699 9.2974812559987186E-07
vn -0.98329824209213257 0.18200154602527618 5.3761709750688169E-07
vn -0.99581694602966309 0.091370418667793274 1.3133975684809229E-08
vn -0.98330539464950562 -2.7573689294513315E-05 0.18196305632591248
vn -0.92978829145431519 -2.8829548682551831E-05 0.36809471249580383
vn -0.83699548244476318 -2.9838634873158298E-05 0.54720973968505859
vn -0.70710676908493042 -2.9230439395178109E-05 0.70710676908493042
vn -0.54720973968505859 -2.5892219127854332E-05 0.83699548244476318
vn -0.36809471249580383 -1.9498094843584113E-05 0.92978829145431519
vn -0.18196305632591248 -1.0542840755078942E-05 0.98330539464950562
vn 4.2247286224927905E-10 0 1
vn 0.18196305632591248 1.2074595360900275E-05 0.98330539464950562
vn 0.36809471249580383 2.5598230422474444E-05 0.92978829145431519
vn 0.54720973968505859 3.9535967516712844E-05 0.83699548244476318
vn 0.70710676908493042 5.2623887313529849E-05 0.70710676908493042
vn 0.83699548244476318 6.3647239585407078E-05 0.54720973968505859
vn 0.92978829145431519 7.1722170105203986E-05 0.36809471249580383
vn 0.98330539464950562 7.646292942808941E-05 0.18196305632591248
vn 0.2810344398021698 -0.9596976637840271 6.3472077727055876E-07
vn 0.27845585346221924 -0.95487695932388306 0.10330675542354584
vn 0.27091154456138611 -0.94065940380096436 0.20436936616897583
vn 0.25874358415603638 -0.91735994815826416 0.30249384045600891
vn 0.24237322807312012 -0.88524943590164185 0.39697438478469849
vn 0.22021481394767761 -0.84024333953857422 0.49547606706619263
vn 0.19500361382961273 -0.78656917810440063 0.58590322732925415
vn 0.16777181625366211 -0.72507238388061523 0.66792416572570801
vn 0.13957813382148743 -0.6566159725189209 0.74119728803634644
vn 0.11139211803674698 -0.58180296421051025 0.80566561222076416
vn 0.084532499313354492 -0.50220900774002075 0.86060464382171631
vn 0.038612376898527145 -0.33200642466545105 0.94248652458190918
vn 0.010293350555002689 -0.16712488234043121 0.9858819842338562
vn 0 5.6789764357745298E-07 1
vn -0.010292261838912964 -0.16712243854999542 0.98588240146636963
vn -0.038612548261880875 -0.33200165629386902 0.94248819351196289
vn -0.084536075592041016 -0.50220459699630737 0.860606849193573
vn -0.11139683425426483 -0.5817989706993103 0.80566787719726562
vn -0.13958345353603363 -0.65661239624023438 0.74119943380355835
vn -0.16777697205543518 -0.72506952285766602 0.66792595386505127
vn -0.19500802457332611 -0.7865670919418335 0.58590453863143921
vn -0.22021813690662384 -0.84024196863174438 0.49547696113586426
vn -0.24237534403800964 -0.88524866104125977 0.39697480201721191
vn -0.25874465703964233 -0.91735953092575073 0.30249416828155518
vn -0.2709118127822876 -0.9406592845916748 0.20436960458755493
vn -0.27845561504364014 -0.95487701892852783 0.10330693423748016
vn -0.28103402256965637 -0.95969778299331665 7.6657261161017232E-07
vn -0.98330533504486084 9.5619798230472952E-05 0.18196305632591248
vn -0.92978829145431519 8.979565609479323E-05 0.36809471249580383
vn -0.83699548244476318 7.9780213127378374E-05 0.54720973968505859
vn -0.70710676908493042 6.6047345171682537E-05 0.70710676908493042
vn -0.54720973968505859 4.9693673645379022E-05 0.83699548244476318
vn -0.36809471249580383 3.2230873330263421E-05 0.92978829145431519
vn -0.18196305632591248 1.5235011233016849E-05 0.98330539464950562
vn -7.000231505571719E-10 0 1
vn 0.18196305632591248 -1.3768804819846991E-05 0.98330539464950562
vn 0.36809471249580383 -2.5715598894748837E-05 0.92978829145431519
vn 0.54720973968505859 -3.4621461963979527E-05 0.83699548244476318
vn 0.70710676908493042 -3.982753332820721E-05 0.70710676908493042
vn 0.83699548244476318 -4.1651168430689722E-05 0.54720973968505859
vn 0.92978829145431519 -4.1354855056852102E-05 0.36809471249580383
vn 0.98330539464950562 -4.0525075746700168E-05 0.18196305632591248
vn 0.99895256757736206 -0.045758292078971863 3.4588141240021741E-09
vn 0.99581694602966309 -0.091370537877082825 1.3132660292569653E-08
vn 0.99060219526290894 -0.13677462935447693 1.5009281639777328E-07
vn 0.98330098390579224 -0.18198661506175995 5.3760436458105687E-07
vn 0.97331124544143677 -0.22948905825614929 8.9809407199936686E-07
vn 0.96106576919555664 -0.2763197124004364 9.2974948984192451E-07
vn 0.94656580686569214 -0.32251077890396118 8.2089940178775578E-07
vn 0.9297909140586853 -0.36808803677558899 7.5774295282826643E-07
vn 0.90998339653015137 -0.41464468836784363 7.5487758977033081E-07
vn 0.88791966438293457 -0.45999854803085327 7.3634936370581272E-07
vn 0.86359745264053345 -0.50418192148208618 7.5157561241212534E-07
vn 0.83699178695678711 -0.54721546173095703 8.4991592075311928E-07
vn 0.80761003494262695 -0.58971691131591797 9.5474570116493851E-07
vn 0.77617961168289185 -0.6305118203163147 9.7361237294535385E-07
vn 0.74268990755081177 -0.66963547468185425 9.4097310920915334E-07
vn 0.70710837841033936 -0.70710515975952148 8.9009705561693409E-07
vn 0.66963791847229004 -0.74268770217895508 8.6277270838763798E-07
vn 0.63051134347915649 -0.77618002891540527 8.6406248556158971E-07
vn 0.58971256017684937 -0.80761319398880005 8.7004764282028191E-07
vn 0.54720789194107056 -0.83699673414230347 8.5641983105233521E-07
vn 0.50417375564575195 -0.86360222101211548 8.6406635091407225E-07
vn 0.45999491214752197 -0.88792157173156738 8.9943398506875383E-07
vn 0.41464820504188538 -0.90998178720474243 8.8668349462750484E-07
vn 0.36809852719306946 -0.9297868013381958 7.4894461477015284E-07
vn 0.33326837420463562 -0.94283199310302734 6.4268334654116188E-07
vn -0.33326137065887451 -0.94283449649810791 7.280649469976197E-07
vn -0.36809474229812622 -0.92978829145431519 7.5675563948607305E-07
vn -0.41464713215827942 -0.90998226404190063 8.0025438364828005E-07
vn -0.45999822020530701 -0.8879198431968689 7.8524141144953319E-07
vn -0.5041804313659668 -0.86359834671020508 7.7968707046238706E-07
vn -0.54721450805664062 -0.83699238300323486 8.5142312400421361E-07
vn -0.58971703052520752 -0.8076099157333374 9.4139284101402154E-07
vn -0.63051265478134155 -0.77617895603179932 9.5933012289606268E-07
vn -0.66963648796081543 -0.74268901348114014 9.3319181360129733E-07
vn -0.70710599422454834 -0.7071075439453125 8.8982534407477942E-07
vn -0.74268829822540283 -0.66963726282119751 8.6693654566261102E-07
vn -0.7761804461479187 -0.63051080703735352 8.6972255530781695E-07
vn -0.80761349201202393 -0.58971214294433594 8.7432169948442606E-07
vn -0.83699685335159302 -0.54720771312713623 8.5646786374127259E-07
vn -0.86360228061676025 -0.5041736364364624 8.5504774460787303E-07
vn -0.88792181015014648 -0.45999440550804138 8.8044737367454218E-07
vn -0.90998256206512451 -0.41464647650718689 8.6616086036883644E-07
vn -0.92978847026824951 -0.36809423565864563 7.4450542797421804E-07
vn -0.9465634822845459 -0.32251760363578796 6.8132322894598474E-07
vn -0.96106553077697754 -0.27632060647010803 7.5172658853261964E-07
vn -0.97331255674362183 -0.22948342561721802 7.7298506084844121E-07
vn -0.98330217599868774 -0.18198023736476898 5.6194113540186663E-07
vn -0.99060267210006714 -0.13677135109901428 2.5709110218485876E-07
vn -0.99581658840179443 -0.091374486684799194 6.7119053426267783E-08
vn -0.99895238876342773 -0.045760974287986755 -1.6241820333107171E-08
vn -0.28490307927131653 -0.93932425975799561 0.19105003774166107
vn 0.28491193056106567 -0.93932157754898071 0.19105008244514465
vn 0.98158019781112671 0 0.19105048477649689
vn 0.92502325773239136 0 0.37991040945053101
vn 0.92502325773239136 0 0.37991040945053101
vn 0.82987266778945923 0 0.55795282125473022
vn 0.82987266778945923 0 0.55795282125473022
vn 0.69970357418060303 0 0.71443325281143188
vn 0.69970357418060303 0 0.71443325281143188
vn 0.54072701930999756 0 0.8411981463432312
vn 0.54072701930999756 0 0.8411981463432312
vn 0.36344948410987854 0 0.93161392211914062
vn 0.36344948410987854 0 0.93161392211914062
vn 0.17962829768657684 0 0.98373454809188843
vn 0.17962829768657684 0 0.98373454809188843
vn 0 0 1
vn 0 0 1
vn -0.19105048477649689 0 0.98158019781112671
vn -0.19105048477649689 0 0.98158019781112671
vn -0.37991040945053101 0 0.92502325773239136
vn -0.37991040945053101 0 0.92502325773239136
vn -0.55795282125473022 0 0.82987266778945923
vn -0.55795282125473022 0 0.82987266778945923
vn -0.71443325281143188 0 0.69970357418060303
vn -0.71443325281143188 0 0.69970357418060303
vn -0.8411981463432312 0 0.54072701930999756
vn -0.8411981463432312 0 0.54072701930999756
vn -0.93161392211914062 0 0.36344948410987854
vn -0.93161392211914062 0 0.36344948410987854
vn -0.98373454809188843 0 0.17962829768657684
vn 1 0 0
vn 1 0 0
vn 1 0 0
vn 1 0 0
vn 1 0 0
vn 0.98158019781112671 0 0.19105048477649689
vn 0.99554240703582764 0 0.094315044581890106
vn 0.99554240703582764 0 0.094315044581890106
vn -1 0 0
vn -1 0 0
vn -1 0 0
vn -1 0 0
vn -1 0 0
vn -0.98373454809188843 0 0.17962829768657684
vn -0.99605762958526611 0 0.088708475232124329
vn -0.99605762958526611 0 0.088708475232124329
vn 0 0 1
vn 0.16744181513786316 0 0.9858819842338562
vn 0.33424121141433716 0 0.94248753786087036
vn 0.50927460193634033 0 0.86060410737991333
vn 0.59237170219421387 0 0.80566483736038208
vn 0.6712874174118042 0 0.74119710922241211
vn 0.74422913789749146 0 0.66792440414428711
vn 0.81037992238998413 0 0.58590477705001831
vn 0.86862063407897949 0 0.49547776579856873
vn 0.91782885789871216 0 0.39697635173797607
vn 0.95315086841583252 0 0.30249541997909546
vn 0.97889363765716553 0 0.20437023043632507
vn 0.99464952945709229 0 0.10330682992935181
vn 0.45364180207252502 0 0.89118409156799316
vn 0.62321734428405762 0 0.78204870223999023
vn 0.7689322829246521 0 0.63933026790618896
vn 0.88231003284454346 0 0.47066867351531982
vn 0.90489888191223145 0 0.42562660574913025
vn 0.95831996202468872 0 0.28569704294204712
vn 0.82987266778945923 0 0.55795282125473022
vn 0.92502325773239136 0 0.37991040945053101
vn 0.88231003284454346 0 0.47066867351531982
vn 0.88231003284454346 0 0.47066867351531982
vn 0.94294345378875732 0 0.33295288681983948
vn 0.95831996202468872 0 0.28569704294204712
vn 0.95831996202468872 0 0.28569704294204712
vn -0.99464952945709229 0 0.10330699384212494
vn -0.97889357805252075 0 0.20437057316303253
vn -0.95315068960189819 0 0.30249592661857605
vn -0.91782850027084351 0 0.39697706699371338
vn -0.86861997842788696 0 0.49547886848449707
vn -0.81037873029708862 0 0.58590638637542725
vn -0.74422734975814819 0 0.6679263710975647
vn -0.67128497362136841 0 0.74119937419891357
vn -0.59236860275268555 0 0.80566710233688354
vn -0.50927090644836426 0 0.86060625314712524
vn -0.33423668146133423 0 0.9424891471862793
vn -0.16743935644626617 0 0.98588240146636963
vn -0.96239930391311646 0 0.27163878083229065
vn -0.93161392211914062 0 0.36344948410987854
vn -0.96239930391311646 0 0.27163878083229065
vn -0.96239930391311646 0 0.27163878083229065
vn -0.94820624589920044 0 0.31765538454055786
vn -0.89118409156799316 0 0.45364180207252502
vn -0.91260600090026855 0 0.40884014964103699
vn -0.8411981463432312 0 0.54072701930999756
vn -0.89118409156799316 0 0.45364180207252502
vn -0.89118409156799316 0 0.45364180207252502
vn -0.78204870223999023 0 0.62321734428405762
vn -0.63933026790618896 0 0.7689322829246521
vn -0.47066867351531982 0 0.88231003284454346
vn 0.98330539464950562 0 0.18196305632591248
vn 0.92978829145431519 0 0.36809471249580383
vn 0.83699548244476318 0 0.54720973968505859
vn 0.70710676908493042 0 0.70710676908493042
vn 0.54720973968505859 0 0.83699548244476318
vn 0.36809471249580383 0 0.92978829145431519
vn 0.18196305632591248 0 0.98330539464950562
vn 0 0 1
vn -0.18196305632591248 0 0.98330539464950562
vn -0.36809471249580383 0 0.92978829145431519
vn -0.54720973968505859 0 0.83699548244476318
vn -0.70710676908493042 0 0.70710676908493042
vn -0.83699548244476318 0 0.54720973968505859
vn -0.92978829145431519 0 0.36809471249580383
vn -0.98330539464950562 0 0.18196305632591248
vn 0.98158019781112671 0 0.19105048477649689
vn 0.99554240703582764 0 0.094315044581890106
vn 0.92502325773239136 0 0.37991040945053101
vn 0.95831996202468872 0 0.28569704294204712
vn 0.82987266778945923 0 0.55795282125473022
vn 0.88231003284454346 0 0.47066867351531982
vn 0.69970357418060303 0 0.71443325281143188
vn 0.7689322829246521 0 0.63933026790618896
vn 0.7689322829246521 0 0.63933026790618896
vn 0.54072701930999756 0 0.8411981463432312
vn 0.62321734428405762 0 0.78204870223999023
vn 0.62321734428405762 0 0.78204870223999023
vn 0.36344948410987854 0 0.93161392211914062
vn 0.45364180207252502 0 0.89118409156799316
vn 0.45364180207252502 0 0.89118409156799316
vn 0.17962829768657684 0 0.98373454809188843
vn 0.27163878083229065 0 0.96239930391311646
vn 0.27163878083229065 0 0.96239930391311646
vn -0.19105048477649689 0 0.98158019781112671
vn -0.094315044581890106 0 0.99554240703582764
vn 0 0 1
vn -0.094315044581890106 0 0.99554240703582764
vn -0.37991040945053101 0 0.92502325773239136
vn -0.28569704294204712 0 0.95831996202468872
vn -0.28569704294204712 0 0.95831996202468872
vn -0.55795282125473022 0 0.82987266778945923
vn -0.47066867351531982 0 0.88231003284454346
vn -0.47066867351531982 0 0.88231003284454346
vn -0.71443325281143188 0 0.69970357418060303
vn -0.63933026790618896 0 0.7689322829246521
vn -0.63933026790618896 0 0.7689322829246521
vn -0.8411981463432312 0 0.54072701930999756
vn -0.78204870223999023 0 0.62321734428405762
vn -0.78204870223999023 0 0.62321734428405762
vn -0.93161392211914062 0 0.36344948410987854
vn -0.89118409156799316 0 0.45364180207252502
vn -0.98373454809188843 0 0.17962829768657684
vn -0.96239930391311646 0 0.27163878083229065
vn -0.99605762958526611 0 0.088708475232124329
vn 1 0 0
vn 1 0 0
vn 1 0 0
vn -1 0 0
vn -1 0 0
vn 0.98330539464950562 0 0.18196305632591248
vn 0.92978829145431519 0 0.36809471249580383
vn 0.83699548244476318 0 0.54720973968505859
vn 0.70710676908493042 0 0.70710676908493042
vn 0.54720973968505859 0 0.83699548244476318
vn 0.36809471249580383 0 0.92978829145431519
vn 0.18196305632591248 0 0.98330539464950562
vn 0 0 1
vn -0.18196305632591248 0 0.98330539464950562
vn -0.36809471249580383 0 0.92978829145431519
vn -0.54720973968505859 0 0.83699548244476318
vn -0.70710676908493042 0 0.70710676908493042
vn -0.83699548244476318 0 0.54720973968505859
vn -0.92978829145431519 0 0.36809471249580383
vn -0.98330539464950562 0 0.18196305632591248
vn -1 0 0
vn -0.98330539464950562 0 0.18196305632591248
vn -0.92978829145431519 0 0.36809471249580383
vn -0.83699548244476318 0 0.54720973968505859
vn -0.70710676908493042 0 0.70710676908493042
vn -0.54720973968505859 0 0.83699548244476318
vn -0.36809471249580383 0 0.92978829145431519
vn -0.18196305632591248 0 0.98330539464950562
vn 0 0 1
vn 0.18196305632591248 0 0.98330539464950562
vn 0.36809471249580383 0 0.92978829145431519
vn 0.54720973968505859 0 0.83699548244476318
vn 0.70710676908493042 0 0.70710676908493042
vn 0.83699548244476318 0 0.54720973968505859
vn 0.92978829145431519 0 0.36809471249580383
vn 0.98330539464950562 0 0.18196305632591248
vn 1 0 0
vn -1 0 0
vn -1 0 0
vn -1 0 0
vn 1 0 0
vn 1 0 0
vn 0.98330539464950562 0 -0.18196305632591248
vn 0.92978829145431519 0 -0.36809471249580383
vn 0.83699548244476318 0 -0.54720973968505859
vn 0.70710676908493042 0 -0.70710676908493042
vn 0.54720973968505859 0 -0.83699548244476318
vn 0.36809471249580383 0 -0.92978829145431519
vn 0.18196305632591248 0 -0.98330539464950562
vn 0 0 -1
vn -0.18196305632591248 0 -0.98330539464950562
vn -0.36809471249580383 0 -0.92978829145431519
vn -0.54720973968505859 0 -0.83699548244476318
vn -0.70710676908493042 0 -0.70710676908493042
vn -0.83699548244476318 0 -0.54720973968505859
vn -0.92978829145431519 0 -0.36809471249580383
vn -0.98330539464950562 0 -0.18196305632591248
vn -0.98330539464950562 0 -0.18196305632591248
vn -0.92978829145431519 0 -0.36809471249580383
vn -0.83699548244476318 0 -0.54720973968505859
vn -0.70710676908493042 0 -0.70710676908493042
vn -0.54720973968505859 0 -0.83699548244476318
vn -0.36809471249580383 0 -0.92978829145431519
vn -0.18196305632591248 0 -0.98330539464950562
vn 0 0 -1
vn 0.18196305632591248 0 -0.98330539464950562
vn 0.36809471249580383 0 -0.92978829145431519
vn 0.54720973968505859 0 -0.83699548244476318
vn 0.70710676908493042 0 -0.70710676908493042
vn 0.83699548244476318 0 -0.54720973968505859
vn 0.92978829145431519 0 -0.36809471249580383
vn 0.98330539464950562 0 -0.18196305632591248
vn 1 -4.0259932575281709E-05 -7.6192435694011351E-10
vn -1 -2.7010099074686877E-05 -4.6445527979166457E-10
vn 0.9768519401550293 0.096229374408721924 -0.19105033576488495
vn 0.96304214000701904 0.18986651301383972 -0.19105124473571777
vn 0.93931657075881958 0.28492850065231323 -0.19105005264282227
vn 0.90820568799972534 0.37237313389778137 -0.19105143845081329
vn 0.86567890644073486 0.46270930767059326 -0.19104993343353271
vn 0.81485456228256226 0.54727631807327271 -0.19105155766010284
vn 0.7587704062461853 0.62270975112915039 -0.19104985892772675
vn 0.69408059120178223 0.69408315420150757 -0.1910516768693924
vn 0.62269878387451172 0.75877940654754639 -0.19104982912540436
vn 0.54535222053527832 0.81614351272583008 -0.19105157256126404
vn 0.4626985490322113 0.86568468809127808 -0.1910499632358551
vn 0.37565228343009949 0.90685427188873291 -0.19105140864849091
vn 0.28491902351379395 0.9393194317817688 -0.19105003774166107
vn 0.19152344763278961 0.96271395683288574 -0.19105128943920135
vn 0.096202537417411804 0.97685462236404419 -0.19105015695095062
vn -5.3068956731294747E-06 0.98158007860183716 -0.19105127453804016
vn -0.096208065748214722 0.97685408592224121 -0.19105011224746704
vn -0.18985077738761902 0.96304523944854736 -0.19105130434036255
vn -0.28492751717567444 0.93931686878204346 -0.19105008244514465
vn -0.37237513065338135 0.90820491313934326 -0.19105145335197449
vn -0.46270406246185303 0.86568176746368408 -0.19104991853237152
vn -0.54727596044540405 0.81485480070114136 -0.19105155766010284
vn -0.62270563840866089 0.75877374410629272 -0.19104985892772675
vn -0.69408345222473145 0.69408023357391357 -0.1910516768693924
vn -0.75877630710601807 0.62270259857177734 -0.19104981422424316
vn -0.81613969802856445 0.54535794258117676 -0.19105157256126404
vn -0.86568146944046021 0.46270453929901123 -0.1910499781370163
vn -0.90685415267944336 0.37565267086029053 -0.19105140864849091
vn -0.93931949138641357 0.28491902351379395 -0.1910499781370163
vn -0.96270912885665894 0.1915479302406311 -0.19105121493339539
vn -0.97685295343399048 0.096218772232532501 -0.19105038046836853
vn 0.92056757211685181 0.090684480965137482 -0.37991008162498474
vn 0.90755295753479004 0.17892742156982422 -0.37991124391555786
vn 0.88519549369812012 0.26851069927215576 -0.37990906834602356
vn 0.85587584972381592 0.35091856122016907 -0.37991148233413696
vn 0.81580096483230591 0.43604826927185059 -0.37990874052047729
vn 0.76790302991867065 0.51574426889419556 -0.3799116313457489
vn 0.71505212783813477 0.58683037757873535 -0.37990862131118774
vn 0.65408867597579956 0.6540910005569458 -0.37991181015968323
vn 0.58682012557983398 0.71506059169769287 -0.37990847229957581
vn 0.51393073797225952 0.76911789178848267 -0.37991166114807129
vn 0.43603810667991638 0.81580632925033569 -0.37990888953208923
vn 0.35400921106338501 0.8546021580696106 -0.37991142272949219
vn 0.26850169897079468 0.88519829511642456 -0.37990900874137878
vn 0.18048921227455139 0.90724366903305054 -0.37991130352020264
vn 0.090659148991107941 0.92057031393051147 -0.37990951538085938
vn -4.9259679144597612E-06 0.92502290010452271 -0.37991136312484741
vn -0.09066435694694519 0.92056989669799805 -0.37990930676460266
vn -0.17891283333301544 0.90755581855773926 -0.37991136312484741
vn -0.26850971579551697 0.88519573211669922 -0.3799092173576355
vn -0.35092043876647949 0.85587507486343384 -0.37991148233413696
vn -0.43604335188865662 0.8158036470413208 -0.37990871071815491
vn -0.5157439112663269 0.76790320873260498 -0.3799116313457489
vn -0.58682656288146973 0.71505528688430786 -0.37990862131118774
vn -0.65409129858016968 0.65408837795257568 -0.37991181015968323
vn -0.71505767107009888 0.58682370185852051 -0.37990847229957581
vn -0.76911431550979614 0.51393616199493408 -0.3799116313457489
vn -0.81580328941345215 0.43604373931884766 -0.37990894913673401
vn -0.85460197925567627 0.35400956869125366 -0.37991145253181458
vn -0.88519835472106934 0.26850178837776184 -0.37990880012512207
vn -0.90723919868469238 0.18051192164421082 -0.37991118431091309
vn -0.92056846618652344 0.090674549341201782 -0.37991023063659668
vn 0.82587546110153198 0.081356152892112732 -0.5579524040222168
vn 0.81419891119003296 0.16052369773387909 -0.5579535961151123
vn 0.79414278268814087 0.24088981747627258 -0.55795103311538696
vn 0.76783698797225952 0.31482347846031189 -0.55795383453369141
vn 0.73188668489456177 0.39119434356689453 -0.55795055627822876
vn 0.68891286849975586 0.46269473433494568 -0.55795401334762573
vn 0.64150083065032959 0.52646750211715698 -0.55795043706893921
vn 0.58680689334869385 0.58680897951126099 -0.55795419216156006
vn 0.52645832300186157 0.64150851964950562 -0.55795025825500488
vn 0.46106746792793274 0.69000297784805298 -0.55795401334762573
vn 0.39118519425392151 0.7318914532661438 -0.55795079469680786
vn 0.31759670376777649 0.76669412851333618 -0.55795377492904663
vn 0.24088174104690552 0.79414528608322144 -0.55795091390609741
vn 0.16192518174648285 0.81392133235931396 -0.55795365571975708
vn 0.081333160400390625 0.82587826251983643 -0.55795162916183472
vn -4.3997965804010164E-06 0.8298720121383667 -0.55795377492904663
vn -0.081337824463844299 0.82587802410125732 -0.55795133113861084
vn -0.16051071882247925 0.81420141458511353 -0.55795371532440186
vn -0.24088893830776215 0.79414290189743042 -0.55795121192932129
vn -0.31482523679733276 0.76783627271652222 -0.55795383453369141
vn -0.39118990302085876 0.73188906908035278 -0.55795055627822876
vn -0.4626944363117218 0.68891304731369019 -0.55795401334762573
vn -0.52646404504776001 0.64150363206863403 -0.55795043706893921
vn -0.58680927753448486 0.58680659532546997 -0.55795419216156006
vn -0.6415058970451355 0.52646154165267944 -0.55795025825500488
vn -0.68999969959259033 0.46107232570648193 -0.55795401334762573
vn -0.73188865184783936 0.39119023084640503 -0.55795085430145264
vn -0.76669400930404663 0.31759697198867798 -0.55795383453369141
vn -0.79414546489715576 0.24088183045387268 -0.55795067548751831
vn -0.81391739845275879 0.16194538772106171 -0.55795353651046753
vn -0.82587623596191406 0.081347227096557617 -0.55795258283615112
vn 0.69633358716964722 0.068594910204410553 -0.71443283557891846
vn 0.68648785352706909 0.13534632325172424 -0.71443390846252441
vn 0.66957920789718628 0.20310410857200623 -0.7144315242767334
vn 0.64739751815795898 0.26544362306594849 -0.71443414688110352
vn 0.61708855628967285 0.32983309030532837 -0.71443110704421997
vn 0.58085250854492188 0.39012062549591064 -0.71443426609039307
vn 0.54087972640991211 0.44388899207115173 -0.71443098783493042
vn 0.49476340413093567 0.49476519227027893 -0.71443444490432739
vn 0.44388130307197571 0.5408862829208374 -0.71443086862564087
vn 0.38874828815460205 0.58177179098129272 -0.71443426609039307
vn 0.32982537150382996 0.61709249019622803 -0.71443134546279907
vn 0.2677823007106781 0.64643377065658569 -0.71443402767181396
vn 0.20309728384017944 0.66958135366439819 -0.71443146467208862
vn 0.13652826845645905 0.68625372648239136 -0.71443396806716919
vn 0.068575166165828705 0.69633626937866211 -0.71443212032318115
vn -3.7246898045850685E-06 0.69970279932022095 -0.71443402767181396
vn -0.068579100072383881 0.69633615016937256 -0.71443182229995728
vn -0.13533535599708557 0.68648988008499146 -0.71443402767181396
vn -0.20310336351394653 0.66957920789718628 -0.71443170309066772
vn -0.26544514298439026 0.64739692211151123 -0.71443408727645874
vn -0.32982933521270752 0.61709058284759521 -0.71443110704421997
vn -0.39012032747268677 0.5808526873588562 -0.71443426609039307
vn -0.44388607144355774 0.54088211059570312 -0.7144310474395752
vn -0.49476543068885803 0.49476316571235657 -0.71443444490432739
vn -0.54088407754898071 0.44388401508331299 -0.71443080902099609
vn -0.58176904916763306 0.38875243067741394 -0.71443426609039307
vn -0.61709010601043701 0.32982960343360901 -0.71443140506744385
vn -0.64643365144729614 0.26778244972229004 -0.71443408727645874
vn -0.66958159208297729 0.20309734344482422 -0.71443122625350952
vn -0.68625044822692871 0.13654524087905884 -0.71443378925323486
vn -0.69633418321609497 0.068587325513362885 -0.71443301439285278
vn 0.53812289237976074 0.053009651601314545 -0.84119778871536255
vn 0.53051352500915527 0.1045961007475853 -0.8411986231803894
vn 0.51744788885116577 0.15695676207542419 -0.84119695425033569
vn 0.50030440092086792 0.20513458549976349 -0.84119874238967896
vn 0.4768836498260498 0.254892498254776 -0.84119665622711182
vn 0.44887834787368774 0.30148422718048096 -0.84119886159896851
vn 0.41798961162567139 0.3430350124835968 -0.84119653701782227
vn 0.38235011696815491 0.38235148787498474 -0.84119898080825806
vn 0.34302908182144165 0.41799470782279968 -0.84119647741317749
vn 0.30042350292205811 0.44958892464637756 -0.84119886159896851
vn 0.25488653779029846 0.47688660025596619 -0.84119677543640137
vn 0.20694226026535034 0.49955946207046509 -0.84119868278503418
vn 0.15695150196552277 0.51744955778121948 -0.84119689464569092
vn 0.10550972074270248 0.53033250570297241 -0.8411986231803894
vn 0.05299406498670578 0.53812521696090698 -0.84119731187820435
vn -2.9051907404209487E-06 0.54072612524032593 -0.84119868278503418
vn -0.052997089922428131 0.53812515735626221 -0.84119713306427002
vn -0.10458758473396301 0.53051507472991943 -0.84119868278503418
vn -0.15695621073246002 0.517447829246521 -0.84119707345962524
vn -0.20513583719730377 0.50030386447906494 -0.84119874238967896
vn -0.25488960742950439 0.47688522934913635 -0.84119665622711182
vn -0.30148398876190186 0.44887849688529968 -0.84119886159896851
vn -0.34303274750709534 0.41799145936965942 -0.84119659662246704
vn -0.38235169649124146 0.38234990835189819 -0.84119898080825806
vn -0.41799300909042358 0.34303119778633118 -0.84119641780853271
vn -0.44958677887916565 0.30042669177055359 -0.84119886159896851
vn -0.47688475251197815 0.25488981604576111 -0.84119683504104614
vn -0.49955940246582031 0.20694230496883392 -0.84119874238967896
vn -0.51744985580444336 0.15695151686668396 -0.84119671583175659
vn -0.53033006191253662 0.10552284866571426 -0.84119850397109985
vn -0.53812330961227417 0.053003732115030289 -0.8411979079246521
vn 0.36169916391372681 0.035630356520414352 -0.9316137433052063
vn 0.35658404231071472 0.070305004715919495 -0.9316142201423645
vn 0.34780272841453552 0.10549777001142502 -0.93161338567733765
vn 0.3362787663936615 0.13788188993930817 -0.93161427974700928
vn 0.32053762674331665 0.17132537066936493 -0.9316132664680481
vn 0.30171254277229309 0.20264318585395813 -0.93161433935165405
vn 0.28095188736915588 0.23057076334953308 -0.93161320686340332
vn 0.25699621438980103 0.25699716806411743 -0.93161439895629883
vn 0.23056678473949432 0.28095531463623047 -0.93161314725875854
vn 0.20193010568618774 0.30219021439552307 -0.93161433935165405
vn 0.17132136225700378 0.32053962349891663 -0.93161332607269287
vn 0.13909712433815002 0.33577796816825867 -0.93161427974700928
vn 0.10549423098564148 0.34780386090278625 -0.93161332607269287
vn 0.070919230580329895 0.35646235942840576 -0.9316142201423645
vn 0.035619650036096573 0.36170080304145813 -0.9316135048866272
vn -1.9750300452869851E-06 0.36344864964485168 -0.9316142201423645
vn -0.035621672868728638 0.36170080304145813 -0.93161344528198242
vn -0.070299237966537476 0.35658511519432068 -0.9316142201423645
vn -0.10549742728471756 0.34780269861221313 -0.93161344528198242
vn -0.1378827691078186 0.33627840876579285 -0.93161427974700928
vn -0.17132341861724854 0.32053869962692261 -0.9316132664680481
vn -0.20264303684234619 0.30171266198158264 -0.93161433935165405
vn -0.23056924343109131 0.28095310926437378 -0.93161320686340332
vn -0.25699728727340698 0.25699606537818909 -0.93161439895629883
vn -0.28095418214797974 0.23056818544864655 -0.93161314725875854
vn -0.30218878388404846 0.20193226635456085 -0.93161433935165405
vn -0.32053834199905396 0.17132359743118286 -0.93161332607269287
vn -0.33577796816825867 0.13909712433815002 -0.93161427974700928
vn -0.34780406951904297 0.10549421608448029 -0.9316132664680481
vn -0.35646072030067444 0.070928074419498444 -0.93161416053771973
vn -0.36169946193695068 0.035626333206892014 -0.93161380290985107
vn 0.17876322567462921 0.017609627917408943 -0.98373454809188843
vn 0.17623478174209595 0.034747269004583359 -0.98373466730117798
vn 0.17189501225948334 0.052139975130558014 -0.98373448848724365
vn 0.16619910299777985 0.068145841360092163 -0.98373472690582275
vn 0.15841975808143616 0.084674037992954254 -0.98373448848724365
vn 0.14911529421806335 0.10015282779932022 -0.98373472690582275
vn 0.13885520398616791 0.11395511776208878 -0.98373442888259888
vn 0.12701535224914551 0.12701582908630371 -0.98373478651046753
vn 0.1139531284570694 0.13885687291622162 -0.98373442888259888
vn 0.099800348281860352 0.14935140311717987 -0.98373472690582275
vn 0.084672078490257263 0.15842077136039734 -0.98373448848724365
vn 0.06874653697013855 0.16595157980918884 -0.98373472690582275
vn 0.052138220518827438 0.17189556360244751 -0.98373448848724365
vn 0.035050887614488602 0.17617461085319519 -0.98373466730117798
vn 0.017604218795895576 0.17876391112804413 -0.98373448848724365
vn -9.8712052931659855E-07 0.17962756752967834 -0.98373466730117798
vn -0.017605205997824669 0.17876385152339935 -0.98373448848724365
vn -0.034744389355182648 0.17623528838157654 -0.98373466730117798
vn -0.052139826118946075 0.17189502716064453 -0.98373448848724365
vn -0.068146288394927979 0.16619892418384552 -0.98373472690582275
vn -0.084673069417476654 0.15842027962207794 -0.98373448848724365
vn -0.10015275329351425 0.14911535382270813 -0.98373472690582275
vn -0.11395437270402908 0.13885581493377686 -0.98373442888259888
vn -0.12701590359210968 0.12701527774333954 -0.98373478651046753
vn -0.13885630667209625 0.11395382136106491 -0.98373442888259888
vn -0.14935068786144257 0.099801421165466309 -0.98373472690582275
vn -0.15842016041278839 0.084673196077346802 -0.98373448848724365
vn -0.16595157980918884 0.068746514618396759 -0.98373472690582275
vn -0.17189562320709229 0.052138179540634155 -0.98373448848724365
vn -0.17617379128932953 0.035055272281169891 -0.98373466730117798
vn -0.17876338958740234 0.017607619985938072 -0.98373454809188843
vn 8.7478326804557582E-08 8.6171985103078441E-09 -1
vn 6.3186053012032062E-07 1.2458016840355413E-07 -1
vn 6.9611206754416344E-07 2.1114723836035409E-07 -1
vn 7.2783376481311279E-07 2.9843087645531341E-07 -1
vn 7.718687129454338E-07 4.1255617588831228E-07 -1
vn 7.1697246539770276E-07 4.8155436616070801E-07 -1
vn 6.718151439599751E-07 5.5134194099082379E-07 -1
vn 6.2882656948204385E-07 6.2882855900170398E-07 -1
vn 6.0801255585829495E-07 7.4089058443860267E-07 -1
vn 4.863992444370524E-07 7.278958378265088E-07 -1
vn 3.6779914580620243E-07 6.88151260419545E-07 -1
vn 2.9872583695578214E-07 7.2110907467504148E-07 -1
vn 2.201215210106966E-07 7.2572606768517289E-07 -1
vn 1.3250307517864712E-07 6.6599233150554937E-07 -1
vn 4.255446484080494E-08 4.3212605760345468E-07 -1
vn -5.5776386176376036E-08 5.6635792589077028E-07 -1
vn -1.2538161797692737E-07 6.3597462940379046E-07 -1
vn -1.8246625188567123E-07 6.0155895198477083E-07 -1
vn -3.0248634175222833E-07 7.3771911957010161E-07 -1
vn -4.2049364878948836E-07 7.8673076586710522E-07 -1
vn -4.808371727449412E-07 7.1590540073884767E-07 -1
vn -5.4775813396190642E-07 6.6745559479386429E-07 -1
vn -6.2900363673179527E-07 6.2900096509110881E-07 -1
vn -7.5161614176977309E-07 6.1682072782787145E-07 -1
vn -7.3021089974645292E-07 4.8795368456922006E-07 -1
vn -6.4833335500225076E-07 3.4652333624762832E-07 -1
vn -7.0307356736520887E-07 2.9125462219781184E-07 -1
vn -8.6456833514603204E-07 2.6223415261483751E-07 -1
vn -6.6759923811332555E-07 1.3283862188018247E-07 -1
vn -2.1987087706065722E-08 2.1656370030598282E-09 -1
vn -0.19013041257858276 -0.018728882074356079 -0.98158019781112671
vn -0.18744121491909027 -0.036956578493118286 -0.98158037662506104
vn -0.18282555043697357 -0.055455148220062256 -0.98158013820648193
vn -0.1767672598361969 -0.072479352355003357 -0.98158037662506104
vn -0.16849355399608612 -0.090057894587516785 -0.98158007860183716
vn -0.15859684348106384 -0.10652193427085876 -0.98158043622970581
vn -0.14768484234809875 -0.12120114266872406 -0.98158007860183716
vn -0.13509206473827362 -0.13509243726730347 -0.98158043622970581
vn -0.12119904160499573 -0.14768661558628082 -0.98158007860183716
vn -0.10614675283432007 -0.15884816646575928 -0.98158043622970581
vn -0.090055800974369049 -0.16849462687969208 -0.98158013820648193
vn -0.073118649423122406 -0.17650382220745087 -0.98158037662506104
vn -0.05545317754149437 -0.18282616138458252 -0.98158013820648193
vn -0.037279877811670303 -0.18737713992595673 -0.98158037662506104
vn -0.018723448738455772 -0.19013112783432007 -0.98158013820648193
vn 0.018724512308835983 -0.19013108313083649 -0.98158013820648193
vn 0.03695407509803772 -0.18744164705276489 -0.98158037662506104
vn 0.055454853922128677 -0.18282561004161835 -0.98158013820648193
vn 0.072479799389839172 -0.17676708102226257 -0.98158037662506104
vn 0.090056881308555603 -0.16849410533905029 -0.98158007860183716
vn 0.1065218597650528 -0.15859688818454742 -0.98158043622970581
vn 0.12120035290718079 -0.14768548309803009 -0.98158007860183716
vn 0.13509249687194824 -0.13509200513362885 -0.98158043622970581
vn 0.14768600463867188 -0.12119978666305542 -0.98158007860183716
vn 0.15884742140769958 -0.10614785552024841 -0.98158043622970581
vn 0.16849398612976074 -0.090056955814361572 -0.98158013820648193
vn 0.17650379240512848 -0.073118731379508972 -0.98158037662506104
vn 0.18282619118690491 -0.05545327439904213 -0.98158013820648193
vn 0.18737642467021942 -0.037283841520547867 -0.98158037662506104
vn 0.1901305615901947 -0.018726948648691177 -0.98158019781112671
vn -0.37808084487915039 -0.037243042141199112 -0.92502313852310181
vn -0.37273380160331726 -0.073490165174007416 -0.92502361536026001
vn -0.3635554313659668 -0.11027413606643677 -0.92502272129058838
vn -0.35150828957557678 -0.14412857592105865 -0.92502373456954956
vn -0.3350558876991272 -0.17908309400081635 -0.92502260208129883
vn -0.31537562608718872 -0.21182356774806976 -0.92502379417419434
vn -0.29367688298225403 -0.24101284146308899 -0.92502254247665405
vn -0.26863586902618408 -0.26863664388656616 -0.92502385377883911
vn -0.2410086989402771 -0.29368045926094055 -0.92502248287200928
vn -0.21107746660709381 -0.31587544083595276 -0.92502379417419434
vn -0.17907890677452087 -0.33505797386169434 -0.9250226616859436
vn -0.14539992809295654 -0.3509843647480011 -0.92502367496490479
vn -0.11027023941278458 -0.36355668306350708 -0.92502272129058838
vn -0.074133105576038361 -0.37260642647743225 -0.92502361536026001
vn 0.073485083878040314 -0.37273469567298889 -0.92502367496490479
vn 0.1102735698223114 -0.36355546116828918 -0.92502278089523315
vn 0.14412948489189148 -0.35150790214538574 -0.92502373456954956
vn 0.17908106744289398 -0.33505699038505554 -0.92502260208129883
vn 0.21182341873645782 -0.31537574529647827 -0.92502379417419434
vn 0.24101126194000244 -0.2936781644821167 -0.92502254247665405
vn 0.26863676309585571 -0.26863574981689453 -0.92502385377883911
vn 0.29367926716804504 -0.24101017415523529 -0.92502248287200928
vn 0.31587398052215576 -0.2110796719789505 -0.92502379417419434
vn 0.33505666255950928 -0.17908120155334473 -0.9250226616859436
vn 0.35098430514335632 -0.1454000324010849 -0.92502367496490479
vn 0.36355686187744141 -0.1102704256772995 -0.92502260208129883
vn 0.37260496616363525 -0.07414110004901886 -0.92502361536026001
vn 0.37808111310005188 -0.037239134311676025 -0.92502319812774658
vn -0.55526578426361084 -0.054696753621101379 -0.82987236976623535
vn -0.54741322994232178 -0.10793164372444153 -0.82987320423126221
vn -0.53393322229385376 -0.16195274889469147 -0.82987147569656372
vn -0.51624041795730591 -0.21167436242103577 -0.82987332344055176
vn -0.49207758903503418 -0.26300859451293945 -0.82987111806869507
vn -0.46317431330680847 -0.31109422445297241 -0.82987344264984131
vn -0.43130645155906677 -0.3539615273475647 -0.82987105846405029
vn -0.39453068375587463 -0.39453184604644775 -0.82987356185913086
vn -0.35395541787147522 -0.43131172657012939 -0.82987093925476074
vn -0.30999842286109924 -0.46390840411186218 -0.82987344264984131
vn -0.26300245523452759 -0.49208065867424011 -0.82987129688262939
vn -0.21354162693023682 -0.51547092199325562 -0.82987332344055176
vn -0.16194704174995422 -0.5339350700378418 -0.82987141609191895
vn 0.16195195913314819 -0.53393328189849854 -0.82987159490585327
vn 0.21167574822902679 -0.51623988151550293 -0.82987332344055176
vn 0.26300561428070068 -0.4920792281627655 -0.82987111806869507
vn 0.3110940158367157 -0.46317446231842041 -0.82987344264984131
vn 0.35395920276641846 -0.43130835890769958 -0.82987105846405029
vn 0.39453202486038208 -0.39453047513961792 -0.82987356185913086
vn 0.43130996823310852 -0.35395759344100952 -0.82987093925476074
vn 0.46390622854232788 -0.3100016713142395 -0.82987344264984131
vn 0.49207872152328491 -0.26300585269927979 -0.82987135648727417
vn 0.51547086238861084 -0.21354174613952637 -0.82987332344055176
vn 0.53393524885177612 -0.16194725036621094 -0.82987117767333984
vn 0.54722392559051514 -0.10888781398534775 -0.82987314462661743
vn 0.55526620149612427 -0.054690949618816376 -0.8298724889755249
vn -0.71099251508712769 -0.070036701858043671 -0.6997031569480896
vn -0.70093798637390137 -0.13820235431194305 -0.69970422983169556
vn -0.68367683887481689 -0.20737241208553314 -0.69970184564590454
vn -0.66102254390716553 -0.27104029059410095 -0.69970446825027466
vn -0.63008260726928711 -0.33676972985267639 -0.69970142841339111
vn -0.59307366609573364 -0.39834296703338623 -0.69970458745956421
vn -0.55226784944534302 -0.45323097705841064 -0.69970130920410156
vn -0.50517898797988892 -0.50518053770065308 -0.69970476627349854
vn -0.45322313904762268 -0.55227452516555786 -0.69970113039016724
vn -0.39693978428840637 -0.59401369094848633 -0.69970458745956421
vn -0.3367619514465332 -0.63008654117584229 -0.69970160722732544
vn -0.27343136072158813 -0.66003715991973877 -0.69970440864562988
vn -0.20736511051654816 -0.68367916345596313 -0.69970172643661499
vn 0.20737145841121674 -0.68367695808410645 -0.69970202445983887
vn 0.27104207873344421 -0.66102182865142822 -0.69970446825027466
vn 0.33676591515541077 -0.63008469343185425 -0.69970136880874634
vn 0.39834269881248474 -0.59307384490966797 -0.69970458745956421
vn 0.45322802662849426 -0.55227029323577881 -0.69970130920410156
vn 0.50518077611923218 -0.50517874956130981 -0.69970476627349854
vn 0.5522722601890564 -0.45322591066360474 -0.69970107078552246
vn 0.59401088953018188 -0.39694395661354065 -0.69970458745956421
vn 0.63008415699005127 -0.33676630258560181 -0.69970166683197021
vn 0.66003710031509399 -0.2734314501285553 -0.69970440864562988
vn 0.68367934226989746 -0.20736530423164368 -0.69970148801803589
vn 0.70069557428359985 -0.13942685723304749 -0.69970417022705078
vn 0.71099311113357544 -0.070029214024543762 -0.69970327615737915
vn -0.83714669942855835 -0.082463555037975311 -0.54072654247283936
vn -0.82530850172042847 -0.1627248078584671 -0.54072779417037964
vn -0.80498379468917847 -0.24416665732860565 -0.54072517156600952
vn -0.77831065654754639 -0.31913280487060547 -0.54072803258895874
vn -0.74188005924224854 -0.39652329683303833 -0.54072475433349609
vn -0.69830513000488281 -0.4690234363079071 -0.54072815179824829
vn -0.65025830268859863 -0.5336487889289856 -0.54072463512420654
vn -0.59481537342071533 -0.59481716156005859 -0.54072839021682739
vn -0.53363949060440063 -0.65026611089706421 -0.54072445631027222
vn -0.46737119555473328 -0.69941204786300659 -0.54072821140289307
vn -0.3965141773223877 -0.74188476800918579 -0.54072493314743042
vn -0.32194826006889343 -0.77715033292770386 -0.54072791337966919
vn -0.24415804445743561 -0.80498647689819336 -0.54072511196136475
vn 0.24416559934616089 -0.80498397350311279 -0.54072535037994385
vn 0.31913498044013977 -0.77830976247787476 -0.54072803258895874
vn 0.3965187668800354 -0.74188250303268433 -0.54072469472885132
vn 0.46902310848236084 -0.69830536842346191 -0.54072815179824829
vn 0.53364533185958862 -0.65026116371154785 -0.54072463512420654
vn 0.59481751918792725 -0.59481507539749146 -0.54072839021682739
vn 0.65026342868804932 -0.53364270925521851 -0.54072439670562744
vn 0.69940871000289917 -0.46737614274024963 -0.54072815179824829
vn 0.74188196659088135 -0.39651933312416077 -0.54072505235671997
vn 0.77715027332305908 -0.3219483494758606 -0.54072797298431396
vn 0.80498659610748291 -0.24415820837020874 -0.54072481393814087
vn 0.82502293586730957 -0.16416668891906738 -0.54072767496109009
vn 0.83714747428894043 -0.082454711198806763 -0.54072672128677368
vn -0.92712682485580444 -0.091327033936977386 -0.3634490966796875
vn -0.91401654481887817 -0.18021561205387115 -0.36345025897026062
vn -0.89150643348693848 -0.27041023969650269 -0.36344814300537109
vn -0.86196714639663696 -0.35343518853187561 -0.36345046758651733
vn -0.82161998748779297 -0.43914264440536499 -0.36344781517982483
vn -0.77336215972900391 -0.51943683624267578 -0.36345061659812927
vn -0.72015029191970825 -0.5910070538520813 -0.36344769597053528
vn -0.65874916315078735 -0.65875113010406494 -0.3634507954120636
vn -0.59099668264389038 -0.72015887498855591 -0.36344757676124573
vn -0.51760697364807129 -0.77458804845809937 -0.36345064640045166
vn -0.43913260102272034 -0.82162529230117798 -0.36344796419143677
vn -0.3565533459186554 -0.86068201065063477 -0.36345040798187256
vn -0.27040067315101624 -0.89150935411453247 -0.36344808340072632
vn 0.27040907740592957 -0.89150673151016235 -0.36344826221466064
vn 0.35343757271766663 -0.86196613311767578 -0.36345046758651733
vn 0.43913766741752625 -0.82162266969680786 -0.36344778537750244
vn 0.51943641901016235 -0.77336239814758301 -0.36345061659812927
vn 0.5910031795501709 -0.72015345096588135 -0.36344769597053528
vn 0.65875148773193359 -0.6587488055229187 -0.3634507954120636
vn 0.72015595436096191 -0.5910002589225769 -0.36344754695892334
vn 0.77458441257476807 -0.51761239767074585 -0.36345064640045166
vn 0.82162219285964966 -0.43913832306861877 -0.36344802379608154
vn 0.86068195104598999 -0.35655343532562256 -0.36345043778419495
vn 0.89150941371917725 -0.27040082216262817 -0.3634478747844696
vn 0.91370028257369995 -0.18181250989437103 -0.36345016956329346
vn 0.92712771892547607 -0.091317236423492432 -0.36344921588897705
vn -0.97899627685546875 -0.096436358988285065 -0.17962811887264252
vn -0.96515285968780518 -0.19029819965362549 -0.17962901294231415
vn -0.94138282537460327 -0.28553846478462219 -0.17962789535522461
vn -0.91019141674041748 -0.37320894002914429 -0.17962920665740967
vn -0.86758643388748169 -0.46371075510978699 -0.17962779104709625
vn -0.81662923097610474 -0.54849797487258911 -0.17962932586669922
vn -0.76043981313705444 -0.62407141923904419 -0.17962771654129028
vn -0.69560420513153076 -0.6956062912940979 -0.17962943017482758
vn -0.62406045198440552 -0.76044881343841553 -0.1796276867389679
vn -0.54656565189361572 -0.81792378425598145 -0.17962934076786041
vn -0.46370017528533936 -0.86759209632873535 -0.17962782084941864
vn -0.37650167942047119 -0.90883433818817139 -0.17962917685508728
vn 0.37321147322654724 -0.9101904034614563 -0.17962922155857086
vn 0.46370548009872437 -0.86758923530578613 -0.17962777614593506
vn 0.54849755764007568 -0.81662952899932861 -0.17962932586669922
vn 0.62406736612319946 -0.76044315099716187 -0.17962771654129028
vn 0.69560664892196655 -0.69560378789901733 -0.17962943017482758
vn 0.76044571399688721 -0.62406426668167114 -0.1796276867389679
vn 0.81791990995407104 -0.54657137393951416 -0.17962934076786041
vn 0.86758881807327271 -0.46370622515678406 -0.17962783575057983
vn 0.90883427858352661 -0.37650179862976074 -0.17962917685508728
vn 0.94138586521148682 -0.2855285108089447 -0.17962783575057983
vn 0.96481883525848389 -0.1919843852519989 -0.17962899804115295
vn 0.97899729013442993 -0.096426047384738922 -0.1796281635761261
vn -1 9.7398471552878618E-05 -7.6191930542535147E-10
vn 1 7.7980235801078379E-05 -4.6445214341162E-10
vn -0.99581694602966309 0.091370418667793274 -1.3133977461166069E-08
vn -0.98329824209213257 0.18200154602527618 -5.3761709750688169E-07
vn -0.96106564998626709 0.27632021903991699 -9.2974812559987186E-07
vn -0.92978852987289429 0.36809417605400085 -7.5774335073219845E-07
vn -0.88791942596435547 0.4599989652633667 -7.36349250018975E-07
vn -0.83698928356170654 0.54721933603286743 -8.499176260556851E-07
vn -0.77617943286895752 0.63051211833953857 -9.7361225925851613E-07
vn -0.70710849761962891 0.70710510015487671 -8.9009677139983978E-07
vn -0.63051110506057739 0.7761802077293396 -8.6406248556158971E-07
vn -0.5472102165222168 0.83699518442153931 -8.5641977420891635E-07
vn -0.45999467372894287 0.88792169094085693 -8.9943398506875383E-07
vn -0.36810523271560669 0.92978411912918091 -7.4894455792673398E-07
vn -0.27632376551628113 0.96106457710266113 -6.3839104313956341E-07
vn -0.18197058141231537 0.98330396413803101 -6.2396247813012451E-07
vn -0.091362252831459045 0.99581772089004517 -5.7251787666245946E-07
vn -5.5507894103357103E-06 1 -5.6714247875788715E-07
vn 0.091359764337539673 0.99581795930862427 -4.3738506860790949E-07
vn 0.18197731673717499 0.98330271244049072 -6.1644044535569265E-07
vn 0.27632361650466919 0.96106463670730591 -7.7035559797877795E-07
vn 0.36809995770454407 0.92978620529174805 -7.5675563948607305E-07
vn 0.45999798178672791 0.88791996240615845 -7.8524146829295205E-07
vn 0.5472177267074585 0.83699029684066772 -8.5142266925686272E-07
vn 0.63051235675811768 0.77617919445037842 -9.5933012289606268E-07
vn 0.70710545778274536 0.70710813999176025 -8.8982568513529259E-07
vn 0.77618014812469482 0.63051116466522217 -8.6972249846439809E-07
vn 0.83699494600296021 0.54721063375473022 -8.5646837533204234E-07
vn 0.88792151212692261 0.45999500155448914 -8.8044708945744787E-07
vn 0.92978513240814209 0.36810266971588135 -7.4450952070037602E-07
vn 0.96106529235839844 0.2763214111328125 -7.5172471269979724E-07
vn 0.98330014944076538 0.18199111521244049 -5.6195187880803132E-07
vn 0.99581658840179443 0.091374650597572327 -6.7123373526101204E-08
vn 0.2810344398021698 -0.9596976637840271 -6.347207204271399E-07
vn 0.33326837420463562 -0.94283199310302734 -6.4268334654116188E-07
vn 0.36809852719306946 -0.9297868013381958 -7.4894461477015284E-07
vn 0.41464820504188538 -0.90998178720474243 -8.8668349462750484E-07
vn 0.45999491214752197 -0.88792157173156738 -8.9943398506875383E-07
vn 0.50417375564575195 -0.86360222101211548 -8.6406635091407225E-07
vn 0.54720789194107056 -0.83699673414230347 -8.5641983105233521E-07
vn 0.58971256017684937 -0.80761319398880005 -8.7004764282028191E-07
vn 0.63051134347915649 -0.77618002891540527 -8.6406248556158971E-07
vn 0.66963791847229004 -0.74268770217895508 -8.6277270838763798E-07
vn 0.70710837841033936 -0.70710515975952148 -8.9009705561693409E-07
vn 0.74268990755081177 -0.66963547468185425 -9.4097310920915334E-07
vn 0.77617961168289185 -0.6305118203163147 -9.7361237294535385E-07
vn 0.80761003494262695 -0.58971691131591797 -9.5474570116493851E-07
vn 0.83699178695678711 -0.54721546173095703 -8.4991592075311928E-07
vn 0.86359745264053345 -0.50418192148208618 -7.5157561241212534E-07
vn 0.88791966438293457 -0.45999854803085327 -7.3634936370581272E-07
vn 0.90998339653015137 -0.41464468836784363 -7.5487758977033081E-07
vn 0.9297909140586853 -0.36808803677558899 -7.5774295282826643E-07
vn 0.94656580686569214 -0.32251077890396118 -8.2089940178775578E-07
vn 0.96106576919555664 -0.2763197124004364 -9.2974948984192451E-07
vn 0.97331124544143677 -0.22948905825614929 -8.9809407199936686E-07
vn 0.98330098390579224 -0.18198661506175995 -5.3760436458105687E-07
vn 0.99060219526290894 -0.13677462935447693 -1.5009281639777328E-07
vn 0.99581694602966309 -0.091370537877082825 -1.3132655851677555E-08
vn 0.99895256757736206 -0.045758292078971863 -3.4588127917345446E-09
vn -0.99895238876342773 -0.045760974287986755 1.6241825662177689E-08
vn -0.99581658840179443 -0.091374486684799194 -6.7119046320840425E-08
vn -0.99060267210006714 -0.13677135109901428 -2.5709113060656819E-07
vn -0.98330217599868774 -0.18198023736476898 -5.6194113540186663E-07
vn -0.97331255674362183 -0.22948342561721802 -7.7298506084844121E-07
vn -0.96106553077697754 -0.27632060647010803 -7.5172658853261964E-07
vn -0.9465634822845459 -0.32251760363578796 -6.8132322894598474E-07
vn -0.92978847026824951 -0.36809423565864563 -7.4450542797421804E-07
vn -0.90998256206512451 -0.41464647650718689 -8.6616086036883644E-07
vn -0.88792181015014648 -0.45999440550804138 -8.8044737367454218E-07
vn -0.86360228061676025 -0.5041736364364624 -8.5504774460787303E-07
vn -0.83699685335159302 -0.54720771312713623 -8.5646786374127259E-07
vn -0.80761349201202393 -0.58971214294433594 -8.7432169948442606E-07
vn -0.7761804461479187 -0.63051080703735352 -8.6972255530781695E-07
vn -0.74268829822540283 -0.66963726282119751 -8.6693654566261102E-07
vn -0.70710599422454834 -0.7071075439453125 -8.8982534407477942E-07
vn -0.66963648796081543 -0.74268901348114014 -9.3319181360129733E-07
vn -0.63051265478134155 -0.77617895603179932 -9.5933000920922495E-07
vn -0.58971703052520752 -0.8076099157333374 -9.4139284101402154E-07
vn -0.54721450805664062 -0.83699238300323486 -8.5142312400421361E-07
vn -0.5041804313659668 -0.86359834671020508 -7.7968707046238706E-07
vn -0.45999822020530701 -0.8879198431968689 -7.8524141144953319E-07
vn -0.41464713215827942 -0.90998226404190063 -8.0025438364828005E-07
vn -0.36809474229812622 -0.92978829145431519 -7.5675563948607305E-07
vn -0.33326137065887451 -0.94283449649810791 -7.280649469976197E-07
vn -0.28103402256965637 -0.95969778299331665 -7.6657261161017232E-07
vn 0.98330539464950562 -4.0525075746700168E-05 -0.18196305632591248
vn 0.92978829145431519 -4.1354855056852102E-05 -0.36809471249580383
vn 0.83699548244476318 -4.1651168430689722E-05 -0.54720973968505859
vn 0.70710676908493042 -3.982753332820721E-05 -0.70710676908493042
vn 0.54720973968505859 -3.4621461963979527E-05 -0.83699548244476318
vn 0.36809471249580383 -2.5715598894748837E-05 -0.92978829145431519
vn 0.18196305632591248 -1.3768804819846991E-05 -0.98330539464950562
vn -6.996478951748486E-10 0 -1
vn -0.18196305632591248 1.5235011233016849E-05 -0.98330539464950562
vn -0.36809471249580383 3.2230873330263421E-05 -0.92978829145431519
vn -0.54720973968505859 4.9693673645379022E-05 -0.83699548244476318
vn -0.70710676908493042 6.6047345171682537E-05 -0.70710676908493042
vn -0.83699548244476318 7.9780213127378374E-05 -0.54720973968505859
vn -0.92978829145431519 8.979565609479323E-05 -0.36809471249580383
vn -0.98330533504486084 9.5619798230472952E-05 -0.18196305632591248
vn -0.27845561504364014 -0.95487701892852783 -0.10330699384212494
vn -0.2709118127822876 -0.94065922498703003 -0.20436972379684448
vn -0.25874462723731995 -0.91735947132110596 -0.30249431729316711
vn -0.24237529933452606 -0.88524860143661499 -0.39697501063346863
vn -0.22021810710430145 -0.84024190902709961 -0.49547705054283142
vn -0.19500802457332611 -0.78656703233718872 -0.58590453863143921
vn -0.16777700185775757 -0.72506964206695557 -0.66792583465576172
vn -0.13958351314067841 -0.6566125750541687 -0.74119925498962402
vn -0.11139705777168274 -0.58179956674575806 -0.80566740036010742
vn -0.084536448121070862 -0.50220578908920288 -0.86060613393783569
vn -0.038613062351942062 -0.33200395107269287 -0.94248735904693604
vn -0.01029240433126688 -0.16712363064289093 -0.9858822226524353
vn 0 5.6441297147102887E-07 -1
vn 0.010293208062648773 -0.16712369024753571 -0.9858822226524353
vn 0.038611866533756256 -0.3320041298866272 -0.94248735904693604
vn 0.084532126784324646 -0.50220787525177002 -0.86060535907745361
vn 0.11139189451932907 -0.5818023681640625 -0.80566608905792236
vn 0.13957807421684265 -0.65661579370498657 -0.74119746685028076
vn 0.16777178645133972 -0.72507226467132568 -0.66792422533035278
vn 0.19500362873077393 -0.78656917810440063 -0.58590316772460938
vn 0.22021484375 -0.84024339914321899 -0.49547597765922546
vn 0.2423732727766037 -0.88524949550628662 -0.39697414636611938
vn 0.25874358415603638 -0.91736000776290894 -0.30249366164207458
vn 0.27091154456138611 -0.94065940380096436 -0.20436924695968628
vn 0.27845585346221924 -0.95487695932388306 -0.10330669581890106
vn 0.98330539464950562 7.646292942808941E-05 -0.18196305632591248
vn 0.92978829145431519 7.1722170105203986E-05 -0.36809471249580383
vn 0.83699548244476318 6.3647239585407078E-05 -0.54720973968505859
vn 0.70710676908493042 5.2623887313529849E-05 -0.70710676908493042
vn 0.54720973968505859 3.9535967516712844E-05 -0.83699548244476318
vn 0.36809471249580383 2.5598230422474444E-05 -0.92978829145431519
vn 0.18196305632591248 1.2074595360900275E-05 -0.98330539464950562
vn 4.2649350717738344E-10 0 -1
vn -0.18196305632591248 -1.0542840755078942E-05 -0.98330539464950562
vn -0.36809471249580383 -1.9498094843584113E-05 -0.92978829145431519
vn -0.54720973968505859 -2.5892219127854332E-05 -0.83699548244476318
vn -0.70710676908493042 -2.9230439395178109E-05 -0.70710676908493042
vn -0.83699548244476318 -2.9838634873158298E-05 -0.54720973968505859
vn -0.92978829145431519 -2.8829548682551831E-05 -0.36809471249580383
vn -0.98330539464950562 -2.7573689294513315E-05 -0.18196305632591248
vn 0.2855372428894043 -0.94138318300247192 -0.179627925157547
vn 1 0 0
vn 1 0 0
vn 0.98158019781112671 0 0.19105048477649689
vn 0.98158019781112671 0 0.19105048477649689
vn 0.92502325773239136 0 0.37991040945053101
vn 0.92502325773239136 0 0.37991040945053101
vn 0.82987266778945923 0 0.55795282125473022
vn 0.82987266778945923 0 0.55795282125473022
vn 0.69970357418060303 0 0.71443325281143188
vn 0.69970357418060303 0 0.71443325281143188
vn 0.54072701930999756 0 0.8411981463432312
vn 0.54072701930999756 0 0.8411981463432312
vn 0.36344948410987854 0 0.93161392211914062
vn 0.36344948410987854 0 0.93161392211914062
vn 0.17962829768657684 0 0.98373454809188843
vn 0.17962829768657684 0 0.98373454809188843
vn 0 0 1
vn 0 0 1
vn -0.19105048477649689 0 0.98158019781112671
vn -0.19105048477649689 0 0.98158019781112671
vn -0.37991040945053101 0 0.92502325773239136
vn -0.37991040945053101 0 0.92502325773239136
vn -0.55795282125473022 0 0.82987266778945923
vn -0.55795282125473022 0 0.82987266778945923
vn -0.71443325281143188 0 0.69970357418060303
vn -0.71443325281143188 0 0.69970357418060303
vn -0.8411981463432312 0 0.54072701930999756
vn -0.8411981463432312 0 0.54072701930999756
vn -0.93161392211914062 0 0.36344948410987854
vn -0.93161392211914062 0 0.36344948410987854
vn -0.98373454809188843 0 0.17962829768657684
vn -0.98373454809188843 0 0.17962829768657684
vn -1 0 0
vn -1 0 0
vn -0.98158019781112671 0 -0.19105048477649689
vn -0.98158019781112671 0 -0.19105048477649689
vn -0.92502325773239136 0 -0.37991040945053101
vn -0.92502325773239136 0 -0.37991040945053101
vn -0.82987266778945923 0 -0.55795282125473022
vn -0.82987266778945923 0 -0.55795282125473022
vn -0.69970357418060303 0 -0.71443325281143188
vn -0.69970357418060303 0 -0.71443325281143188
vn -0.54072701930999756 0 -0.8411981463432312
vn -0.54072701930999756 0 -0.8411981463432312
vn -0.36344948410987854 0 -0.93161392211914062
vn -0.36344948410987854 0 -0.93161392211914062
vn -0.17962829768657684 0 -0.98373454809188843
vn -0.17962829768657684 0 -0.98373454809188843
vn 0 0 -1
vn 0 0 -1
vn 0.19105048477649689 0 -0.98158019781112671
vn 0.19105048477649689 0 -0.98158019781112671
vn 0.37991040945053101 0 -0.92502325773239136
vn 0.37991040945053101 0 -0.92502325773239136
vn 0.55795282125473022 0 -0.82987266778945923
vn 0.55795282125473022 0 -0.82987266778945923
vn 0.71443325281143188 0 -0.69970357418060303
vn 0.71443325281143188 0 -0.69970357418060303
vn 0.8411981463432312 0 -0.54072701930999756
vn 0.8411981463432312 0 -0.54072701930999756
vn 0.93161392211914062 0 -0.36344948410987854
vn 0.93161392211914062 0 -0.36344948410987854
vn 0.98373454809188843 0 -0.17962829768657684
vn 0.98373454809188843 0 -0.17962829768657684
vn 1 0 0
vn 1 0 0
vn 0.98158019781112671 0 0.19105048477649689
vn 0.99554240703582764 0 0.094315044581890106
vn 1 0 0
vn 0.99554240703582764 0 0.094315044581890106
vn 0.92502325773239136 0 0.37991040945053101
vn 0.95831996202468872 0 0.28569704294204712
vn 0.95831996202468872 0 0.28569704294204712
vn 0.82987266778945923 0 0.55795282125473022
vn 0.88231003284454346 0 0.47066867351531982
vn 0.88231003284454346 0 0.47066867351531982
vn 0.54072701930999756 0 0.8411981463432312
vn 0.62321734428405762 0 0.78204870223999023
vn 0.69970357418060303 0 0.71443325281143188
vn 0.62321734428405762 0 0.78204870223999023
vn 0.36344948410987854 0 0.93161392211914062
vn 0.45364180207252502 0 0.89118409156799316
vn 0.45364180207252502 0 0.89118409156799316
vn 0.17962829768657684 0 0.98373454809188843
vn 0.27163878083229065 0 0.96239930391311646
vn 0.27163878083229065 0 0.96239930391311646
vn 0 0 1
vn 0.088708475232124329 0 0.99605762958526611
vn 0.088708475232124329 0 0.99605762958526611
vn -0.19105048477649689 0 0.98158019781112671
vn -0.094315044581890106 0 0.99554240703582764
vn -0.094315044581890106 0 0.99554240703582764
vn -0.37991040945053101 0 0.92502325773239136
vn -0.28569704294204712 0 0.95831996202468872
vn -0.28569704294204712 0 0.95831996202468872
vn -0.55795282125473022 0 0.82987266778945923
vn -0.47066867351531982 0 0.88231003284454346
vn -0.47066867351531982 0 0.88231003284454346
vn -0.8411981463432312 0 0.54072701930999756
vn -0.78204870223999023 0 0.62321734428405762
vn -0.71443325281143188 0 0.69970357418060303
vn -0.78204870223999023 0 0.62321734428405762
vn -0.93161392211914062 0 0.36344948410987854
vn -0.89118409156799316 0 0.45364180207252502
vn -0.89118409156799316 0 0.45364180207252502
vn -0.98373454809188843 0 0.17962829768657684
vn -0.96239930391311646 0 0.27163878083229065
vn -0.96239930391311646 0 0.27163878083229065
vn -1 0 0
vn -0.99605762958526611 0 0.088708475232124329
vn -0.99605762958526611 0 0.088708475232124329
vn -0.98158019781112671 0 -0.19105048477649689
vn -0.99554240703582764 0 -0.094315044581890106
vn -0.99554240703582764 0 -0.094315044581890106
vn -0.92502325773239136 0 -0.37991040945053101
vn -0.95831996202468872 0 -0.28569704294204712
vn -0.95831996202468872 0 -0.28569704294204712
vn -0.82987266778945923 0 -0.55795282125473022
vn -0.88231003284454346 0 -0.47066867351531982
vn -0.88231003284454346 0 -0.47066867351531982
vn -0.54072701930999756 0 -0.8411981463432312
vn -0.62321734428405762 0 -0.78204870223999023
vn -0.69970357418060303 0 -0.71443325281143188
vn -0.62321734428405762 0 -0.78204870223999023
vn -0.36344948410987854 0 -0.93161392211914062
vn -0.45364180207252502 0 -0.89118409156799316
vn -0.45364180207252502 0 -0.89118409156799316
vn -0.17962829768657684 0 -0.98373454809188843
vn -0.27163878083229065 0 -0.96239930391311646
vn -0.27163878083229065 0 -0.96239930391311646
vn 0 0 -1
vn -0.088708475232124329 0 -0.99605762958526611
vn -0.088708475232124329 0 -0.99605762958526611
vn 0.19105048477649689 0 -0.98158019781112671
vn 0.094315044581890106 0 -0.99554240703582764
vn 0.094315044581890106 0 -0.99554240703582764
vn 0.37991040945053101 0 -0.92502325773239136
vn 0.28569704294204712 0 -0.95831996202468872
vn 0.28569704294204712 0 -0.95831996202468872
vn 0.55795282125473022 0 -0.82987266778945923
vn 0.47066867351531982 0 -0.88231003284454346
vn 0.47066867351531982 0 -0.88231003284454346
vn 0.8411981463432312 0 -0.54072701930999756
vn 0.78204870223999023 0 -0.62321734428405762
vn 0.71443325281143188 0 -0.69970357418060303
vn 0.78204870223999023 0 -0.62321734428405762
vn 0.93161392211914062 0 -0.36344948410987854
vn 0.89118409156799316 0 -0.45364180207252502
vn 0.89118409156799316 0 -0.45364180207252502
vn 0.98373454809188843 0 -0.17962829768657684
vn 0.96239930391311646 0 -0.27163878083229065
vn 0.96239930391311646 0 -0.27163878083229065
vn 1 0 0
vn 0.99605762958526611 0 -0.088708475232124329
vn 0.99605762958526611 0 -0.088708475232124329
vn 0 0 -1
vn -0.10969730466604233 0 -0.9939650297164917
vn -0.22136346995830536 0 -0.97519135475158691
vn -0.33357998728752136 0 -0.94272178411483765
vn -0.44488084316253662 0 -0.89558976888656616
vn -0.58058351278305054 0 -0.81420069932937622
vn -0.70710676908493042 0 -0.70710676908493042
vn -0.82516515254974365 0 -0.56489157676696777
vn -0.9184720516204834 0 -0.39548584818840027
vn -0.97898942232131958 0 -0.20391109585762024
vn -1 0 0
vn 0.19105048477649689 0 -0.98158019781112671
vn 0 0 -1
vn 0.094315044581890106 0 -0.99554240703582764
vn -0.17962829768657684 0 -0.98373454809188843
vn -0.088708475232124329 0 -0.99605762958526611
vn -0.36344948410987854 0 -0.93161392211914062
vn -0.27163878083229065 0 -0.96239930391311646
vn 1 0 0
vn 0.97898942232131958 0 -0.20391111075878143
vn 0.9184720516204834 0 -0.39548581838607788
vn 0.82516515254974365 0 -0.564891517162323
vn 0.70710676908493042 0 -0.70710676908493042
vn 0.58057785034179688 0 -0.81420475244522095
vn 0.44486871361732483 0 -0.89559578895568848
vn 0.3335702121257782 0 -0.94272524118423462
vn 0.22135670483112335 0 -0.97519290447235107
vn 0.10969394445419312 0 -0.99396538734436035
vn 0.37991040945053101 0 -0.92502325773239136
vn 0.28569704294204712 0 -0.95831996202468872
vn -0.97898942232131958 0 0.20391109585762024
vn -0.9184720516204834 0 0.39548584818840027
vn -0.82516515254974365 0 0.56489157676696777
vn -0.70710676908493042 0 0.70710676908493042
vn -0.58058351278305054 0 0.81420069932937622
vn -0.44488084316253662 0 0.89558976888656616
vn -0.33357998728752136 0 0.94272178411483765
vn -0.22136346995830536 0 0.97519135475158691
vn -0.10969730466604233 0 0.9939650297164917
vn 0 0 1
vn -0.37991040945053101 0 0.92502325773239136
vn -0.19105048477649689 0 0.98158019781112671
vn -0.28569704294204712 0 0.95831996202468872
vn 0 0 1
vn -0.094315044581890106 0 0.99554240703582764
vn 0.17962829768657684 0 0.98373454809188843
vn 0.088708475232124329 0 0.99605762958526611
vn 0.10969394445419312 0 0.99396538734436035
vn 0.22135670483112335 0 0.97519290447235107
vn 0.3335702121257782 0 0.94272524118423462
vn 0.44486871361732483 0 0.89559578895568848
vn 0.58057785034179688 0 0.81420475244522095
vn 0.70710676908493042 0 0.70710676908493042
vn 0.82516515254974365 0 0.564891517162323
vn 0.9184720516204834 0 0.39548581838607788
vn 0.97898942232131958 0 0.20391111075878143
vn 1 0 0
vn 0.36344948410987854 0 0.93161392211914062
vn 0.27163878083229065 0 0.96239930391311646
vn 0 -1 0
vn 0 -1 0
vn 0 -1 0
vn 0 -1 0
vn 0 -1 0
vn 0 -1 0
vn 0 -1 0
vn 0 -1 0
vn 0 -1 0
vn 0 -1 0
vn 0 -1 0
vn 0 -1 0
vn 0 -1 0
vn 0 -1 0
vn 0 -1 0
vn 0 -1 0
vn 0 -1 0
vn 0 -1 0
vn 0 -1 0
vn 0 -1 0
vn 0 -1 0
vn 0 -1 0
vn 0 -1 0
vn 0 -1 0
vn 0 -1 0
vn 0 -1 0
vn 0 -1 0
vn 0 -1 0
vn 0 -1 0
vn 0 -1 0
vn 0 -1 0
vn 0 -1 0
vn 0 -1 0
vn 0 -1 0
vn 0 -1 0
vn 0 -1 0
vn 0 -1 0
vn 0 -1 0
vn 0 -1 0
vn 0 -1 0
vn 0 -1 0
vn 1 0 0
vn 1 0 0
vn 0.98158019781112671 0 0.19105048477649689
vn 0.92502325773239136 0 0.37991040945053101
vn 0.82987266778945923 0 0.55795282125473022
vn 0.69970357418060303 0 0.71443325281143188
vn 0.54072701930999756 0 0.8411981463432312
vn 0.36344948410987854 0 0.93161392211914062
vn 0.17962829768657684 0 0.98373454809188843
vn 0 0 1
vn 0 0 1
vn -0.19105048477649689 0 0.98158019781112671
vn -0.37991040945053101 0 0.92502325773239136
vn -0.55795282125473022 0 0.82987266778945923
vn -0.71443325281143188 0 0.69970357418060303
vn -0.8411981463432312 0 0.54072701930999756
vn -0.93161392211914062 0 0.36344948410987854
vn -0.98373454809188843 0 0.17962829768657684
vn -1 0 0
vn -1 0 0
vn -0.98158019781112671 0 -0.19105048477649689
vn -0.92502325773239136 0 -0.37991040945053101
vn -0.82987266778945923 0 -0.55795282125473022
vn -0.69970357418060303 0 -0.71443325281143188
vn -0.54072701930999756 0 -0.8411981463432312
vn -0.36344948410987854 0 -0.93161392211914062
vn -0.17962829768657684 0 -0.98373454809188843
vn 0 0 -1
vn 0 0 -1
vn 0.19105048477649689 0 -0.98158019781112671
vn 0.37991040945053101 0 -0.92502325773239136
vn 0.55795282125473022 0 -0.82987266778945923
vn 0.71443325281143188 0 -0.69970357418060303
vn 0.8411981463432312 0 -0.54072701930999756
vn 0.93161392211914062 0 -0.36344948410987854
vn 0.98373454809188843 0 -0.17962829768657684
vn 1 0 0
vn 1 0 0
vn 0.98330539464950562 0 0.18196305632591248
vn 0.92978829145431519 0 0.36809471249580383
vn 0.83699548244476318 0 0.54720973968505859
vn 0.70710676908493042 0 0.70710676908493042
vn 0.54720973968505859 0 0.83699548244476318
vn 0.36809471249580383 0 0.92978829145431519
vn 0.18196305632591248 0 0.98330539464950562
vn -0.18196305632591248 0 0.98330539464950562
vn -0.36809471249580383 0 0.92978829145431519
vn -0.54720973968505859 0 0.83699548244476318
vn -0.70710676908493042 0 0.70710676908493042
vn -0.83699548244476318 0 0.54720973968505859
vn -0.92978829145431519 0 0.36809471249580383
vn -0.98330539464950562 0 0.18196305632591248
vn -0.98330539464950562 0 -0.18196305632591248
vn -0.92978829145431519 0 -0.36809471249580383
vn -0.83699548244476318 0 -0.54720973968505859
vn -0.70710676908493042 0 -0.70710676908493042
vn -0.54720973968505859 0 -0.83699548244476318
vn -0.36809471249580383 0 -0.92978829145431519
vn -0.18196305632591248 0 -0.98330539464950562
vn 0.18196305632591248 0 -0.98330539464950562
vn 0.36809471249580383 0 -0.92978829145431519
vn 0.54720973968505859 0 -0.83699548244476318
vn 0.70710676908493042 0 -0.70710676908493042
vn 0.83699548244476318 0 -0.54720973968505859
vn 0.92978829145431519 0 -0.36809471249580383
vn 0.98330539464950562 0 -0.18196305632591248
vn 0 -1 0
vn 0 -1 0
vn 0 -1 0
vn 0 -1 0
vn 0 -1 0
vn 0 -1 0
vn 0 -1 0
vn 0 -1 0
vn 0 -1 0
vn 0 -1 0
vn 0 -1 0
vn 0 -1 0
vn 0 -1 0
vn 0 -1 0
vn 0 -1 0
vn 0 -1 0
vn 0 -1 0
vn 0 -1 0
vn 0 -1 0
vn 0 -1 0
vn 0 -1 0
vn 0 -1 0
vn 0 -1 0
vn 0 -1 0
vn 0 -1 0
vn 0 -1 0
vn 0 -1 0
vn 0 -1 0
vn 0 -1 0
vn 0 -1 0
vn 0 -1 0
vn 0 -1 0
vn 0 -1 0
vn 0 -1 0
vn 0 -1 0
vn 0 -1 0
vn 0 -1 0
vn 0 -1 0
vn 0 -1 0
vn 0 -1 0
vn 0 -1 0
vn -1 0 0
vn -1 0 0
vn -0.98158019781112671 0 -0.19105048477649689
vn -0.92502325773239136 0 -0.37991040945053101
vn -0.82987266778945923 0 -0.55795282125473022
vn -0.69970357418060303 0 -0.71443325281143188
vn -0.54072701930999756 0 -0.8411981463432312
vn -0.36344948410987854 0 -0.93161392211914062
vn -0.17962829768657684 0 -0.98373454809188843
vn 0 0 -1
vn 0 0 -1
vn 0.19105048477649689 0 -0.98158019781112671
vn 0.37991040945053101 0 -0.92502325773239136
vn 0.55795282125473022 0 -0.82987266778945923
vn 0.71443325281143188 0 -0.69970357418060303
vn 0.8411981463432312 0 -0.54072701930999756
vn 0.93161392211914062 0 -0.36344948410987854
vn 0.98373454809188843 0 -0.17962829768657684
vn 1 0 0
vn 1 0 0
vn 0.98158019781112671 0 0.19105048477649689
vn 0.92502325773239136 0 0.37991040945053101
vn 0.82987266778945923 0 0.55795282125473022
vn 0.69970357418060303 0 0.71443325281143188
vn 0.54072701930999756 0 0.8411981463432312
vn 0.36344948410987854 0 0.93161392211914062
vn 0.17962829768657684 0 0.98373454809188843
vn 0 0 1
vn 0 0 1
vn -0.19105048477649689 0 0.98158019781112671
vn -0.37991040945053101 0 0.92502325773239136
vn -0.55795282125473022 0 0.82987266778945923
vn -0.71443325281143188 0 0.69970357418060303
vn -0.8411981463432312 0 0.54072701930999756
vn -0.93161392211914062 0 0.36344948410987854
vn -0.98373454809188843 0 0.17962829768657684
vn -1 0 0
vn -1 0 0
vn -0.98330539464950562 0 -0.18196305632591248
vn -0.92978829145431519 0 -0.36809471249580383
vn -0.83699548244476318 0 -0.54720973968505859
vn -0.70710676908493042 0 -0.70710676908493042
vn -0.54720973968505859 0 -0.83699548244476318
vn -0.36809471249580383 0 -0.92978829145431519
vn -0.18196305632591248 0 -0.98330539464950562
vn 0.18196305632591248 0 -0.98330539464950562
vn 0.36809471249580383 0 -0.92978829145431519
vn 0.54720973968505859 0 -0.83699548244476318
vn 0.70710676908493042 0 -0.70710676908493042
vn 0.83699548244476318 0 -0.54720973968505859
vn 0.92978829145431519 0 -0.36809471249580383
vn 0.98330539464950562 0 -0.18196305632591248
vn 0.98330539464950562 0 0.18196305632591248
vn 0.92978829145431519 0 0.36809471249580383
vn 0.83699548244476318 0 0.54720973968505859
vn 0.70710676908493042 0 0.70710676908493042
vn 0.54720973968505859 0 0.83699548244476318
vn 0.36809471249580383 0 0.92978829145431519
vn 0.18196305632591248 0 0.98330539464950562
vn -0.18196305632591248 0 0.98330539464950562
vn -0.36809471249580383 0 0.92978829145431519
vn -0.54720973968505859 0 0.83699548244476318
vn -0.70710676908493042 0 0.70710676908493042
vn -0.83699548244476318 0 0.54720973968505859
vn -0.92978829145431519 0 0.36809471249580383
vn -0.98330539464950562 0 0.18196305632591248
vn 1 -7.9983212344814092E-05 0
vn 0.99518406391143799 0.098024055361747742 0
vn 0.98111212253570557 0.19343999028205872 0
vn 0.95694869756698608 0.29025712609291077 0
vn 0.92524343729019165 0.37937399744987488 0
vn 0.88193243741989136 0.47137579321861267 0
vn 0.83013617992401123 0.55756074190139771 0
vn 0.77301633358001709 0.63438612222671509 0
vn 0.70710563659667969 0.70710790157318115 0
vn 0.63438558578491211 0.77301675081253052 0
vn 0.55559992790222168 0.83144974708557129 0
vn 0.47137674689292908 0.88193196058273315 0
vn 0.38272151350975037 0.92386376857757568 0
vn -0.37937638163566589 0.92524242401123047 0
vn -0.47137537598609924 0.88193267583847046 0
vn -0.55756032466888428 0.83013641834259033 0
vn -0.63438630104064941 0.77301621437072754 0
vn -0.7071082592010498 0.70710527896881104 0
vn -0.77301710844039917 0.63438516855239868 0
vn -0.83144903182983398 0.55560106039047241 0
vn -0.88193130493164062 0.47137793898582458 0
vn -0.9238656759262085 0.38271692395210266 0
vn -0.95694959163665771 0.29025423526763916 0
vn -0.98077380657196045 0.19514785706996918 0
vn -0.99518454074859619 0.098019242286682129 0
vn -1 -6.2447521486319602E-05 0
vn 0.97685301303863525 0.096218474209308624 -0.19105033576488495
vn 0.96304023265838623 0.18987686932086945 -0.19105042517185211
vn 0.93932205438613892 0.28491067886352539 -0.19104981422424316
vn 0.90820062160491943 0.37238600850105286 -0.19105044007301331
vn 0.86568760871887207 0.46269324421882629 -0.19104966521263123
vn 0.81484520435333252 0.54729056358337402 -0.19105044007301331
vn 0.7587776780128479 0.62270098924636841 -0.19104963541030884
vn 0.6940808892250061 0.69408315420150757 -0.19105048477649689
vn 0.62270045280456543 0.75877809524536133 -0.19104956090450287
vn 0.54536592960357666 0.81613463163375854 -0.1910504549741745
vn 0.46269416809082031 0.86568707227706909 -0.19104973971843719
vn 0.3756718635559082 0.90684640407562256 -0.19105042517185211
vn -0.37238836288452148 0.90819966793060303 -0.19105044007301331
vn -0.46269279718399048 0.8656877875328064 -0.19104965031147003
vn -0.54729020595550537 0.8148455023765564 -0.19105044007301331
vn -0.62270110845565796 0.75877755880355835 -0.19104963541030884
vn -0.69408351182937622 0.69408053159713745 -0.19105048477649689
vn -0.75877845287322998 0.622700035572052 -0.19104956090450287
vn -0.81613391637802124 0.54536700248718262 -0.19105044007301331
vn -0.86568647623062134 0.46269530057907104 -0.19104976952075958
vn -0.9068482518196106 0.37566736340522766 -0.19105044007301331
vn -0.93932288885116577 0.28490784764289856 -0.19104968011379242
vn -0.96270817518234253 0.19155327975749969 -0.19105039536952972
vn -0.97685343027114868 0.096213750541210175 -0.19105038046836853
vn 0.92056852579116821 0.090674541890621185 -0.37991014122962952
vn 0.90755158662796021 0.17893651127815247 -0.37991032004356384
vn 0.88520026206970215 0.26849472522735596 -0.37990924715995789
vn 0.85587173700332642 0.35092979669570923 -0.37991032004356384
vn 0.81580859422683716 0.43603387475013733 -0.3799089789390564
vn 0.76789528131484985 0.51575666666030884 -0.37991034984588623
vn 0.71505856513977051 0.58682233095169067 -0.37990891933441162
vn 0.65408921241760254 0.65409129858016968 -0.37991040945053101
vn 0.58682185411453247 0.71505898237228394 -0.37990880012512207
vn 0.5139428973197937 0.76911038160324097 -0.37991034984588623
vn 0.43603470921516418 0.81580805778503418 -0.37990909814834595
vn 0.35402631759643555 0.85459554195404053 -0.37991032004356384
vn -0.35093200206756592 0.85587084293365479 -0.37991032004356384
vn -0.43603348731994629 0.81580877304077148 -0.37990894913673401
vn -0.51575630903244019 0.76789551973342896 -0.37991034984588623
vn -0.58682245016098022 0.71505844593048096 -0.37990891933441162
vn -0.65409159660339355 0.65408885478973389 -0.37991040945053101
vn -0.71505934000015259 0.58682143688201904 -0.37990877032279968
vn -0.76910972595214844 0.51394391059875488 -0.37991034984588623
vn -0.81580746173858643 0.43603581190109253 -0.37990915775299072
vn -0.85459727048873901 0.35402208566665649 -0.37991032004356384
vn -0.88520121574401855 0.26849207282066345 -0.3799089789390564
vn -0.90723872184753418 0.18051633238792419 -0.37991026043891907
vn -0.92056894302368164 0.090670086443424225 -0.37991023063659668
vn 0.82587623596191406 0.081347502768039703 -0.55795252323150635
vn 0.81419819593429565 0.16053058207035065 -0.55795270204544067
vn 0.79414647817611694 0.24087671935558319 -0.55795145034790039
vn 0.76783430576324463 0.31483212113380432 -0.55795270204544067
vn 0.73189264535903931 0.39118242263793945 -0.55795109272003174
vn 0.68890732526779175 0.46270442008972168 -0.55795276165008545
vn 0.64150607585906982 0.52646046876907349 -0.55795103311538696
vn 0.58680766820907593 0.58680951595306396 -0.55795282125473022
vn 0.52646011114120483 0.64150649309158325 -0.55795091390609741
vn 0.4610772430896759 0.68999743461608887 -0.55795276165008545
vn 0.39118316769599915 0.73189210891723633 -0.55795127153396606
vn 0.31761014461517334 0.76668936014175415 -0.55795270204544067
vn -0.3148341178894043 0.76783347129821777 -0.55795270204544067
vn -0.39118209481239319 0.73189288377761841 -0.55795109272003174
vn -0.46270409226417542 0.68890756368637085 -0.55795276165008545
vn -0.52646058797836304 0.64150595664978027 -0.55795109272003174
vn -0.58680981397628784 0.58680737018585205 -0.55795282125473022
vn -0.64150679111480713 0.52645969390869141 -0.55795091390609741
vn -0.68999683856964111 0.46107816696166992 -0.55795276165008545
vn -0.73189157247543335 0.39118412137031555 -0.55795133113861084
vn -0.76669090986251831 0.31760632991790771 -0.55795270204544067
vn -0.79414737224578857 0.24087437987327576 -0.55795115232467651
vn -0.81391751766204834 0.16194790601730347 -0.5579526424407959
vn -0.82587659358978271 0.081343501806259155 -0.5579526424407959
vn 0.6963341236114502 0.068587809801101685 -0.71443295478820801
vn 0.68648779392242432 0.13535067439079285 -0.71443313360214233
vn 0.66958171129226685 0.20309431850910187 -0.7144320011138916
vn 0.64739620685577393 0.26544937491416931 -0.71443319320678711
vn 0.61709272861480713 0.32982409000396729 -0.71443170309066772
vn 0.580849289894104 0.3901272714138031 -0.71443319320678711
vn 0.54088360071182251 0.4438832700252533 -0.71443164348602295
vn 0.49476435780525208 0.49476593732833862 -0.71443325281143188
vn 0.44388300180435181 0.54088395833969116 -0.7144315242767334
vn 0.38875532150268555 0.5817684531211853 -0.71443319320678711
vn 0.32982468605041504 0.61709219217300415 -0.71443182229995728
vn 0.26779165863990784 0.64643090963363647 -0.71443313360214233
vn 0.20309585332870483 0.66958129405975342 -0.71443194150924683
vn -0.20309719443321228 0.66958063840866089 -0.71443212032318115
vn -0.26545107364654541 0.6473955512046814 -0.71443319320678711
vn -0.32982379198074341 0.61709290742874146 -0.71443170309066772
vn -0.39012700319290161 0.58084952831268311 -0.71443319320678711
vn -0.44388338923454285 0.54088348150253296 -0.71443164348602295
vn -0.49476620554924011 0.49476408958435059 -0.71443325281143188
vn -0.54088425636291504 0.44388270378112793 -0.7144315242767334
vn -0.58176791667938232 0.38875609636306763 -0.71443319320678711
vn -0.61709171533584595 0.32982549071311951 -0.71443194150924683
vn -0.64643222093582153 0.26778843998908997 -0.71443319320678711
vn -0.6695825457572937 0.20309238135814667 -0.71443170309066772
vn -0.68625116348266602 0.13654568791389465 -0.71443307399749756
vn -0.6963343620300293 0.068584434688091278 -0.71443307399749756
vn 0.53812325000762939 0.05300428718328476 -0.8411979079246521
vn 0.5305139422416687 0.10459825396537781 -0.84119802713394165
vn 0.51744937896728516 0.15695026516914368 -0.84119719266891479
vn 0.50030422210693359 0.20513780415058136 -0.84119802713394165
vn 0.47688621282577515 0.2548864483833313 -0.84119701385498047
vn 0.44887712597846985 0.30148819088935852 -0.84119808673858643
vn 0.41799220442771912 0.34303084015846252 -0.84119701385498047
vn 0.38235113024711609 0.38235235214233398 -0.8411981463432312
vn 0.3430306613445282 0.41799253225326538 -0.84119689464569092
vn 0.30042794346809387 0.44958743453025818 -0.84119808673858643
vn 0.25488686561584473 0.47688579559326172 -0.84119713306427002
vn 0.206947922706604 0.49955824017524719 -0.84119802713394165
vn 0.15695145726203918 0.51744908094406128 -0.84119719266891479
vn -0.15695247054100037 0.5174485445022583 -0.84119731187820435
vn -0.20513911545276642 0.50030368566513062 -0.84119802713394165
vn -0.2548862099647522 0.47688636183738708 -0.84119701385498047
vn -0.30148798227310181 0.44887727499008179 -0.84119808673858643
vn -0.34303092956542969 0.41799211502075195 -0.84119701385498047
vn -0.3823525607585907 0.38235095143318176 -0.8411981463432312
vn -0.41799274086952209 0.3430304229259491 -0.84119689464569092
vn -0.44958701729774475 0.30042856931686401 -0.84119808673858643
vn -0.47688540816307068 0.25488749146461487 -0.84119719266891479
vn -0.49955922365188599 0.20694541931152344 -0.84119802713394165
vn -0.51745009422302246 0.15694878995418549 -0.84119701385498047
vn -0.53033113479614258 0.10552176088094711 -0.84119796752929688
vn -0.53812336921691895 0.053001675754785538 -0.84119796752929688
vn 0.36169940233230591 0.035626817494630814 -0.93161380290985107
vn 0.35658478736877441 0.070305690169334412 -0.93161386251449585
vn 0.34780362248420715 0.10549413412809372 -0.93161344528198242
vn 0.33627933263778687 0.13788332045078278 -0.93161386251449585
vn 0.32053914666175842 0.17132195830345154 -0.93161332607269287
vn 0.30171263217926025 0.2026451975107193 -0.93161386251449585
vn 0.28095352649688721 0.23056823015213013 -0.93161332607269287
vn 0.25699719786643982 0.25699800252914429 -0.93161392211914062
vn 0.23056812584400177 0.28095376491546631 -0.9316132664680481
vn 0.20193256437778473 0.30219003558158875 -0.93161386251449585
vn 0.17132224142551422 0.32053884863853455 -0.93161338567733765
vn 0.13909998536109924 0.33577790856361389 -0.93161386251449585
vn 0.10549493879079819 0.34780344367027283 -0.93161344528198242
vn 0.070920757949352264 0.3564629852771759 -0.93161386251449585
vn -0.070300452411174774 0.35658577084541321 -0.93161386251449585
vn -0.10549560934305191 0.34780305624008179 -0.9316135048866272
vn -0.13788418471813202 0.33627897500991821 -0.93161386251449585
vn -0.1713218092918396 0.32053923606872559 -0.93161332607269287
vn -0.20264504849910736 0.30171272158622742 -0.93161386251449585
vn -0.2305682897567749 0.28095346689224243 -0.93161332607269287
vn -0.25699815154075623 0.25699704885482788 -0.93161392211914062
vn -0.28095391392707825 0.23056797683238983 -0.9316132664680481
vn -0.30218976736068726 0.20193296670913696 -0.93161386251449585
vn -0.32053855061531067 0.17132264375686646 -0.93161344528198242
vn -0.33577859401702881 0.13909830152988434 -0.93161386251449585
vn -0.34780415892601013 0.10549315065145493 -0.93161338567733765
vn -0.35646191239356995 0.070926420390605927 -0.93161386251449585
vn -0.36169949173927307 0.03562505915760994 -0.93161386251449585
vn 0.17876337468624115 0.017607908695936203 -0.98373454809188843
vn 0.17623555660247803 0.034747306257486343 -0.98373454809188843
vn 0.17189568281173706 0.052138574421405792 -0.98373442888259888
vn 0.1661999523639679 0.068146325647830963 -0.98373454809188843
vn 0.15842071175575256 0.084672801196575165 -0.98373442888259888
vn 0.14911597967147827 0.10015370696783066 -0.98373454809188843
vn 0.13885623216629028 0.11395420879125595 -0.98373442888259888
vn 0.12701618671417236 0.1270165890455246 -0.98373454809188843
vn 0.11395415663719177 0.13885635137557983 -0.9837343692779541
vn 0.099801495671272278 0.14935193955898285 -0.98373454809188843
vn 0.084672935307025909 0.15842056274414062 -0.98373442888259888
vn 0.068747639656066895 0.16595213115215302 -0.98373454809188843
vn 0.052138973027467728 0.1718955785036087 -0.98373442888259888
vn 0.035051297396421432 0.17617535591125488 -0.98373454809188843
vn -0.034744720906019211 0.17623603343963623 -0.98373454809188843
vn -0.052139300853013992 0.17189538478851318 -0.98373442888259888
vn -0.068146757781505585 0.16619977355003357 -0.98373454809188843
vn -0.084672726690769196 0.15842077136039734 -0.98373442888259888
vn -0.10015363246202469 0.14911602437496185 -0.98373454809188843
vn -0.11395423114299774 0.1388562023639679 -0.98373442888259888
vn -0.12701666355133057 0.12701612710952759 -0.98373454809188843
vn -0.1388564258813858 0.1139540821313858 -0.9837343692779541
vn -0.1493518054485321 0.099801696836948395 -0.98373454809188843
vn -0.15842041373252869 0.084673136472702026 -0.98373442888259888
vn -0.16595245897769928 0.068746805191040039 -0.98373454809188843
vn -0.17189596593379974 0.052138093858957291 -0.98373442888259888
vn -0.1761748194694519 0.035054095089435577 -0.98373454809188843
vn -0.17876340448856354 0.017607038840651512 -0.98373454809188843
vn 0 0 -1
vn 0 0 -1
vn 0 0 -1
vn 0 0 -1
vn 0 0 -1
vn 0 0 -1
vn 0 0 -1
vn 0 0 -1
vn 0 0 -1
vn 0 0 -1
vn 0 0 -1
vn 0 0 -1
vn 0 0 -1
vn 0 0 -1
vn 0 0 -1
vn 0 0 -1
vn 0 0 -1
vn 0 0 -1
vn 0 0 -1
vn 0 0 -1
vn 0 0 -1
vn 0 0 -1
vn 0 0 -1
vn 0 0 -1
vn 0 0 -1
vn 0 0 -1
vn 0 0 -1
vn 0 0 -1
vn 0 0 -1
vn 0 0 -1
vn 0 0 -1
vn 0 0 -1
vn -0.19013054668903351 -0.018727557733654976 -0.98158019781112671
vn -0.18744200468063354 -0.036956816911697388 -0.98158019781112671
vn -0.18282616138458252 -0.055453956127166748 -0.98158007860183716
vn -0.17676824331283569 -0.072479605674743652 -0.98158019781112671
vn -0.16849434375762939 -0.090056963264942169 -0.98158007860183716
vn -0.15859794616699219 -0.10652226954698563 -0.98158019781112671
vn -0.14768579602241516 -0.1212003156542778 -0.98158001899719238
vn -0.13509288430213928 -0.1350933164358139 -0.98158019781112671
vn -0.12120026350021362 -0.14768593013286591 -0.98158001899719238
vn -0.10614766180515289 -0.15884891152381897 -0.98158019781112671
vn -0.090057104825973511 -0.16849417984485626 -0.98158007860183716
vn -0.073119156062602997 -0.17650468647480011 -0.98158019781112671
vn -0.055454380810260773 -0.18282605707645416 -0.98158007860183716
vn -0.037280134856700897 -0.18737797439098358 -0.98158019781112671
vn -0.018724214285612106 -0.19013117253780365 -0.98158013820648193
vn 9.5270218025689246E-07 -0.19105048477649689 -0.98158019781112671
vn 0.018724121153354645 -0.1901312917470932 -0.98158007860183716
vn 0.036954063922166824 -0.18744252622127533 -0.98158019781112671
vn 0.055454730987548828 -0.18282584846019745 -0.98158007860183716
vn 0.072480067610740662 -0.17676806449890137 -0.98158019781112671
vn 0.0900568887591362 -0.16849440336227417 -0.98158007860183716
vn 0.10652219504117966 -0.15859800577163696 -0.98158019781112671
vn 0.12120033800601959 -0.14768578112125397 -0.98158001899719238
vn 0.13509337604045868 -0.13509280979633331 -0.98158019781112671
vn 0.14768601953983307 -0.12120018154382706 -0.98158001899719238
vn 0.15884877741336823 -0.1061478778719902 -0.98158019781112671
vn 0.16849403083324432 -0.090057320892810822 -0.98158007860183716
vn 0.17650502920150757 -0.073118269443511963 -0.98158019781112671
vn 0.1828264594078064 -0.055453445762395859 -0.98158007860183716
vn 0.18737740814685822 -0.037283111363649368 -0.98158019781112671
vn 0.19013059139251709 -0.018726633861660957 -0.98158019781112671
vn -0.3780810534954071 -0.037240386009216309 -0.92502319812774658
vn -0.37273481488227844 -0.07348988950252533 -0.92502325773239136
vn -0.363555908203125 -0.11027204245328903 -0.92502278089523315
vn -0.351509690284729 -0.14412815868854523 -0.92502325773239136
vn -0.3350566029548645 -0.1790812611579895 -0.9250226616859436
vn -0.31537744402885437 -0.21182316541671753 -0.92502325773239136
vn -0.29367813467979431 -0.24101084470748901 -0.9250226616859436
vn -0.2686367928981781 -0.26863765716552734 -0.92502325773239136
vn -0.24101072549819946 -0.29367837309837341 -0.92502260208129883
vn -0.21107824146747589 -0.31587648391723633 -0.92502325773239136
vn -0.17908155918121338 -0.33505630493164062 -0.92502272129058838
vn -0.14539992809295654 -0.35098558664321899 -0.92502325773239136
vn -0.11027288436889648 -0.36355572938919067 -0.92502278089523315
vn -0.074132815003395081 -0.37260746955871582 -0.92502325773239136
vn -0.037233732640743256 -0.37808224558830261 -0.92502295970916748
vn 1.8944808743981412E-06 -0.37991040945053101 -0.92502325773239136
vn 0.037233542650938034 -0.37808245420455933 -0.92502290010452271
vn 0.073484413325786591 -0.37273585796356201 -0.92502325773239136
vn 0.1102735847234726 -0.36355531215667725 -0.92502284049987793
vn 0.14412908256053925 -0.35150933265686035 -0.92502325773239136
vn 0.17908111214637756 -0.33505672216415405 -0.9250226616859436
vn 0.21182301640510559 -0.31537753343582153 -0.92502325773239136
vn 0.24101090431213379 -0.29367807507514954 -0.9250226616859436
vn 0.26863780617713928 -0.26863667368888855 -0.92502325773239136
vn 0.29367852210998535 -0.24101057648658752 -0.92502260208129883
vn 0.31587621569633484 -0.21107867360115051 -0.92502325773239136
vn 0.33505600690841675 -0.17908197641372681 -0.92502278089523315
vn 0.35098627209663391 -0.14539818465709686 -0.92502325773239136
vn 0.36355647444725037 -0.11027102172374725 -0.92502272129058838
vn 0.37260636687278748 -0.074138738214969635 -0.92502319812774658
vn 0.37808114290237427 -0.037238549441099167 -0.92502319812774658
vn -0.55526608228683472 -0.054692830890417099 -0.82987242937088013
vn -0.54741442203521729 -0.10793040692806244 -0.82987260818481445
vn -0.53393357992172241 -0.16195018589496613 -0.82987171411514282
vn -0.51624226570129395 -0.2116728276014328 -0.82987260818481445
vn -0.49207821488380432 -0.26300626993179321 -0.8298715353012085
vn -0.4631769061088562 -0.31109264492988586 -0.82987260818481445
vn -0.43130803108215332 -0.35395866632461548 -0.82987147569656372
vn -0.39453160762786865 -0.39453285932540894 -0.82987266778945923
vn -0.35395845770835876 -0.43130835890769958 -0.82987135648727417
vn -0.30999860167503357 -0.4639098048210144 -0.82987260818481445
vn -0.26300671696662903 -0.49207779765129089 -0.82987159490585327
vn -0.21354059875011444 -0.51547253131866455 -0.82987254858016968
vn -0.16195140779018402 -0.53393328189849854 -0.82987165451049805
vn -0.10887464880943298 -0.54722738265991211 -0.82987260818481445
vn -0.05468304455280304 -0.55526763200759888 -0.8298720121383667
vn 2.7823161872220226E-06 -0.55795282125473022 -0.82987266778945923
vn 0.054682757705450058 -0.55526793003082275 -0.82987189292907715
vn 0.10792237520217896 -0.54741591215133667 -0.82987260818481445
vn 0.16195246577262878 -0.53393274545669556 -0.82987183332443237
vn 0.21167416870594025 -0.51624172925949097 -0.82987260818481445
vn 0.26300603151321411 -0.49207836389541626 -0.82987147569656372
vn 0.31109240651130676 -0.46317705512046814 -0.82987260818481445
vn 0.35395872592926025 -0.43130794167518616 -0.82987147569656372
vn 0.39453306794166565 -0.39453139901161194 -0.82987266778945923
vn 0.43130859732627869 -0.35395821928977966 -0.82987135648727417
vn 0.46390941739082336 -0.30999922752380371 -0.82987260818481445
vn 0.49207738041877747 -0.26300734281539917 -0.82987165451049805
vn 0.51547354459762573 -0.2135380357503891 -0.82987260818481445
vn 0.53393435478210449 -0.16194865107536316 -0.8298715353012085
vn 0.5472257137298584 -0.108883336186409 -0.82987254858016968
vn 0.55526620149612427 -0.054690133780241013 -0.82987254858016968
vn -0.71099287271499634 -0.070031672716140747 -0.69970327615737915
vn -0.70093923807144165 -0.13819998502731323 -0.69970345497131348
vn -0.68367719650268555 -0.20736970007419586 -0.69970226287841797
vn -0.66102474927902222 -0.27103742957115173 -0.69970351457595825
vn -0.63008326292037964 -0.3367672860622406 -0.69970202445983887
vn -0.59307694435119629 -0.39833995699882507 -0.69970351457595825
vn -0.55226981639862061 -0.45322757959365845 -0.69970196485519409
vn -0.50517982244491577 -0.50518143177032471 -0.69970357418060303
vn -0.45322728157043457 -0.55227023363113403 -0.69970178604125977
vn -0.39693912863731384 -0.59401541948318481 -0.69970351457595825
vn -0.33676788210868835 -0.63008278608322144 -0.69970214366912842
vn -0.27342903614044189 -0.66003912687301636 -0.69970345497131348
vn -0.20737126469612122 -0.68367677927017212 -0.69970220327377319
vn -0.13940903544425964 -0.70069974660873413 -0.69970345497131348
vn -0.07001911848783493 -0.7109946608543396 -0.69970273971557617
vn 3.5626296721602557E-06 -0.71443325281143188 -0.69970357418060303
vn 0.070018745958805084 -0.7109948992729187 -0.69970250129699707
vn 0.13818970322608948 -0.70094120502471924 -0.69970351457595825
vn 0.20737263560295105 -0.68367618322372437 -0.69970244169235229
vn 0.27103915810585022 -0.66102409362792969 -0.69970345497131348
vn 0.33676698803901672 -0.63008344173431396 -0.69970196485519409
vn 0.39833968877792358 -0.59307712316513062 -0.69970351457595825
vn 0.45322766900062561 -0.55226975679397583 -0.69970196485519409
vn 0.50518167018890381 -0.50517952442169189 -0.69970357418060303
vn 0.55227053165435791 -0.45322698354721069 -0.69970178604125977
vn 0.59401488304138184 -0.39693993330001831 -0.69970351457595825
vn 0.63008224964141846 -0.33676871657371521 -0.69970220327377319
vn 0.66004043817520142 -0.27342572808265686 -0.69970351457595825
vn 0.68367809057235718 -0.20736771821975708 -0.69970202445983887
vn 0.70069760084152222 -0.13942015171051025 -0.6997033953666687
vn 0.71099311113357544 -0.070028223097324371 -0.6997033953666687
vn -0.83714717626571655 -0.082457669079303741 -0.54072672128677368
vn -0.82530975341796875 -0.16272138059139252 -0.54072690010070801
vn -0.80498433113098145 -0.24416399002075195 -0.54072564840316772
vn -0.77831310033798218 -0.31912872195243835 -0.54072695970535278
vn -0.74188089370727539 -0.3965209424495697 -0.54072535037994385
vn -0.69830900430679321 -0.46901905536651611 -0.54072695970535278
vn -0.65026074647903442 -0.5336451530456543 -0.54072529077529907
vn -0.59481596946716309 -0.5948178768157959 -0.54072701930999756
vn -0.53364473581314087 -0.65026116371154785 -0.54072511196136475
vn -0.4673696756362915 -0.69941401481628418 -0.54072695970535278
vn -0.39652171730995178 -0.74188035726547241 -0.5407254695892334
vn -0.32194465398788452 -0.77715253829956055 -0.54072690010070801
vn -0.2441658228635788 -0.80498379468917847 -0.54072558879852295
vn -0.16414494812488556 -0.82502776384353638 -0.54072690010070801
vn -0.082442864775657654 -0.83714902400970459 -0.54072612524032593
vn 4.194761913822731E-06 -0.8411981463432312 -0.54072701930999756
vn 0.082442417740821838 -0.83714920282363892 -0.54072588682174683
vn 0.16270926594734192 -0.82531207799911499 -0.54072695970535278
vn 0.24416746199131012 -0.80498313903808594 -0.54072576761245728
vn 0.31913074851036072 -0.77831226587295532 -0.54072690010070801
vn 0.39652058482170105 -0.74188107252120972 -0.54072529077529907
vn 0.46901872754096985 -0.69830924272537231 -0.54072695970535278
vn 0.53364527225494385 -0.65026062726974487 -0.54072529077529907
vn 0.59481817483901978 -0.59481561183929443 -0.54072701930999756
vn 0.6502615213394165 -0.53364437818527222 -0.54072511196136475
vn 0.69941341876983643 -0.46737059950828552 -0.54072695970535278
vn 0.74187982082366943 -0.39652267098426819 -0.54072552919387817
vn 0.77715414762496948 -0.32194077968597412 -0.54072690010070801
vn 0.80498522520065308 -0.24416162073612213 -0.54072535037994385
vn 0.82502520084381104 -0.16415803134441376 -0.54072684049606323
vn 0.83714747428894043 -0.082453615963459015 -0.54072684049606323
vn -0.9271274209022522 -0.09132058173418045 -0.36344921588897705
vn -0.91401773691177368 -0.1802113950252533 -0.36344939470291138
vn -0.89150714874267578 -0.27040770649909973 -0.36344835162162781
vn -0.86196964979171753 -0.35343009233474731 -0.36344942450523376
vn -0.82162100076675415 -0.43914049863815308 -0.36344808340072632
vn -0.77336639165878296 -0.51943135261535645 -0.36344942450523376
vn -0.72015321254730225 -0.59100329875946045 -0.36344805359840393
vn -0.65874946117401123 -0.65875154733657837 -0.36344948410987854
vn -0.59100282192230225 -0.72015362977981567 -0.36344790458679199
vn -0.51760464906692505 -0.77459019422531128 -0.36344942450523376
vn -0.43914136290550232 -0.82162052392959595 -0.36344820261001587
vn -0.35654869675636292 -0.86068433523178101 -0.36344939470291138
vn -0.27040970325469971 -0.89150655269622803 -0.36344829201698303
vn -0.18178798258304596 -0.91370546817779541 -0.36344939470291138
vn -0.09130416065454483 -0.92712920904159546 -0.36344873905181885
vn 4.6456339077849407E-06 -0.93161392211914062 -0.36344948410987854
vn 0.09130365401506424 -0.92712932825088501 -0.36344856023788452
vn 0.18019798398017883 -0.9140203595161438 -0.36344942450523376
vn 0.27041155099868774 -0.8915058970451355 -0.36344847083091736
vn 0.35343232750892639 -0.8619687557220459 -0.36344939470291138
vn 0.43914011120796204 -0.82162123918533325 -0.36344805359840393
vn 0.51943093538284302 -0.77336668968200684 -0.36344942450523376
vn 0.59100341796875 -0.7201530933380127 -0.36344805359840393
vn 0.65875190496444702 -0.65874910354614258 -0.36344948410987854
vn 0.72015398740768433 -0.59100240468978882 -0.36344790458679199
vn 0.77458947896957397 -0.51760566234588623 -0.36344942450523376
vn 0.82161986827850342 -0.43914246559143066 -0.36344829201698303
vn 0.86068612337112427 -0.35654440522193909 -0.36344939470291138
vn 0.89150804281234741 -0.27040502429008484 -0.36344811320304871
vn 0.91370260715484619 -0.18180246651172638 -0.3634493350982666
vn 0.92712777853012085 -0.091316096484661102 -0.3634493350982666
vn -0.97899693250656128 -0.096429646015167236 -0.1796281486749649
vn -0.96515387296676636 -0.19029361009597778 -0.17962825298309326
vn -0.94138360023498535 -0.28553599119186401 -0.1796276718378067
vn -0.91019392013549805 -0.37320330739021301 -0.17962825298309326
vn -0.86758756637573242 -0.46370872855186462 -0.17962752282619476
vn -0.81663364171981812 -0.54849177598953247 -0.17962826788425446
vn -0.76044297218322754 -0.62406760454177856 -0.17962749302387238
vn -0.69560426473617554 -0.69560647010803223 -0.17962829768657684
vn -0.62406712770462036 -0.76044338941574097 -0.1796274334192276
vn -0.54656285047531128 -0.81792587041854858 -0.17962826788425446
vn -0.46370965242385864 -0.86758702993392944 -0.17962759733200073
vn -0.37649637460708618 -0.9088367223739624 -0.17962823808193207
vn -0.28553810715675354 -0.94138294458389282 -0.17962764203548431
vn -0.19195839762687683 -0.9648241400718689 -0.17962823808193207
vn -0.096412293612957001 -0.97899872064590454 -0.17962788045406342
vn 4.9055411182052922E-06 -0.98373454809188843 -0.17962829768657684
vn 0.096411757171154022 -0.97899878025054932 -0.17962777614593506
vn 0.19027945399284363 -0.9651566743850708 -0.17962826788425446
vn 0.28554007411003113 -0.94138234853744507 -0.17962773144245148
vn 0.37320566177368164 -0.91019296646118164 -0.17962825298309326
vn 0.4637083113193512 -0.86758780479431152 -0.17962750792503357
vn 0.54849135875701904 -0.81663388013839722 -0.17962826788425446
vn 0.62406778335571289 -0.76044285297393799 -0.17962750792503357
vn 0.69560682773590088 -0.69560390710830688 -0.17962829768657684
vn 0.76044380664825439 -0.62406671047210693 -0.17962741851806641
vn 0.81792515516281128 -0.54656398296356201 -0.17962826788425446
vn 0.86758643388748169 -0.46371081471443176 -0.17962762713432312
vn 0.90883857011795044 -0.37649187445640564 -0.17962825298309326
vn 0.94138449430465698 -0.28553315997123718 -0.17962753772735596
vn 0.96482110023498535 -0.19197370111942291 -0.17962820827960968
vn 0.97899740934371948 -0.09642491489648819 -0.17962820827960968
vn -1 7.9983212344814092E-05 0
vn -0.99518406391143799 -0.098024055361747742 0
vn -0.98111212253570557 -0.19343999028205872 0
vn -0.95694869756698608 -0.29025712609291077 0
vn -0.92524343729019165 -0.37937399744987488 0
vn -0.88193243741989136 -0.47137579321861267 0
vn -0.83013617992401123 -0.55756074190139771 0
vn -0.77301633358001709 -0.63438612222671509 0
vn -0.70710563659667969 -0.70710790157318115 0
vn -0.63438558578491211 -0.77301675081253052 0
vn -0.55559992790222168 -0.83144974708557129 0
vn -0.47137674689292908 -0.88193196058273315 0
vn -0.38272151350975037 -0.92386376857757568 0
vn -0.29025927186012268 -0.95694804191589355 0
vn -0.19513231515884399 -0.98077690601348877 0
vn -0.098006404936313629 -0.99518579244613647 0
vn 4.9866512199514546E-06 -1 0
vn 0.098005853593349457 -0.99518585205078125 0
vn 0.19342561066150665 -0.98111492395401001 0
vn 0.29026126861572266 -0.9569474458694458 0
vn 0.37937638163566589 -0.92524242401123047 0
vn 0.47137537598609924 -0.88193267583847046 0
vn 0.55756032466888428 -0.83013641834259033 0
vn 0.63438630104064941 -0.77301621437072754 0
vn 0.7071082592010498 -0.70710527896881104 0
vn 0.77301710844039917 -0.63438516855239868 0
vn 0.83144903182983398 -0.55560106039047241 0
vn 0.88193130493164062 -0.47137793898582458 0
vn 0.9238656759262085 -0.38271692395210266 0
vn 0.95694959163665771 -0.29025423526763916 0
vn 0.98077380657196045 -0.19514785706996918 0
vn 0.99518454074859619 -0.098019242286682129 0
vn 1 6.2447521486319602E-05 0
vn -0.97685301303863525 -0.096218474209308624 0.19105033576488495
vn -0.96304023265838623 -0.18987686932086945 0.19105042517185211
vn -0.93932205438613892 -0.28491067886352539 0.19104981422424316
vn -0.90820062160491943 -0.37238600850105286 0.19105044007301331
vn -0.86568760871887207 -0.46269324421882629 0.19104966521263123
vn -0.81484520435333252 -0.54729056358337402 0.19105044007301331
vn -0.7587776780128479 -0.62270098924636841 0.19104963541030884
vn -0.6940808892250061 -0.69408315420150757 0.19105048477649689
vn -0.62270045280456543 -0.75877809524536133 0.19104956090450287
vn -0.54536592960357666 -0.81613463163375854 0.1910504549741745
vn -0.46269416809082031 -0.86568707227706909 0.19104973971843719
vn -0.3756718635559082 -0.90684640407562256 0.19105042517185211
vn -0.28491279482841492 -0.93932139873504639 0.19104978442192078
vn -0.19153802096843719 -0.96271121501922607 0.19105042517185211
vn -0.096201159060001373 -0.97685474157333374 0.19105003774166107
vn 4.8947981667879503E-06 -0.98158019781112671 0.19105048477649689
vn 0.096200622618198395 -0.97685486078262329 0.19104993343353271
vn 0.18986274302005768 -0.96304303407669067 0.1910504549741745
vn 0.2849147617816925 -0.93932080268859863 0.19104988873004913
vn 0.37238836288452148 -0.90819966793060303 0.19105044007301331
vn 0.46269279718399048 -0.8656877875328064 0.19104965031147003
vn 0.54729020595550537 -0.8148455023765564 0.19105044007301331
vn 0.62270110845565796 -0.75877755880355835 0.19104963541030884
vn 0.69408351182937622 -0.69408053159713745 0.19105048477649689
vn 0.75877845287322998 -0.622700035572052 0.19104956090450287
vn 0.81613391637802124 -0.54536700248718262 0.19105044007301331
vn 0.86568647623062134 -0.46269530057907104 0.19104976952075958
vn 0.9068482518196106 -0.37566736340522766 0.19105044007301331
vn 0.93932288885116577 -0.28490784764289856 0.19104968011379242
vn 0.96270817518234253 -0.19155327975749969 0.19105039536952972
vn 0.97685343027114868 -0.096213750541210175 0.19105038046836853
vn -0.92056852579116821 -0.090674541890621185 0.37991014122962952
vn -0.90755158662796021 -0.17893651127815247 0.37991032004356384
vn -0.88520026206970215 -0.26849472522735596 0.37990924715995789
vn -0.85587173700332642 -0.35092979669570923 0.37991032004356384
vn -0.81580859422683716 -0.43603387475013733 0.3799089789390564
vn -0.76789528131484985 -0.51575666666030884 0.37991034984588623
vn -0.71505856513977051 -0.58682233095169067 0.37990891933441162
vn -0.65408921241760254 -0.65409129858016968 0.37991040945053101
vn -0.58682185411453247 -0.71505898237228394 0.37990880012512207
vn -0.5139428973197937 -0.76911038160324097 0.37991034984588623
vn -0.43603470921516418 -0.81580805778503418 0.37990909814834595
vn -0.35402631759643555 -0.85459554195404053 0.37991032004356384
vn -0.26849672198295593 -0.88519972562789917 0.37990918755531311
vn -0.18050193786621094 -0.90724152326583862 0.37991032004356384
vn -0.090658240020275116 -0.92057031393051147 0.37990963459014893
vn 4.612768861989025E-06 -0.92502325773239136 0.37991040945053101
vn 0.090657740831375122 -0.9205704927444458 0.3799094557762146
vn 0.17892318964004517 -0.90755420923233032 0.37991034984588623
vn 0.26849856972694397 -0.88519906997680664 0.37990936636924744
vn 0.35093200206756592 -0.85587084293365479 0.37991032004356384
vn 0.43603348731994629 -0.81580877304077148 0.37990894913673401
vn 0.51575630903244019 -0.76789551973342896 0.37991034984588623
vn 0.58682245016098022 -0.71505844593048096 0.37990891933441162
vn 0.65409159660339355 -0.65408885478973389 0.37991040945053101
vn 0.71505934000015259 -0.58682143688201904 0.37990877032279968
vn 0.76910972595214844 -0.51394391059875488 0.37991034984588623
vn 0.81580746173858643 -0.43603581190109253 0.37990915775299072
vn 0.85459727048873901 -0.35402208566665649 0.37991032004356384
vn 0.88520121574401855 -0.26849207282066345 0.3799089789390564
vn 0.90723872184753418 -0.18051633238792419 0.37991026043891907
vn 0.92056894302368164 -0.090670086443424225 0.37991023063659668
vn -0.82587623596191406 -0.081347502768039703 0.55795252323150635
vn -0.81419819593429565 -0.16053058207035065 0.55795270204544067
vn -0.79414647817611694 -0.24087671935558319 0.55795145034790039
vn -0.76783430576324463 -0.31483212113380432 0.55795270204544067
vn -0.73189264535903931 -0.39118242263793945 0.55795109272003174
vn -0.68890732526779175 -0.46270442008972168 0.55795276165008545
vn -0.64150607585906982 -0.52646046876907349 0.55795103311538696
vn -0.58680766820907593 -0.58680951595306396 0.55795282125473022
vn -0.52646011114120483 -0.64150649309158325 0.55795091390609741
vn -0.4610772430896759 -0.68999743461608887 0.55795276165008545
vn -0.39118316769599915 -0.73189210891723633 0.55795127153396606
vn -0.31761014461517334 -0.76668936014175415 0.55795270204544067
vn -0.24087852239608765 -0.79414594173431396 0.55795139074325562
vn -0.1619349867105484 -0.81392002105712891 0.55795270204544067
vn -0.081332899630069733 -0.8258780837059021 0.55795192718505859
vn 4.1382854760740884E-06 -0.82987266778945923 0.55795282125473022
vn 0.081332460045814514 -0.8258783221244812 0.55795168876647949
vn 0.16051863133907318 -0.81420052051544189 0.55795276165008545
vn 0.24088013172149658 -0.79414534568786621 0.55795156955718994
vn 0.3148341178894043 -0.76783347129821777 0.55795270204544067
vn 0.39118209481239319 -0.73189288377761841 0.55795109272003174
vn 0.46270409226417542 -0.68890756368637085 0.55795276165008545
vn 0.52646058797836304 -0.64150595664978027 0.55795109272003174
vn 0.58680981397628784 -0.58680737018585205 0.55795282125473022
vn 0.64150679111480713 -0.52645969390869141 0.55795091390609741
vn 0.68999683856964111 -0.46107816696166992 0.55795276165008545
vn 0.73189157247543335 -0.39118412137031555 0.55795133113861084
vn 0.76669090986251831 -0.31760632991790771 0.55795270204544067
vn 0.79414737224578857 -0.24087437987327576 0.55795115232467651
vn 0.81391751766204834 -0.16194790601730347 0.5579526424407959
vn 0.82587659358978271 -0.081343501806259155 0.5579526424407959
vn -0.6963341236114502 -0.068587809801101685 0.71443295478820801
vn -0.68648779392242432 -0.13535067439079285 0.71443313360214233
vn -0.66958171129226685 -0.20309431850910187 0.7144320011138916
vn -0.64739620685577393 -0.26544937491416931 0.71443319320678711
vn -0.61709272861480713 -0.32982409000396729 0.71443170309066772
vn -0.580849289894104 -0.3901272714138031 0.71443319320678711
vn -0.54088360071182251 -0.4438832700252533 0.71443164348602295
vn -0.49476435780525208 -0.49476593732833862 0.71443325281143188
vn -0.44388300180435181 -0.54088395833969116 0.7144315242767334
vn -0.38875532150268555 -0.5817684531211853 0.71443319320678711
vn -0.32982468605041504 -0.61709219217300415 0.71443182229995728
vn -0.26779165863990784 -0.64643090963363647 0.71443313360214233
vn -0.20309585332870483 -0.66958129405975342 0.71443194150924683
vn -0.13653479516506195 -0.68625324964523315 0.71443313360214233
vn -0.06857551634311676 -0.69633591175079346 0.71443241834640503
vn 3.4891779705503723E-06 -0.69970357418060303 0.71443325281143188
vn 0.068575151264667511 -0.69633615016937256 0.7144322395324707
vn 0.13534060120582581 -0.68648970127105713 0.71443319320678711
vn 0.20309719443321228 -0.66958063840866089 0.71443212032318115
vn 0.26545107364654541 -0.6473955512046814 0.71443319320678711
vn 0.32982379198074341 -0.61709290742874146 0.71443170309066772
vn 0.39012700319290161 -0.58084952831268311 0.71443319320678711
vn 0.44388338923454285 -0.54088348150253296 0.71443164348602295
vn 0.49476620554924011 -0.49476408958435059 0.71443325281143188
vn 0.54088425636291504 -0.44388270378112793 0.7144315242767334
vn 0.58176791667938232 -0.38875609636306763 0.71443319320678711
vn 0.61709171533584595 -0.32982549071311951 0.71443194150924683
vn 0.64643222093582153 -0.26778843998908997 0.71443319320678711
vn 0.6695825457572937 -0.20309238135814667 0.71443170309066772
vn 0.68625116348266602 -0.13654568791389465 0.71443307399749756
vn 0.6963343620300293 -0.068584434688091278 0.71443307399749756
vn -0.53812325000762939 -0.05300428718328476 0.8411979079246521
vn -0.5305139422416687 -0.10459825396537781 0.84119802713394165
vn -0.51744937896728516 -0.15695026516914368 0.84119719266891479
vn -0.50030422210693359 -0.20513780415058136 0.84119802713394165
vn -0.47688621282577515 -0.2548864483833313 0.84119701385498047
vn -0.44887712597846985 -0.30148819088935852 0.84119808673858643
vn -0.41799220442771912 -0.34303084015846252 0.84119701385498047
vn -0.38235113024711609 -0.38235235214233398 0.8411981463432312
vn -0.3430306613445282 -0.41799253225326538 0.84119689464569092
vn -0.30042794346809387 -0.44958743453025818 0.84119808673858643
vn -0.25488686561584473 -0.47688579559326172 0.84119713306427002
vn -0.206947922706604 -0.49955824017524719 0.84119802713394165
vn -0.15695145726203918 -0.51744908094406128 0.84119719266891479
vn -0.10551334172487259 -0.53033274412155151 0.84119802713394165
vn -0.052994802594184875 -0.53812479972839355 0.84119755029678345
vn 2.6964171411236748E-06 -0.54072701930999756 0.8411981463432312
vn 0.052994526922702789 -0.53812503814697266 0.84119737148284912
vn 0.10459046810865402 -0.53051543235778809 0.84119808673858643
vn 0.15695247054100037 -0.5174485445022583 0.84119731187820435
vn 0.20513911545276642 -0.50030368566513062 0.84119802713394165
vn 0.2548862099647522 -0.47688636183738708 0.84119701385498047
vn 0.30148798227310181 -0.44887727499008179 0.84119808673858643
vn 0.34303092956542969 -0.41799211502075195 0.84119701385498047
vn 0.3823525607585907 -0.38235095143318176 0.8411981463432312
vn 0.41799274086952209 -0.3430304229259491 0.84119689464569092
vn 0.44958701729774475 -0.30042856931686401 0.84119808673858643
vn 0.47688540816307068 -0.25488749146461487 0.84119719266891479
vn 0.49955922365188599 -0.20694541931152344 0.84119802713394165
vn 0.51745009422302246 -0.15694878995418549 0.84119701385498047
vn 0.53033113479614258 -0.10552176088094711 0.84119796752929688
vn 0.53812336921691895 -0.053001675754785538 0.84119796752929688
vn -0.36169940233230591 -0.035626817494630814 0.93161380290985107
vn -0.35658478736877441 -0.070305690169334412 0.93161386251449585
vn -0.34780362248420715 -0.10549413412809372 0.93161344528198242
vn -0.33627933263778687 -0.13788332045078278 0.93161386251449585
vn -0.32053914666175842 -0.17132195830345154 0.93161332607269287
vn -0.30171263217926025 -0.2026451975107193 0.93161386251449585
vn -0.28095352649688721 -0.23056823015213013 0.93161332607269287
vn -0.25699719786643982 -0.25699800252914429 0.93161392211914062
vn -0.23056812584400177 -0.28095376491546631 0.9316132664680481
vn -0.20193256437778473 -0.30219003558158875 0.93161386251449585
vn -0.17132224142551422 -0.32053884863853455 0.93161338567733765
vn -0.13909998536109924 -0.33577790856361389 0.93161386251449585
vn -0.10549493879079819 -0.34780344367027283 0.93161344528198242
vn -0.070920757949352264 -0.3564629852771759 0.93161386251449585
vn -0.035620454698801041 -0.36170053482055664 0.93161362409591675
vn 1.8123959080185159E-06 -0.36344948410987854 0.93161392211914062
vn 0.035620272159576416 -0.36170074343681335 0.9316135048866272
vn 0.070300452411174774 -0.35658577084541321 0.93161386251449585
vn 0.10549560934305191 -0.34780305624008179 0.9316135048866272
vn 0.13788418471813202 -0.33627897500991821 0.93161386251449585
vn 0.1713218092918396 -0.32053923606872559 0.93161332607269287
vn 0.20264504849910736 -0.30171272158622742 0.93161386251449585
vn 0.2305682897567749 -0.28095346689224243 0.93161332607269287
vn 0.25699815154075623 -0.25699704885482788 0.93161392211914062
vn 0.28095391392707825 -0.23056797683238983 0.9316132664680481
vn 0.30218976736068726 -0.20193296670913696 0.93161386251449585
vn 0.32053855061531067 -0.17132264375686646 0.93161344528198242
vn 0.33577859401702881 -0.13909830152988434 0.93161386251449585
vn 0.34780415892601013 -0.10549315065145493 0.93161338567733765
vn 0.35646191239356995 -0.070926420390605927 0.93161386251449585
vn 0.36169949173927307 -0.03562505915760994 0.93161386251449585
vn -0.17876337468624115 -0.017607908695936203 0.98373454809188843
vn -0.17623555660247803 -0.034747306257486343 0.98373454809188843
vn -0.17189568281173706 -0.052138574421405792 0.98373442888259888
vn -0.1661999523639679 -0.068146325647830963 0.98373454809188843
vn -0.15842071175575256 -0.084672801196575165 0.98373442888259888
vn -0.14911597967147827 -0.10015370696783066 0.98373454809188843
vn -0.13885623216629028 -0.11395420879125595 0.98373442888259888
vn -0.12701618671417236 -0.1270165890455246 0.98373454809188843
vn -0.11395415663719177 -0.13885635137557983 0.9837343692779541
vn -0.099801495671272278 -0.14935193955898285 0.98373454809188843
vn -0.084672935307025909 -0.15842056274414062 0.98373442888259888
vn -0.068747639656066895 -0.16595213115215302 0.98373454809188843
vn -0.052138973027467728 -0.1718955785036087 0.98373442888259888
vn -0.035051297396421432 -0.17617535591125488 0.98373454809188843
vn -0.017604764550924301 -0.17876395583152771 0.98373448848724365
vn 8.9574371031631017E-07 -0.17962829768657684 0.98373454809188843
vn 0.017604677006602287 -0.17876406013965607 0.98373448848724365
vn 0.034744720906019211 -0.17623603343963623 0.98373454809188843
vn 0.052139300853013992 -0.17189538478851318 0.98373442888259888
vn 0.068146757781505585 -0.16619977355003357 0.98373454809188843
vn 0.084672726690769196 -0.15842077136039734 0.98373442888259888
vn 0.10015363246202469 -0.14911602437496185 0.98373454809188843
vn 0.11395423114299774 -0.1388562023639679 0.98373442888259888
vn 0.12701666355133057 -0.12701612710952759 0.98373454809188843
vn 0.1388564258813858 -0.1139540821313858 0.9837343692779541
vn 0.1493518054485321 -0.099801696836948395 0.98373454809188843
vn 0.15842041373252869 -0.084673136472702026 0.98373442888259888
vn 0.16595245897769928 -0.068746805191040039 0.98373454809188843
vn 0.17189596593379974 -0.052138093858957291 0.98373442888259888
vn 0.1761748194694519 -0.035054095089435577 0.98373454809188843
vn 0.17876340448856354 -0.017607038840651512 0.98373454809188843
vn 0 0 1
vn 0 0 1
vn 0 0 1
vn 0 0 1
vn 0 0 1
vn 0 0 1
vn 0 0 1
vn 0 0 1
vn 0 0 1
vn 0 0 1
vn 0 0 1
vn 0 0 1
vn 0 0 1
vn 0 0 1
vn 0 0 1
vn 0 0 1
vn 0 0 1
vn 0 0 1
vn 0 0 1
vn 0 0 1
vn 0 0 1
vn 0 0 1
vn 0 0 1
vn 0 0 1
vn 0 0 1
vn 0 0 1
vn 0 0 1
vn 0 0 1
vn 0 0 1
vn 0 0 1
vn 0 0 1
vn 0 0 1
vn 0.19013054668903351 0.018727557733654976 0.98158019781112671
vn 0.18744200468063354 0.036956816911697388 0.98158019781112671
vn 0.18282616138458252 0.055453956127166748 0.98158007860183716
vn 0.17676824331283569 0.072479605674743652 0.98158019781112671
vn 0.16849434375762939 0.090056963264942169 0.98158007860183716
vn 0.15859794616699219 0.10652226954698563 0.98158019781112671
vn 0.14768579602241516 0.1212003156542778 0.98158001899719238
vn 0.13509288430213928 0.1350933164358139 0.98158019781112671
vn 0.12120026350021362 0.14768593013286591 0.98158001899719238
vn 0.10614766180515289 0.15884891152381897 0.98158019781112671
vn 0.090057104825973511 0.16849417984485626 0.98158007860183716
vn 0.073119156062602997 0.17650468647480011 0.98158019781112671
vn 0.055454380810260773 0.18282605707645416 0.98158007860183716
vn 0.037280134856700897 0.18737797439098358 0.98158019781112671
vn -0.036954063922166824 0.18744252622127533 0.98158019781112671
vn -0.055454730987548828 0.18282584846019745 0.98158007860183716
vn -0.072480067610740662 0.17676806449890137 0.98158019781112671
vn -0.0900568887591362 0.16849440336227417 0.98158007860183716
vn -0.10652219504117966 0.15859800577163696 0.98158019781112671
vn -0.12120033800601959 0.14768578112125397 0.98158001899719238
vn -0.13509337604045868 0.13509280979633331 0.98158019781112671
vn -0.14768601953983307 0.12120018154382706 0.98158001899719238
vn -0.15884877741336823 0.1061478778719902 0.98158019781112671
vn -0.16849403083324432 0.090057320892810822 0.98158007860183716
vn -0.17650502920150757 0.073118269443511963 0.98158019781112671
vn -0.1828264594078064 0.055453445762395859 0.98158007860183716
vn -0.18737740814685822 0.037283111363649368 0.98158019781112671
vn -0.19013059139251709 0.018726633861660957 0.98158019781112671
vn 0.3780810534954071 0.037240386009216309 0.92502319812774658
vn 0.37273481488227844 0.07348988950252533 0.92502325773239136
vn 0.363555908203125 0.11027204245328903 0.92502278089523315
vn 0.351509690284729 0.14412815868854523 0.92502325773239136
vn 0.3350566029548645 0.1790812611579895 0.9250226616859436
vn 0.31537744402885437 0.21182316541671753 0.92502325773239136
vn 0.29367813467979431 0.24101084470748901 0.9250226616859436
vn 0.2686367928981781 0.26863765716552734 0.92502325773239136
vn 0.24101072549819946 0.29367837309837341 0.92502260208129883
vn 0.21107824146747589 0.31587648391723633 0.92502325773239136
vn 0.17908155918121338 0.33505630493164062 0.92502272129058838
vn 0.14539992809295654 0.35098558664321899 0.92502325773239136
vn 0.11027288436889648 0.36355572938919067 0.92502278089523315
vn 0.074132815003395081 0.37260746955871582 0.92502325773239136
vn -0.073484413325786591 0.37273585796356201 0.92502325773239136
vn -0.1102735847234726 0.36355531215667725 0.92502284049987793
vn -0.14412908256053925 0.35150933265686035 0.92502325773239136
vn -0.17908111214637756 0.33505672216415405 0.9250226616859436
vn -0.21182301640510559 0.31537753343582153 0.92502325773239136
vn -0.24101090431213379 0.29367807507514954 0.9250226616859436
vn -0.26863780617713928 0.26863667368888855 0.92502325773239136
vn -0.29367852210998535 0.24101057648658752 0.92502260208129883
vn -0.31587621569633484 0.21107867360115051 0.92502325773239136
vn -0.33505600690841675 0.17908197641372681 0.92502278089523315
vn -0.35098627209663391 0.14539818465709686 0.92502325773239136
vn -0.36355647444725037 0.11027102172374725 0.92502272129058838
vn -0.37260636687278748 0.074138738214969635 0.92502319812774658
vn -0.37808114290237427 0.037238549441099167 0.92502319812774658
vn 0.55526608228683472 0.054692830890417099 0.82987242937088013
vn 0.54741442203521729 0.10793040692806244 0.82987260818481445
vn 0.53393357992172241 0.16195018589496613 0.82987171411514282
vn 0.51624226570129395 0.2116728276014328 0.82987260818481445
vn 0.49207821488380432 0.26300626993179321 0.8298715353012085
vn 0.4631769061088562 0.31109264492988586 0.82987260818481445
vn 0.43130803108215332 0.35395866632461548 0.82987147569656372
vn 0.39453160762786865 0.39453285932540894 0.82987266778945923
vn 0.35395845770835876 0.43130835890769958 0.82987135648727417
vn 0.30999860167503357 0.4639098048210144 0.82987260818481445
vn 0.26300671696662903 0.49207779765129089 0.82987159490585327
vn 0.21354059875011444 0.51547253131866455 0.82987254858016968
vn 0.16195140779018402 0.53393328189849854 0.82987165451049805
vn -0.16195246577262878 0.53393274545669556 0.82987183332443237
vn -0.21167416870594025 0.51624172925949097 0.82987260818481445
vn -0.26300603151321411 0.49207836389541626 0.82987147569656372
vn -0.31109240651130676 0.46317705512046814 0.82987260818481445
vn -0.35395872592926025 0.43130794167518616 0.82987147569656372
vn -0.39453306794166565 0.39453139901161194 0.82987266778945923
vn -0.43130859732627869 0.35395821928977966 0.82987135648727417
vn -0.46390941739082336 0.30999922752380371 0.82987260818481445
vn -0.49207738041877747 0.26300734281539917 0.82987165451049805
vn -0.51547354459762573 0.2135380357503891 0.82987260818481445
vn -0.53393435478210449 0.16194865107536316 0.8298715353012085
vn -0.5472257137298584 0.108883336186409 0.82987254858016968
vn -0.55526620149612427 0.054690133780241013 0.82987254858016968
vn 0.71099287271499634 0.070031672716140747 0.69970327615737915
vn 0.70093923807144165 0.13819998502731323 0.69970345497131348
vn 0.68367719650268555 0.20736970007419586 0.69970226287841797
vn 0.66102474927902222 0.27103742957115173 0.69970351457595825
vn 0.63008326292037964 0.3367672860622406 0.69970202445983887
vn 0.59307694435119629 0.39833995699882507 0.69970351457595825
vn 0.55226981639862061 0.45322757959365845 0.69970196485519409
vn 0.50517982244491577 0.50518143177032471 0.69970357418060303
vn 0.45322728157043457 0.55227023363113403 0.69970178604125977
vn 0.39693912863731384 0.59401541948318481 0.69970351457595825
vn 0.33676788210868835 0.63008278608322144 0.69970214366912842
vn 0.27342903614044189 0.66003912687301636 0.69970345497131348
vn 0.20737126469612122 0.68367677927017212 0.69970220327377319
vn -0.20737263560295105 0.68367618322372437 0.69970244169235229
vn -0.27103915810585022 0.66102409362792969 0.69970345497131348
vn -0.33676698803901672 0.63008344173431396 0.69970196485519409
vn -0.39833968877792358 0.59307712316513062 0.69970351457595825
vn -0.45322766900062561 0.55226975679397583 0.69970196485519409
vn -0.50518167018890381 0.50517952442169189 0.69970357418060303
vn -0.55227053165435791 0.45322698354721069 0.69970178604125977
vn -0.59401488304138184 0.39693993330001831 0.69970351457595825
vn -0.63008224964141846 0.33676871657371521 0.69970220327377319
vn -0.66004043817520142 0.27342572808265686 0.69970351457595825
vn -0.68367809057235718 0.20736771821975708 0.69970202445983887
vn -0.70069760084152222 0.13942015171051025 0.6997033953666687
vn -0.71099311113357544 0.070028223097324371 0.6997033953666687
vn 0.83714717626571655 0.082457669079303741 0.54072672128677368
vn 0.82530975341796875 0.16272138059139252 0.54072690010070801
vn 0.80498433113098145 0.24416399002075195 0.54072564840316772
vn 0.77831310033798218 0.31912872195243835 0.54072695970535278
vn 0.74188089370727539 0.3965209424495697 0.54072535037994385
vn 0.69830900430679321 0.46901905536651611 0.54072695970535278
vn 0.65026074647903442 0.5336451530456543 0.54072529077529907
vn 0.59481596946716309 0.5948178768157959 0.54072701930999756
vn 0.53364473581314087 0.65026116371154785 0.54072511196136475
vn 0.4673696756362915 0.69941401481628418 0.54072695970535278
vn 0.39652171730995178 0.74188035726547241 0.5407254695892334
vn 0.32194465398788452 0.77715253829956055 0.54072690010070801
vn -0.31913074851036072 0.77831226587295532 0.54072690010070801
vn -0.39652058482170105 0.74188107252120972 0.54072529077529907
vn -0.46901872754096985 0.69830924272537231 0.54072695970535278
vn -0.53364527225494385 0.65026062726974487 0.54072529077529907
vn -0.59481817483901978 0.59481561183929443 0.54072701930999756
vn -0.6502615213394165 0.53364437818527222 0.54072511196136475
vn -0.69941341876983643 0.46737059950828552 0.54072695970535278
vn -0.74187982082366943 0.39652267098426819 0.54072552919387817
vn -0.77715414762496948 0.32194077968597412 0.54072690010070801
vn -0.80498522520065308 0.24416162073612213 0.54072535037994385
vn -0.82502520084381104 0.16415803134441376 0.54072684049606323
vn -0.83714747428894043 0.082453615963459015 0.54072684049606323
vn 0.9271274209022522 0.09132058173418045 0.36344921588897705
vn 0.91401773691177368 0.1802113950252533 0.36344939470291138
vn 0.89150714874267578 0.27040770649909973 0.36344835162162781
vn 0.86196964979171753 0.35343009233474731 0.36344942450523376
vn 0.82162100076675415 0.43914049863815308 0.36344808340072632
vn 0.77336639165878296 0.51943135261535645 0.36344942450523376
vn 0.72015321254730225 0.59100329875946045 0.36344805359840393
vn 0.65874946117401123 0.65875154733657837 0.36344948410987854
vn 0.59100282192230225 0.72015362977981567 0.36344790458679199
vn 0.51760464906692505 0.77459019422531128 0.36344942450523376
vn 0.43914136290550232 0.82162052392959595 0.36344820261001587
vn 0.35654869675636292 0.86068433523178101 0.36344939470291138
vn -0.35343232750892639 0.8619687557220459 0.36344939470291138
vn -0.43914011120796204 0.82162123918533325 0.36344805359840393
vn -0.51943093538284302 0.77336668968200684 0.36344942450523376
vn -0.59100341796875 0.7201530933380127 0.36344805359840393
vn -0.65875190496444702 0.65874910354614258 0.36344948410987854
vn -0.72015398740768433 0.59100240468978882 0.36344790458679199
vn -0.77458947896957397 0.51760566234588623 0.36344942450523376
vn -0.82161986827850342 0.43914246559143066 0.36344829201698303
vn -0.86068612337112427 0.35654440522193909 0.36344939470291138
vn -0.89150804281234741 0.27040502429008484 0.36344811320304871
vn -0.91370260715484619 0.18180246651172638 0.3634493350982666
vn -0.92712777853012085 0.091316096484661102 0.3634493350982666
vn 0.97899693250656128 0.096429646015167236 0.1796281486749649
vn 0.96515387296676636 0.19029361009597778 0.17962825298309326
vn 0.94138360023498535 0.28553599119186401 0.1796276718378067
vn 0.91019392013549805 0.37320330739021301 0.17962825298309326
vn 0.86758756637573242 0.46370872855186462 0.17962752282619476
vn 0.81663364171981812 0.54849177598953247 0.17962826788425446
vn 0.76044297218322754 0.62406760454177856 0.17962749302387238
vn 0.69560426473617554 0.69560647010803223 0.17962829768657684
vn 0.62406712770462036 0.76044338941574097 0.1796274334192276
vn 0.54656285047531128 0.81792587041854858 0.17962826788425446
vn 0.46370965242385864 0.86758702993392944 0.17962759733200073
vn 0.37649637460708618 0.9088367223739624 0.17962823808193207
vn -0.37320566177368164 0.91019296646118164 0.17962825298309326
vn -0.4637083113193512 0.86758780479431152 0.17962750792503357
vn -0.54849135875701904 0.81663388013839722 0.17962826788425446
vn -0.62406778335571289 0.76044285297393799 0.17962750792503357
vn -0.69560682773590088 0.69560390710830688 0.17962829768657684
vn -0.76044380664825439 0.62406671047210693 0.17962741851806641
vn -0.81792515516281128 0.54656398296356201 0.17962826788425446
vn -0.86758643388748169 0.46371081471443176 0.17962762713432312
vn -0.90883857011795044 0.37649187445640564 0.17962825298309326
vn -0.94138449430465698 0.28553315997123718 0.17962753772735596
vn -0.96482110023498535 0.19197370111942291 0.17962820827960968
vn -0.97899740934371948 0.09642491489648819 0.17962820827960968
vn 1 -7.9983212344814092E-05 0
vn 0.99518406391143799 0.098024055361747742 0
vn 0.98111212253570557 0.19343999028205872 0
vn 0.95694869756698608 0.29025712609291077 0
vn 0.92524343729019165 0.37937399744987488 0
vn 0.88193243741989136 0.47137579321861267 0
vn 0.83013617992401123 0.55756074190139771 0
vn 0.77301633358001709 0.63438612222671509 0
vn 0.70710563659667969 0.70710790157318115 0
vn 0.63438558578491211 0.77301675081253052 0
vn 0.55559992790222168 0.83144974708557129 0
vn 0.47137674689292908 0.88193196058273315 0
vn 0.38272151350975037 0.92386376857757568 0
vn -0.37937638163566589 0.92524242401123047 0
vn -0.47137537598609924 0.88193267583847046 0
vn -0.55756032466888428 0.83013641834259033 0
vn -0.63438630104064941 0.77301621437072754 0
vn -0.7071082592010498 0.70710527896881104 0
vn -0.77301710844039917 0.63438516855239868 0
vn -0.83144903182983398 0.55560106039047241 0
vn -0.88193130493164062 0.47137793898582458 0
vn -0.9238656759262085 0.38271692395210266 0
vn -0.95694959163665771 0.29025423526763916 0
vn -0.98077380657196045 0.19514785706996918 0
vn -0.99518454074859619 0.098019242286682129 0
vn -1 -6.2447521486319602E-05 0
vn -0.98330539464950562 -6.1404978623613715E-05 0.18196305632591248
vn -0.92978829145431519 -5.8062971220351756E-05 0.36809471249580383
vn -0.83699548244476318 -5.226829307503067E-05 0.54720973968505859
vn -0.70710676908493042 -4.4157062802696601E-05 0.70710676908493042
vn -0.54720973968505859 -3.4171891456935555E-05 0.83699548244476318
vn -0.36809471249580383 -2.2986601834418252E-05 0.92978829145431519
vn -0.18196305632591248 -1.1363141311448999E-05 0.98330539464950562
vn 0.18196305632591248 1.1363141311448999E-05 0.98330539464950562
vn 0.36809471249580383 2.2986601834418252E-05 0.92978829145431519
vn 0.54720973968505859 3.4171891456935555E-05 0.83699548244476318
vn 0.70710676908493042 4.4157062802696601E-05 0.70710676908493042
vn 0.83699548244476318 5.226829307503067E-05 0.54720973968505859
vn 0.92978829145431519 5.8062971220351756E-05 0.36809471249580383
vn 0.98330539464950562 6.1404978623613715E-05 0.18196305632591248
vn 0.98330539464950562 6.1404978623613715E-05 -0.18196305632591248
vn 0.92978829145431519 5.8062971220351756E-05 -0.36809471249580383
vn 0.83699548244476318 5.226829307503067E-05 -0.54720973968505859
vn 0.70710676908493042 4.4157062802696601E-05 -0.70710676908493042
vn 0.54720973968505859 3.4171891456935555E-05 -0.83699548244476318
vn 0.36809471249580383 2.2986601834418252E-05 -0.92978829145431519
vn 0.18196305632591248 1.1363141311448999E-05 -0.98330539464950562
vn -0.18196305632591248 -1.1363141311448999E-05 -0.98330539464950562
vn -0.36809471249580383 -2.2986601834418252E-05 -0.92978829145431519
vn -0.54720973968505859 -3.4171891456935555E-05 -0.83699548244476318
vn -0.70710676908493042 -4.4157062802696601E-05 -0.70710676908493042
vn -0.83699548244476318 -5.226829307503067E-05 -0.54720973968505859
vn -0.92978829145431519 -5.8062971220351756E-05 -0.36809471249580383
vn -0.98330539464950562 -6.1404978623613715E-05 -0.18196305632591248
vn 0.98330539464950562 -7.8647921327501535E-05 -0.18196305632591248
vn 0.92978829145431519 -7.4367453635204583E-05 -0.36809471249580383
vn 0.83699548244476318 -6.6945591242983937E-05 -0.54720973968505859
vn 0.70710676908493042 -5.6556669733254239E-05 -0.70710676908493042
vn 0.54720973968505859 -4.3767591705545783E-05 -0.83699548244476318
vn 0.36809471249580383 -2.944139669125434E-05 -0.92978829145431519
vn 0.18196305632591248 -1.4553988876286894E-05 -0.98330539464950562
vn -0.18196305632591248 1.4553988876286894E-05 -0.98330539464950562
vn -0.36809471249580383 2.944139669125434E-05 -0.92978829145431519
vn -0.54720973968505859 4.3767591705545783E-05 -0.83699548244476318
vn -0.70710676908493042 5.6556669733254239E-05 -0.70710676908493042
vn -0.83699548244476318 6.6945591242983937E-05 -0.54720973968505859
vn -0.92978829145431519 7.4367453635204583E-05 -0.36809471249580383
vn -0.98330539464950562 7.8647921327501535E-05 -0.18196305632591248
vn -0.98330539464950562 7.8647921327501535E-05 0.18196305632591248
vn -0.92978829145431519 7.4367453635204583E-05 0.36809471249580383
vn -0.83699548244476318 6.6945591242983937E-05 0.54720973968505859
vn -0.70710676908493042 5.6556669733254239E-05 0.70710676908493042
vn -0.54720973968505859 4.3767591705545783E-05 0.83699548244476318
vn -0.36809471249580383 2.944139669125434E-05 0.92978829145431519
vn -0.18196305632591248 1.4553988876286894E-05 0.98330539464950562
vn 0.18196305632591248 -1.4553988876286894E-05 0.98330539464950562
vn 0.36809471249580383 -2.944139669125434E-05 0.92978829145431519
vn 0.54720973968505859 -4.3767591705545783E-05 0.83699548244476318
vn 0.70710676908493042 -5.6556669733254239E-05 0.70710676908493042
vn 0.83699548244476318 -6.6945591242983937E-05 0.54720973968505859
vn 0.92978829145431519 -7.4367453635204583E-05 0.36809471249580383
vn 0.98330539464950562 -7.8647921327501535E-05 0.18196305632591248
vn -0.33328184485435486 0.94282722473144531 0
vn -0.32167544960975647 0.9246329665184021 -0.20390884578227997
vn -0.28900790214538574 0.87181764841079712 -0.39548507332801819
vn -0.24099144339561462 0.78919088840484619 -0.56489014625549316
vn -0.18471395969390869 0.68255579471588135 -0.70710563659667969
vn -0.13065205514431 0.56569182872772217 -0.81420069932937622
vn -0.080953299999237061 0.43745344877243042 -0.89558976888656616
vn -0.047664757817983627 0.33015289902687073 -0.94272327423095703
vn -0.022055303677916527 0.22025686502456665 -0.97519254684448242
vn -0.0057092448696494102 0.10954484343528748 -0.99396544694900513
vn 0 0 -1
vn 0.0057082208804786205 0.10954143106937408 -0.99396586418151855
vn 0.022054236382246017 0.22025004029273987 -0.97519409656524658
vn 0.047664526849985123 0.33014297485351562 -0.942726731300354
vn 0.080953553318977356 0.43744105100631714 -0.89559578895568848
vn 0.13065403699874878 0.56568574905395508 -0.8142046332359314
vn 0.18471583724021912 0.68255549669265747 -0.70710539817810059
vn 0.24098987877368927 0.78919154405593872 -0.56488984823226929
vn 0.28900337219238281 0.87181919813156128 -0.39548492431640625
vn 0.32166916131973267 0.92463517189025879 -0.20390880107879639
vn 0.33327499032020569 0.9428296685218811 0
vn 0 0 1
vn -0.0057092448696494102 0.10954484343528748 0.99396544694900513
vn -0.022055303677916527 0.22025686502456665 0.97519254684448242
vn -0.047664757817983627 0.33015289902687073 0.94272327423095703
vn -0.080953299999237061 0.43745344877243042 0.89558976888656616
vn -0.13065205514431 0.56569182872772217 0.81420069932937622
vn -0.18471395969390869 0.68255579471588135 0.70710563659667969
vn -0.24099144339561462 0.78919088840484619 0.56489014625549316
vn -0.28900790214538574 0.87181764841079712 0.39548507332801819
vn -0.32167544960975647 0.9246329665184021 0.20390884578227997
vn -0.33328184485435486 0.94282722473144531 0
vn 0.33327499032020569 0.9428296685218811 0
vn 0.32166916131973267 0.92463517189025879 0.20390880107879639
vn 0.28900337219238281 0.87181919813156128 0.39548492431640625
vn 0.24098987877368927 0.78919154405593872 0.56488984823226929
vn 0.18471583724021912 0.68255549669265747 0.70710539817810059
vn 0.13065403699874878 0.56568574905395508 0.8142046332359314
vn 0.080953553318977356 0.43744105100631714 0.89559578895568848
vn 0.047664526849985123 0.33014297485351562 0.942726731300354
vn 0.022054236382246017 0.22025004029273987 0.97519409656524658
vn 0.0057082208804786205 0.10954143106937408 0.99396586418151855
f 1/1/1 46/46/46 48/48/48 47/47/47
f 103/103/103 1/1/1 47/47/47 104/104/104
f 2/2/2 49/49/49 51/51/51 50/50/50
f 50/50/50 51/51/51 46/46/46 1/1/1
f 127/127/127 128/128/128 123/123/123
f 125/125/125 127/127/127 3/3/3
f 128/128/128 127/127/127 125/125/125
f 128/128/128 50/50/50 1/1/1 103/103/103
f 125/125/125 2/2/2 50/50/50 128/128/128
f 4/4/4 52/52/52 54/54/54 53/53/53
f 53/53/53 54/54/54 49/49/49 2/2/2
f 5/5/5 124/124/124 126/126/126 121/121/121
f 122/122/122 125/125/125 3/3/3
f 126/126/126 122/122/122 121/121/121
f 125/125/125 122/122/122 126/126/126
f 126/126/126 53/53/53 2/2/2 125/125/125
f 124/124/124 4/4/4 53/53/53 126/126/126
f 6/6/6 55/55/55 57/57/57 56/56/56
f 56/56/56 57/57/57 52/52/52 4/4/4
f 56/56/56 124/124/124 120/120/120
f 120/120/120 124/124/124 5/5/5
f 124/124/124 56/56/56 4/4/4
f 56/56/56 120/120/120 7/7/7 6/6/6
f 8/8/8 58/58/58 60/60/60 59/59/59
f 59/59/59 60/60/60 55/55/55 6/6/6
f 119/119/119 59/59/59 6/6/6 7/7/7
f 59/59/59 119/119/119 9/9/9 8/8/8
f 10/10/10 61/61/61 63/63/63 62/62/62
f 62/62/62 63/63/63 58/58/58 8/8/8
f 118/118/118 62/62/62 8/8/8 9/9/9
f 62/62/62 118/118/118 11/11/11 10/10/10
f 12/12/12 64/64/64 66/66/66 65/65/65
f 65/65/65 66/66/66 61/61/61 10/10/10
f 65/65/65 13/13/13 12/12/12
f 11/11/11 65/65/65 10/10/10
f 13/13/13 65/65/65 11/11/11
f 14/14/14 67/67/67 69/69/69 68/68/68
f 68/68/68 69/69/69 64/64/64 12/12/12
f 68/68/68 15/15/15 14/14/14
f 13/13/13 68/68/68 12/12/12
f 15/15/15 68/68/68 13/13/13
f 16/16/16 70/70/70 72/72/72 71/71/71
f 71/71/71 72/72/72 67/67/67 14/14/14
f 71/71/71 17/17/17 16/16/16
f 15/15/15 71/71/71 14/14/14
f 17/17/17 71/71/71 15/15/15
f 18/18/18 73/73/73 75/75/75 74/74/74
f 74/74/74 75/75/75 70/70/70 16/16/16
f 74/74/74 19/19/19 18/18/18
f 17/17/17 74/74/74 16/16/16
f 19/19/19 74/74/74 17/17/17
f 20/20/20 76/76/76 78/78/78 77/77/77
f 77/77/77 78/78/78 73/73/73 18/18/18
f 151/151/151 77/77/77 18/18/18 19/19/19
f 77/77/77 151/151/151 21/21/21 20/20/20
f 22/22/22 79/79/79 81/81/81 80/80/80
f 80/80/80 81/81/81 76/76/76 20/20/20
f 150/150/150 80/80/80 20/20/20 21/21/21
f 80/80/80 150/150/150 23/23/23 22/22/22
f 24/24/24 82/82/82 84/84/84 83/83/83
f 83/83/83 84/84/84 79/79/79 22/22/22
f 149/149/149 147/147/147 83/83/83
f 83/83/83 147/147/147 24/24/24
f 147/147/147 149/149/149 25/25/25
f 149/149/149 83/83/83 22/22/22 23/23/23
f 26/26/26 85/85/85 87/87/87 86/86/86
f 86/86/86 87/87/87 82/82/82 24/24/24
f 146/146/146 148/148/148 145/145/145
f 142/142/142 146/146/146 27/27/27
f 148/148/148 146/146/146 142/142/142
f 145/145/145 148/148/148 147/147/147 25/25/25
f 148/148/148 86/86/86 24/24/24 147/147/147
f 142/142/142 26/26/26 86/86/86 148/148/148
f 28/28/28 88/88/88 90/90/90 89/89/89
f 89/89/89 90/90/90 85/85/85 26/26/26
f 144/144/144 142/142/142 27/27/27
f 143/143/143 144/144/144 141/141/141
f 142/142/142 144/144/144 143/143/143
f 143/143/143 89/89/89 26/26/26 142/142/142
f 97/97/97 28/28/28 89/89/89 143/143/143
f 91/91/91 92/92/92 88/88/88 28/28/28
f 98/98/98 91/91/91 28/28/28 97/97/97
f 48/48/48 30/30/30 29/29/29
f 46/46/46 30/30/30 48/48/48
f 102/102/102 48/48/48 29/29/29
f 49/49/49 31/31/31 51/51/51
f 51/51/51 30/30/30 46/46/46
f 31/31/31 49/49/49 54/54/54 32/32/32
f 31/31/31 30/30/30 51/51/51
f 101/101/101 47/47/47 48/48/48 102/102/102
f 104/104/104 47/47/47 101/101/101
f 52/52/52 32/32/32 54/54/54
f 100/100/100 104/104/104 101/101/101
f 52/52/52 57/57/57 32/32/32
f 55/55/55 33/33/33 57/57/57
f 32/32/32 57/57/57 33/33/33
f 33/33/33 55/55/55 60/60/60
f 34/34/34 33/33/33 60/60/60
f 35/35/35 61/61/61 66/66/66 36/36/36
f 34/34/34 58/58/58 63/63/63 35/35/35
f 36/36/36 64/64/64 69/69/69 37/37/37
f 34/34/34 60/60/60 58/58/58
f 35/35/35 63/63/63 61/61/61
f 36/36/36 66/66/66 64/64/64
f 37/37/37 69/69/69 67/67/67
f 67/67/67 72/72/72 37/37/37
f 104/104/104 100/100/100 117/117/117
f 103/103/103 104/104/104 117/117/117
f 128/128/128 103/103/103 123/123/123
f 115/115/115 127/127/127 123/123/123
f 114/114/114 122/122/122 3/3/3
f 114/114/114 3/3/3 127/127/127
f 123/123/123 103/103/103 116/116/116
f 117/117/117 100/100/100 99/99/99
f 116/116/116 103/103/103 117/117/117
f 115/115/115 114/114/114 127/127/127
f 123/123/123 116/116/116 115/115/115
f 113/113/113 122/122/122 114/114/114
f 113/113/113 5/5/5 121/121/121
f 122/122/122 113/113/113 121/121/121
f 112/112/112 120/120/120 5/5/5
f 111/111/111 7/7/7 120/120/120
f 109/109/109 9/9/9 119/119/119
f 107/107/107 11/11/11 118/118/118
f 108/108/108 118/118/118 9/9/9
f 110/110/110 119/119/119 7/7/7
f 111/111/111 120/120/120 112/112/112
f 109/109/109 119/119/119 110/110/110
f 111/111/111 110/110/110 7/7/7
f 108/108/108 107/107/107 118/118/118
f 9/9/9 109/109/109 108/108/108
f 13/13/13 107/107/107 106/106/106
f 15/15/15 13/13/13 106/106/106
f 11/11/11 107/107/107 13/13/13
f 113/113/113 112/112/112 5/5/5
f 70/70/70 38/38/38 72/72/72
f 37/37/37 72/72/72 38/38/38
f 38/38/38 70/70/70 75/75/75
f 39/39/39 38/38/38 75/75/75
f 40/40/40 76/76/76 81/81/81 41/41/41
f 39/39/39 73/73/73 78/78/78 40/40/40
f 41/41/41 79/79/79 84/84/84 42/42/42
f 39/39/39 75/75/75 73/73/73
f 79/79/79 41/41/41 81/81/81
f 76/76/76 40/40/40 78/78/78
f 84/84/84 82/82/82 42/42/42
f 82/82/82 87/87/87 42/42/42
f 43/43/43 42/42/42 87/87/87
f 85/85/85 43/43/43 87/87/87
f 88/88/88 44/44/44 90/90/90
f 90/90/90 43/43/43 85/85/85
f 44/44/44 88/88/88 92/92/92 45/45/45
f 44/44/44 43/43/43 90/90/90
f 130/130/130 97/97/97 143/143/143
f 93/93/93 92/92/92 91/91/91 94/94/94
f 95/95/95 94/94/94 98/98/98
f 91/91/91 98/98/98 94/94/94
f 93/93/93 45/45/45 92/92/92
f 129/129/129 98/98/98 97/97/97
f 140/140/140 17/17/17 15/15/15
f 139/139/139 19/19/19 17/17/17
f 138/138/138 21/21/21 151/151/151
f 136/136/136 23/23/23 150/150/150
f 137/137/137 150/150/150 21/21/21
f 138/138/138 151/151/151 19/19/19
f 15/15/15 105/105/105 140/140/140
f 17/17/17 140/140/140 139/139/139
f 23/23/23 136/136/136 135/135/135
f 21/21/21 138/138/138 137/137/137
f 150/150/150 137/137/137 136/136/136
f 138/138/138 19/19/19 139/139/139
f 135/135/135 149/149/149 23/23/23
f 106/106/106 105/105/105 15/15/15
f 134/134/134 25/25/25 149/149/149
f 133/133/133 145/145/145 25/25/25
f 131/131/131 144/144/144 27/27/27
f 132/132/132 27/27/27 146/146/146
f 132/132/132 146/146/146 145/145/145
f 131/131/131 27/27/27 132/132/132
f 133/133/133 25/25/25 134/134/134
f 132/132/132 145/145/145 133/133/133
f 129/129/129 97/97/97 130/130/130
f 96/96/96 95/95/95 129/129/129
f 130/130/130 143/143/143 141/141/141
f 131/131/131 130/130/130 141/141/141
f 141/141/141 144/144/144 131/131/131
f 135/135/135 134/134/134 149/149/149
f 95/95/95 98/98/98 129/129/129
f 211/211/211 158/158/158 210/210/210
f 211/211/211 212/212/212 157/157/157
f 156/156/156 157/157/157 212/212/212
f 157/157/157 158/158/158 211/211/211
f 208/208/208 209/209/209 160/160/160
f 159/159/159 160/160/160 209/209/209
f 210/210/210 159/159/159 209/209/209
f 159/159/159 210/210/210 158/158/158
f 214/214/214 155/155/155 213/213/213
f 154/154/154 214/214/214 215/215/215
f 215/215/215 184/184/184 153/153/153
f 213/213/213 155/155/155 156/156/156
f 215/215/215 153/153/153 154/154/154
f 154/154/154 155/155/155 214/214/214
f 212/212/212 213/213/213 156/156/156
f 161/161/161 207/207/207 208/208/208
f 207/207/207 161/161/161 162/162/162
f 161/161/161 208/208/208 160/160/160
f 206/206/206 207/207/207 162/162/162
f 163/163/163 205/205/205 206/206/206
f 163/163/163 164/164/164 205/205/205
f 204/204/204 205/205/205 164/164/164
f 163/163/163 206/206/206 162/162/162
f 204/204/204 165/165/165 203/203/203
f 202/202/202 166/166/166 167/167/167
f 203/203/203 165/165/165 166/166/166
f 202/202/202 203/203/203 166/166/166
f 167/167/167 201/201/201 202/202/202
f 201/201/201 168/168/168 200/200/200
f 167/167/167 168/168/168 201/201/201
f 164/164/164 165/165/165 204/204/204
f 184/184/184 152/152/152 153/153/153
f 185/185/185 183/183/183 152/152/152
f 184/184/184 185/185/185 152/152/152
f 186/186/186 183/183/183 185/185/185
f 187/187/187 182/182/182 186/186/186
f 186/186/186 182/182/182 183/183/183
f 181/181/181 188/188/188 180/180/180
f 181/181/181 182/182/182 187/187/187
f 188/188/188 181/181/181 187/187/187
f 179/179/179 180/180/180 189/189/189
f 188/188/188 189/189/189 180/180/180
f 179/179/179 189/189/189 190/190/190
f 178/178/178 179/179/179 190/190/190
f 191/191/191 177/177/177 178/178/178
f 191/191/191 192/192/192 177/177/177
f 176/176/176 177/177/177 192/192/192
f 191/191/191 178/178/178 190/190/190
f 199/199/199 169/169/169 170/170/170
f 197/197/197 171/171/171 172/172/172
f 198/198/198 170/170/170 171/171/171
f 168/168/168 169/169/169 200/200/200
f 200/200/200 169/169/169 199/199/199
f 198/198/198 199/199/199 170/170/170
f 198/198/198 171/171/171 197/197/197
f 197/197/197 172/172/172 196/196/196
f 175/175/175 194/194/194 174/174/174
f 176/176/176 193/193/193 175/175/175
f 193/193/193 176/176/176 192/192/192
f 193/193/193 194/194/194 175/175/175
f 172/172/172 173/173/173 196/196/196
f 195/195/195 196/196/196 173/173/173
f 174/174/174 195/195/195 173/173/173
f 195/195/195 174/174/174 194/194/194
f 238/238/238 234/234/234 233/233/233 237/237/237
f 237/237/237 233/233/233 239/239/239 240/240/240
f 233/233/233 235/235/235 241/241/241 239/239/239
f 234/234/234 236/236/236 235/235/235 233/233/233
f 241/241/241 244/244/244 243/243/243
f 232/232/232 239/239/239 242/242/242
f 239/239/239 243/243/243 242/242/242
f 245/245/245 244/244/244 241/241/241
f 235/235/235 248/248/248 247/247/247
f 246/246/246 241/241/241 247/247/247
f 235/235/235 247/247/247 241/241/241
f 243/243/243 239/239/239 241/241/241
f 245/245/245 241/241/241 246/246/246
f 235/235/235 249/249/249 248/248/248
f 240/240/240 230/230/230 229/229/229
f 227/227/227 240/240/240 228/228/228
f 228/228/228 240/240/240 229/229/229
f 231/231/231 230/230/230 239/239/239
f 230/230/230 240/240/240 239/239/239
f 225/225/225 237/237/237 226/226/226
f 240/240/240 226/226/226 237/237/237
f 224/224/224 237/237/237 225/225/225
f 227/227/227 226/226/226 240/240/240
f 239/239/239 232/232/232 231/231/231
f 250/250/250 235/235/235 251/251/251
f 236/236/236 252/252/252 251/251/251
f 253/253/253 252/252/252 236/236/236
f 251/251/251 235/235/235 236/236/236
f 254/254/254 236/236/236 255/255/255
f 234/234/234 256/256/256 255/255/255
f 255/255/255 236/236/236 234/234/234
f 254/254/254 253/253/253 236/236/236
f 216/216/216 256/256/256 234/234/234
f 222/222/222 238/238/238 237/237/237
f 218/218/218 234/234/234 238/238/238
f 237/237/237 224/224/224 223/223/223
f 223/223/223 222/222/222 237/237/237
f 222/222/222 221/221/221 238/238/238
f 219/219/219 218/218/218 238/238/238
f 238/238/238 221/221/221 220/220/220
f 220/220/220 219/219/219 238/238/238
f 217/217/217 234/234/234 218/218/218
f 217/217/217 216/216/216 234/234/234
f 235/235/235 250/250/250 249/249/249
f 279/279/279 278/278/278 274/274/274
f 278/278/278 277/277/277 276/276/276
f 280/280/280 279/279/279 274/274/274
f 282/282/282 281/281/281 272/272/272
f 270/270/270 284/284/284 283/283/283
f 282/282/282 271/271/271 283/283/283
f 281/281/281 280/280/280 273/273/273
f 285/285/285 284/284/284 269/269/269
f 275/275/275 276/276/276 257/257/257
f 278/278/278 276/276/276 275/275/275
f 278/278/278 275/275/275 274/274/274
f 273/273/273 280/280/280 274/274/274
f 271/271/271 282/282/282 272/272/272
f 270/270/270 283/283/283 271/271/271
f 273/273/273 272/272/272 281/281/281
f 270/270/270 269/269/269 284/284/284
f 269/269/269 258/258/258 285/285/285
f 287/287/287 286/286/286 268/268/268
f 289/289/289 288/288/288 266/266/266
f 288/288/288 287/287/287 267/267/267
f 291/291/291 290/290/290 264/264/264
f 261/261/261 260/260/260 292/292/292
f 263/263/263 292/292/292 291/291/291
f 265/265/265 290/290/290 289/289/289
f 262/262/262 261/261/261 292/292/292
f 286/286/286 258/258/258 268/268/268
f 288/288/288 267/267/267 266/266/266
f 267/267/267 287/287/287 268/268/268
f 290/290/290 265/265/265 264/264/264
f 292/292/292 263/263/263 262/262/262
f 261/261/261 262/262/262 259/259/259
f 263/263/263 291/291/291 264/264/264
f 265/265/265 289/289/289 266/266/266
f 285/285/285 258/258/258 286/286/286
f 332/332/332 314/314/314 310/310/310 331/331/331
f 331/331/331 310/310/310 312/312/312 333/333/333
f 310/310/310 311/311/311 313/313/313 312/312/312
f 314/314/314 315/315/315 311/311/311 310/310/310
f 313/313/313 297/297/297 296/296/296
f 296/296/296 295/295/295 313/313/313
f 295/295/295 294/294/294 312/312/312
f 297/297/297 313/313/313 298/298/298
f 311/311/311 301/301/301 300/300/300
f 311/311/311 299/299/299 313/313/313
f 298/298/298 313/313/313 299/299/299
f 300/300/300 299/299/299 311/311/311
f 313/313/313 295/295/295 312/312/312
f 311/311/311 302/302/302 301/301/301
f 312/312/312 330/330/330 329/329/329
f 327/327/327 333/333/333 328/328/328
f 328/328/328 333/333/333 329/329/329
f 293/293/293 330/330/330 312/312/312
f 327/327/327 326/326/326 333/333/333
f 326/326/326 325/325/325 333/333/333
f 331/331/331 325/325/325 324/324/324
f 331/331/331 333/333/333 325/325/325
f 312/312/312 329/329/329 333/333/333
f 312/312/312 294/294/294 293/293/293
f 311/311/311 315/315/315 303/303/303
f 307/307/307 315/315/315 314/314/314
f 303/303/303 315/315/315 304/304/304
f 304/304/304 315/315/315 305/305/305
f 306/306/306 315/315/315 307/307/307
f 314/314/314 309/309/309 308/308/308
f 308/308/308 307/307/307 314/314/314
f 305/305/305 315/315/315 306/306/306
f 316/316/316 309/309/309 314/314/314
f 321/321/321 332/332/332 331/331/331
f 323/323/323 322/322/322 331/331/331
f 321/321/321 331/331/331 322/322/322
f 321/321/321 320/320/320 332/332/332
f 324/324/324 323/323/323 331/331/331
f 332/332/332 318/318/318 317/317/317
f 320/320/320 319/319/319 332/332/332
f 319/319/319 318/318/318 332/332/332
f 332/332/332 317/317/317 314/314/314
f 314/314/314 317/317/317 316/316/316
f 303/303/303 302/302/302 311/311/311
f 356/356/356 355/355/355 351/351/351
f 355/355/355 354/354/354 353/353/353
f 357/357/357 356/356/356 351/351/351
f 359/359/359 358/358/358 349/349/349
f 347/347/347 361/361/361 360/360/360
f 359/359/359 348/348/348 360/360/360
f 358/358/358 357/357/357 350/350/350
f 362/362/362 361/361/361 346/346/346
f 352/352/352 353/353/353 334/334/334
f 355/355/355 353/353/353 352/352/352
f 355/355/355 352/352/352 351/351/351
f 350/350/350 357/357/357 351/351/351
f 348/348/348 359/359/359 349/349/349
f 347/347/347 360/360/360 348/348/348
f 350/350/350 349/349/349 358/358/358
f 347/347/347 346/346/346 361/361/361
f 346/346/346 345/345/345 362/362/362
f 364/364/364 363/363/363 344/344/344
f 366/366/366 365/365/365 342/342/342
f 365/365/365 364/364/364 343/343/343
f 368/368/368 367/367/367 340/340/340
f 336/336/336 335/335/335 369/369/369
f 339/339/339 369/369/369 368/368/368
f 341/341/341 367/367/367 366/366/366
f 338/338/338 336/336/336 369/369/369
f 363/363/363 345/345/345 344/344/344
f 365/365/365 343/343/343 342/342/342
f 343/343/343 364/364/364 344/344/344
f 367/367/367 341/341/341 340/340/340
f 369/369/369 339/339/339 338/338/338
f 336/336/336 338/338/338 337/337/337
f 339/339/339 368/368/368 340/340/340
f 341/341/341 366/366/366 342/342/342
f 362/362/362 345/345/345 363/363/363
f 397/397/397 396/396/396 372/372/372 373/373/373
f 398/398/398 397/397/397 373/373/373 374/374/374
f 399/399/399 398/398/398 374/374/374 375/375/375
f 400/400/400 399/399/399 375/375/375 376/376/376
f 401/401/401 400/400/400 376/376/376 377/377/377
f 402/402/402 401/401/401 377/377/377 378/378/378
f 403/403/403 402/402/402 378/378/378 379/379/379
f 404/404/404 403/403/403 379/379/379 380/380/380
f 405/405/405 404/404/404 380/380/380 381/381/381
f 406/406/406 405/405/405 381/381/381 382/382/382
f 407/407/407 406/406/406 382/382/382 383/383/383
f 411/411/411 410/410/410 384/384/384 385/385/385
f 412/412/412 411/411/411 385/385/385 386/386/386
f 413/413/413 412/412/412 386/386/386 387/387/387
f 414/414/414 413/413/413 387/387/387 388/388/388
f 415/415/415 414/414/414 388/388/388 389/389/389
f 416/416/416 415/415/415 389/389/389 390/390/390
f 417/417/417 416/416/416 390/390/390 391/391/391
f 418/418/418 417/417/417 391/391/391 392/392/392
f 419/419/419 418/418/418 392/392/392 393/393/393
f 420/420/420 419/419/419 393/393/393 394/394/394
f 421/421/421 420/420/420 394/394/394 395/395/395
f 423/423/423 422/422/422 396/396/396 397/397/397
f 424/424/424 423/423/423 397/397/397 398/398/398
f 425/425/425 424/424/424 398/398/398 399/399/399
f 426/426/426 425/425/425 399/399/399 400/400/400
f 427/427/427 426/426/426 400/400/400 401/401/401
f 428/428/428 427/427/427 401/401/401 402/402/402
f 429/429/429 428/428/428 402/402/402 403/403/403
f 430/430/430 429/429/429 403/403/403 404/404/404
f 431/431/431 430/430/430 404/404/404 405/405/405
f 432/432/432 431/431/431 405/405/405 406/406/406
f 433/433/433 432/432/432 406/406/406 407/407/407
f 434/434/434 433/433/433 407/407/407 408/408/408
f 436/436/436 435/435/435 409/409/409 410/410/410
f 437/437/437 436/436/436 410/410/410 411/411/411
f 438/438/438 437/437/437 411/411/411 412/412/412
f 439/439/439 438/438/438 412/412/412 413/413/413
f 440/440/440 439/439/439 413/413/413 414/414/414
f 441/441/441 440/440/440 414/414/414 415/415/415
f 442/442/442 441/441/441 415/415/415 416/416/416
f 443/443/443 442/442/442 416/416/416 417/417/417
f 444/444/444 443/443/443 417/417/417 418/418/418
f 445/445/445 444/444/444 418/418/418 419/419/419
f 446/446/446 445/445/445 419/419/419 420/420/420
f 447/447/447 446/446/446 420/420/420 421/421/421
f 449/449/449 448/448/448 422/422/422 423/423/423
f 450/450/450 449/449/449 423/423/423 424/424/424
f 451/451/451 450/450/450 424/424/424 425/425/425
f 452/452/452 451/451/451 425/425/425 426/426/426
f 453/453/453 452/452/452 426/426/426 427/427/427
f 454/454/454 453/453/453 427/427/427 428/428/428
f 455/455/455 454/454/454 428/428/428 429/429/429
f 456/456/456 455/455/455 429/429/429 430/430/430
f 457/457/457 456/456/456 430/430/430 431/431/431
f 458/458/458 457/457/457 431/431/431 432/432/432
f 459/459/459 458/458/458 432/432/432 433/433/433
f 460/460/460 459/459/459 433/433/433 434/434/434
f 462/462/462 461/461/461 435/435/435 436/436/436
f 463/463/463 462/462/462 436/436/436 437/437/437
f 464/464/464 463/463/463 437/437/437 438/438/438
f 465/465/465 464/464/464 438/438/438 439/439/439
f 466/466/466 465/465/465 439/439/439 440/440/440
f 467/467/467 466/466/466 440/440/440 441/441/441
f 468/468/468 467/467/467 441/441/441 442/442/442
f 469/469/469 468/468/468 442/442/442 443/443/443
f 470/470/470 469/469/469 443/443/443 444/444/444
f 471/471/471 470/470/470 444/444/444 445/445/445
f 472/472/472 471/471/471 445/445/445 446/446/446
f 473/473/473 472/472/472 446/446/446 447/447/447
f 475/475/475 474/474/474 448/448/448 449/449/449
f 476/476/476 475/475/475 449/449/449 450/450/450
f 477/477/477 476/476/476 450/450/450 451/451/451
f 478/478/478 477/477/477 451/451/451 452/452/452
f 479/479/479 478/478/478 452/452/452 453/453/453
f 480/480/480 479/479/479 453/453/453 454/454/454
f 481/481/481 480/480/480 454/454/454 455/455/455
f 482/482/482 481/481/481 455/455/455 456/456/456
f 483/483/483 482/482/482 456/456/456 457/457/457
f 484/484/484 483/483/483 457/457/457 458/458/458
f 485/485/485 484/484/484 458/458/458 459/459/459
f 486/486/486 485/485/485 459/459/459 460/460/460
f 490/490/490 489/489/489 461/461/461 462/462/462
f 491/491/491 490/490/490 462/462/462 463/463/463
f 492/492/492 491/491/491 463/463/463 464/464/464
f 493/493/493 492/492/492 464/464/464 465/465/465
f 494/494/494 493/493/493 465/465/465 466/466/466
f 495/495/495 494/494/494 466/466/466 467/467/467
f 496/496/496 495/495/495 467/467/467 468/468/468
f 497/497/497 496/496/496 468/468/468 469/469/469
f 498/498/498 497/497/497 469/469/469 470/470/470
f 499/499/499 498/498/498 470/470/470 471/471/471
f 500/500/500 499/499/499 471/471/471 472/472/472
f 501/501/501 500/500/500 472/472/472 473/473/473
f 503/503/503 502/502/502 474/474/474 475/475/475
f 504/504/504 503/503/503 475/475/475 476/476/476
f 505/505/505 504/504/504 476/476/476 477/477/477
f 506/506/506 505/505/505 477/477/477 478/478/478
f 507/507/507 506/506/506 478/478/478 479/479/479
f 508/508/508 507/507/507 479/479/479 480/480/480
f 509/509/509 508/508/508 480/480/480 481/481/481
f 510/510/510 509/509/509 481/481/481 482/482/482
f 511/511/511 510/510/510 482/482/482 483/483/483
f 512/512/512 511/511/511 483/483/483 484/484/484
f 513/513/513 512/512/512 484/484/484 485/485/485
f 514/514/514 513/513/513 485/485/485 486/486/486
f 515/515/515 514/514/514 486/486/486 487/487/487
f 517/517/517 516/516/516 488/488/488 489/489/489
f 518/518/518 517/517/517 489/489/489 490/490/490
f 519/519/519 518/518/518 490/490/490 491/491/491
f 520/520/520 519/519/519 491/491/491 492/492/492
f 521/521/521 520/520/520 492/492/492 493/493/493
f 522/522/522 521/521/521 493/493/493 494/494/494
f 523/523/523 522/522/522 494/494/494 495/495/495
f 524/524/524 523/523/523 495/495/495 496/496/496
f 525/525/525 524/524/524 496/496/496 497/497/497
f 526/526/526 525/525/525 497/497/497 498/498/498
f 527/527/527 526/526/526 498/498/498 499/499/499
f 528/528/528 527/527/527 499/499/499 500/500/500
f 529/529/529 528/528/528 500/500/500 501/501/501
f 531/531/531 530/530/530 502/502/502 503/503/503
f 532/532/532 531/531/531 503/503/503 504/504/504
f 533/533/533 532/532/532 504/504/504 505/505/505
f 534/534/534 533/533/533 505/505/505 506/506/506
f 535/535/535 534/534/534 506/506/506 507/507/507
f 536/536/536 535/535/535 507/507/507 508/508/508
f 537/537/537 536/536/536 508/508/508 509/509/509
f 538/538/538 537/537/537 509/509/509 510/510/510
f 539/539/539 538/538/538 510/510/510 511/511/511
f 540/540/540 539/539/539 511/511/511 512/512/512
f 541/541/541 540/540/540 512/512/512 513/513/513
f 542/542/542 541/541/541 513/513/513 514/514/514
f 543/543/543 542/542/542 514/514/514 515/515/515
f 547/547/547 546/546/546 516/516/516 517/517/517
f 548/548/548 547/547/547 517/517/517 518/518/518
f 549/549/549 548/548/548 518/518/518 519/519/519
f 550/550/550 549/549/549 519/519/519 520/520/520
f 551/551/551 550/550/550 520/520/520 521/521/521
f 552/552/552 551/551/551 521/521/521 522/522/522
f 553/553/553 552/552/552 522/522/522 523/523/523
f 554/554/554 553/553/553 523/523/523 524/524/524
f 555/555/555 554/554/554 524/524/524 525/525/525
f 556/556/556 555/555/555 525/525/525 526/526/526
f 557/557/557 556/556/556 526/526/526 527/527/527
f 558/558/558 557/557/557 527/527/527 528/528/528
f 559/559/559 558/558/558 528/528/528 529/529/529
f 561/561/561 560/560/560 530/530/530 531/531/531
f 562/562/562 561/561/561 531/531/531 532/532/532
f 563/563/563 562/562/562 532/532/532 533/533/533
f 564/564/564 563/563/563 533/533/533 534/534/534
f 565/565/565 564/564/564 534/534/534 535/535/535
f 566/566/566 565/565/565 535/535/535 536/536/536
f 567/567/567 566/566/566 536/536/536 537/537/537
f 568/568/568 567/567/567 537/537/537 538/538/538
f 569/569/569 568/568/568 538/538/538 539/539/539
f 570/570/570 569/569/569 539/539/539 540/540/540
f 571/571/571 570/570/570 540/540/540 541/541/541
f 572/572/572 571/571/571 541/541/541 542/542/542
f 573/573/573 572/572/572 542/542/542 543/543/543
f 574/574/574 573/573/573 543/543/543 544/544/544
f 576/576/576 575/575/575 545/545/545 546/546/546
f 577/577/577 576/576/576 546/546/546 547/547/547
f 578/578/578 577/577/577 547/547/547 548/548/548
f 579/579/579 578/578/578 548/548/548 549/549/549
f 580/580/580 579/579/579 549/549/549 550/550/550
f 581/581/581 580/580/580 550/550/550 551/551/551
f 582/582/582 581/581/581 551/551/551 552/552/552
f 583/583/583 582/582/582 552/552/552 553/553/553
f 584/584/584 583/583/583 553/553/553 554/554/554
f 585/585/585 584/584/584 554/554/554 555/555/555
f 586/586/586 585/585/585 555/555/555 556/556/556
f 587/587/587 586/586/586 556/556/556 557/557/557
f 588/588/588 587/587/587 557/557/557 558/558/558
f 589/589/589 588/588/588 558/558/558 559/559/559
f 591/591/591 590/590/590 560/560/560 561/561/561
f 592/592/592 591/591/591 561/561/561 562/562/562
f 593/593/593 592/592/592 562/562/562 563/563/563
f 594/594/594 593/593/593 563/563/563 564/564/564
f 595/595/595 594/594/594 564/564/564 565/565/565
f 596/596/596 595/595/595 565/565/565 566/566/566
f 597/597/597 596/596/596 566/566/566 567/567/567
f 598/598/598 597/597/597 567/567/567 568/568/568
f 599/599/599 598/598/598 568/568/568 569/569/569
f 600/600/600 599/599/599 569/569/569 570/570/570
f 601/601/601 600/600/600 570/570/570 571/571/571
f 602/602/602 601/601/601 571/571/571 572/572/572
f 603/603/603 602/602/602 572/572/572 573/573/573
f 604/604/604 603/603/603 573/573/573 574/574/574
f 574/574/574 605/605/605 604/604/604
f 605/605/605 575/575/575 606/606/606
f 607/607/607 606/606/606 575/575/575 576/576/576
f 608/608/608 607/607/607 576/576/576 577/577/577
f 609/609/609 608/608/608 577/577/577 578/578/578
f 610/610/610 609/609/609 578/578/578 579/579/579
f 611/611/611 610/610/610 579/579/579 580/580/580
f 612/612/612 611/611/611 580/580/580 581/581/581
f 613/613/613 612/612/612 581/581/581 582/582/582
f 614/614/614 613/613/613 582/582/582 583/583/583
f 615/615/615 614/614/614 583/583/583 584/584/584
f 616/616/616 615/615/615 584/584/584 585/585/585
f 617/617/617 616/616/616 585/585/585 586/586/586
f 618/618/618 617/617/617 586/586/586 587/587/587
f 619/619/619 618/618/618 587/587/587 588/588/588
f 620/620/620 619/619/619 588/588/588 589/589/589
f 622/622/622 621/621/621 590/590/590 591/591/591
f 623/623/623 622/622/622 591/591/591 592/592/592
f 624/624/624 623/623/623 592/592/592 593/593/593
f 625/625/625 624/624/624 593/593/593 594/594/594
f 626/626/626 625/625/625 594/594/594 595/595/595
f 627/627/627 626/626/626 595/595/595 596/596/596
f 628/628/628 627/627/627 596/596/596 597/597/597
f 629/629/629 628/628/628 597/597/597 598/598/598
f 630/630/630 629/629/629 598/598/598 599/599/599
f 631/631/631 630/630/630 599/599/599 600/600/600
f 632/632/632 631/631/631 600/600/600 601/601/601
f 633/633/633 632/632/632 601/601/601 602/602/602
f 634/634/634 633/633/633 602/602/602 603/603/603
f 635/635/635 634/634/634 603/603/603 604/604/604
f 636/636/636 635/635/635 604/604/604 605/605/605
f 637/637/637 636/636/636 605/605/605 606/606/606
f 638/638/638 637/637/637 606/606/606 607/607/607
f 639/639/639 638/638/638 607/607/607 608/608/608
f 640/640/640 639/639/639 608/608/608 609/609/609
f 641/641/641 640/640/640 609/609/609 610/610/610
f 642/642/642 641/641/641 610/610/610 611/611/611
f 643/643/643 642/642/642 611/611/611 612/612/612
f 644/644/644 643/643/643 612/612/612 613/613/613
f 645/645/645 644/644/644 613/613/613 614/614/614
f 646/646/646 645/645/645 614/614/614 615/615/615
f 647/647/647 646/646/646 615/615/615 616/616/616
f 648/648/648 647/647/647 616/616/616 617/617/617
f 649/649/649 648/648/648 617/617/617 618/618/618
f 650/650/650 649/649/649 618/618/618 619/619/619
f 651/651/651 650/650/650 619/619/619 620/620/620
f 653/653/653 652/652/652 621/621/621 622/622/622
f 654/654/654 653/653/653 622/622/622 623/623/623
f 655/655/655 654/654/654 623/623/623 624/624/624
f 656/656/656 655/655/655 624/624/624 625/625/625
f 657/657/657 656/656/656 625/625/625 626/626/626
f 658/658/658 657/657/657 626/626/626 627/627/627
f 659/659/659 658/658/658 627/627/627 628/628/628
f 660/660/660 659/659/659 628/628/628 629/629/629
f 661/661/661 660/660/660 629/629/629 630/630/630
f 662/662/662 661/661/661 630/630/630 631/631/631
f 663/663/663 662/662/662 631/631/631 632/632/632
f 664/664/664 663/663/663 632/632/632 633/633/633
f 665/665/665 664/664/664 633/633/633 634/634/634
f 666/666/666 665/665/665 634/634/634 635/635/635
f 667/667/667 666/666/666 635/635/635 636/636/636
f 668/668/668 667/667/667 636/636/636 637/637/637
f 669/669/669 668/668/668 637/637/637 638/638/638
f 670/670/670 669/669/669 638/638/638 639/639/639
f 671/671/671 670/670/670 639/639/639 640/640/640
f 672/672/672 671/671/671 640/640/640 641/641/641
f 673/673/673 672/672/672 641/641/641 642/642/642
f 674/674/674 673/673/673 642/642/642 643/643/643
f 675/675/675 674/674/674 643/643/643 644/644/644
f 676/676/676 675/675/675 644/644/644 645/645/645
f 677/677/677 676/676/676 645/645/645 646/646/646
f 678/678/678 677/677/677 646/646/646 647/647/647
f 679/679/679 678/678/678 647/647/647 648/648/648
f 680/680/680 679/679/679 648/648/648 649/649/649
f 681/681/681 680/680/680 649/649/649 650/650/650
f 682/682/682 681/681/681 650/650/650 651/651/651
f 684/684/684 683/683/683 652/652/652 653/653/653
f 685/685/685 684/684/684 653/653/653 654/654/654
f 686/686/686 685/685/685 654/654/654 655/655/655
f 687/687/687 686/686/686 655/655/655 656/656/656
f 688/688/688 687/687/687 656/656/656 657/657/657
f 689/689/689 688/688/688 657/657/657 658/658/658
f 690/690/690 689/689/689 658/658/658 659/659/659
f 691/691/691 690/690/690 659/659/659 660/660/660
f 692/692/692 691/691/691 660/660/660 661/661/661
f 693/693/693 692/692/692 661/661/661 662/662/662
f 694/694/694 693/693/693 662/662/662 663/663/663
f 695/695/695 694/694/694 663/663/663 664/664/664
f 696/696/696 695/695/695 664/664/664 665/665/665
f 697/697/697 696/696/696 665/665/665 666/666/666
f 698/698/698 697/697/697 666/666/666 667/667/667
f 699/699/699 698/698/698 667/667/667 668/668/668
f 700/700/700 699/699/699 668/668/668 669/669/669
f 701/701/701 700/700/700 669/669/669 670/670/670
f 702/702/702 701/701/701 670/670/670 671/671/671
f 703/703/703 702/702/702 671/671/671 672/672/672
f 704/704/704 703/703/703 672/672/672 673/673/673
f 705/705/705 704/704/704 673/673/673 674/674/674
f 706/706/706 705/705/705 674/674/674 675/675/675
f 707/707/707 706/706/706 675/675/675 676/676/676
f 708/708/708 707/707/707 676/676/676 677/677/677
f 709/709/709 708/708/708 677/677/677 678/678/678
f 710/710/710 709/709/709 678/678/678 679/679/679
f 711/711/711 710/710/710 679/679/679 680/680/680
f 712/712/712 711/711/711 680/680/680 681/681/681
f 713/713/713 712/712/712 681/681/681 682/682/682
f 715/715/715 714/714/714 683/683/683 684/684/684
f 716/716/716 715/715/715 684/684/684 685/685/685
f 717/717/717 716/716/716 685/685/685 686/686/686
f 718/718/718 717/717/717 686/686/686 687/687/687
f 719/719/719 718/718/718 687/687/687 688/688/688
f 720/720/720 719/719/719 688/688/688 689/689/689
f 721/721/721 720/720/720 689/689/689 690/690/690
f 722/722/722 721/721/721 690/690/690 691/691/691
f 723/723/723 722/722/722 691/691/691 692/692/692
f 724/724/724 723/723/723 692/692/692 693/693/693
f 725/725/725 724/724/724 693/693/693 694/694/694
f 726/726/726 725/725/725 694/694/694 695/695/695
f 727/727/727 726/726/726 695/695/695 696/696/696
f 728/728/728 727/727/727 696/696/696 697/697/697
f 729/729/729 728/728/728 697/697/697 698/698/698
f 730/730/730 729/729/729 698/698/698 699/699/699
f 731/731/731 730/730/730 699/699/699 700/700/700
f 732/732/732 731/731/731 700/700/700 701/701/701
f 733/733/733 732/732/732 701/701/701 702/702/702
f 734/734/734 733/733/733 702/702/702 703/703/703
f 735/735/735 734/734/734 703/703/703 704/704/704
f 736/736/736 735/735/735 704/704/704 705/705/705
f 737/737/737 736/736/736 705/705/705 706/706/706
f 738/738/738 737/737/737 706/706/706 707/707/707
f 739/739/739 738/738/738 707/707/707 708/708/708
f 740/740/740 739/739/739 708/708/708 709/709/709
f 741/741/741 740/740/740 709/709/709 710/710/710
f 742/742/742 741/741/741 710/710/710 711/711/711
f 743/743/743 742/742/742 711/711/711 712/712/712
f 744/744/744 743/743/743 712/712/712 713/713/713
f 746/746/746 745/745/745 714/714/714 715/715/715
f 747/747/747 746/746/746 715/715/715 716/716/716
f 748/748/748 747/747/747 716/716/716 717/717/717
f 749/749/749 748/748/748 717/717/717 718/718/718
f 750/750/750 749/749/749 718/718/718 719/719/719
f 751/751/751 750/750/750 719/719/719 720/720/720
f 752/752/752 751/751/751 720/720/720 721/721/721
f 753/753/753 752/752/752 721/721/721 722/722/722
f 754/754/754 753/753/753 722/722/722 723/723/723
f 755/755/755 754/754/754 723/723/723 724/724/724
f 756/756/756 755/755/755 724/724/724 725/725/725
f 757/757/757 756/756/756 725/725/725 726/726/726
f 758/758/758 757/757/757 726/726/726 727/727/727
f 759/759/759 758/758/758 727/727/727 728/728/728
f 760/760/760 759/759/759 728/728/728 729/729/729
f 761/761/761 760/760/760 729/729/729 730/730/730
f 762/762/762 761/761/761 730/730/730 731/731/731
f 763/763/763 762/762/762 731/731/731 732/732/732
f 764/764/764 763/763/763 732/732/732 733/733/733
f 765/765/765 764/764/764 733/733/733 734/734/734
f 766/766/766 765/765/765 734/734/734 735/735/735
f 767/767/767 766/766/766 735/735/735 736/736/736
f 768/768/768 767/767/767 736/736/736 737/737/737
f 769/769/769 768/768/768 737/737/737 738/738/738
f 770/770/770 769/769/769 738/738/738 739/739/739
f 771/771/771 770/770/770 739/739/739 740/740/740
f 772/772/772 771/771/771 740/740/740 741/741/741
f 773/773/773 772/772/772 741/741/741 742/742/742
f 774/774/774 773/773/773 742/742/742 743/743/743
f 775/775/775 774/774/774 743/743/743 744/744/744
f 777/777/777 776/776/776 745/745/745 746/746/746
f 778/778/778 777/777/777 746/746/746 747/747/747
f 779/779/779 778/778/778 747/747/747 748/748/748
f 780/780/780 779/779/779 748/748/748 749/749/749
f 781/781/781 780/780/780 749/749/749 750/750/750
f 782/782/782 781/781/781 750/750/750 751/751/751
f 783/783/783 782/782/782 751/751/751 752/752/752
f 784/784/784 783/783/783 752/752/752 753/753/753
f 785/785/785 784/784/784 753/753/753 754/754/754
f 786/786/786 785/785/785 754/754/754 755/755/755
f 787/787/787 786/786/786 755/755/755 756/756/756
f 788/788/788 787/787/787 756/756/756 757/757/757
f 789/789/789 788/788/788 757/757/757 758/758/758
f 790/790/790 789/789/789 758/758/758 759/759/759
f 791/791/791 790/790/790 759/759/759 760/760/760
f 792/792/792 791/791/791 760/760/760 761/761/761
f 793/793/793 792/792/792 761/761/761 762/762/762
f 794/794/794 793/793/793 762/762/762 763/763/763
f 795/795/795 794/794/794 763/763/763 764/764/764
f 796/796/796 795/795/795 764/764/764 765/765/765
f 797/797/797 796/796/796 765/765/765 766/766/766
f 798/798/798 797/797/797 766/766/766 767/767/767
f 799/799/799 798/798/798 767/767/767 768/768/768
f 800/800/800 799/799/799 768/768/768 769/769/769
f 801/801/801 800/800/800 769/769/769 770/770/770
f 802/802/802 801/801/801 770/770/770 771/771/771
f 803/803/803 802/802/802 771/771/771 772/772/772
f 804/804/804 803/803/803 772/772/772 773/773/773
f 805/805/805 804/804/804 773/773/773 774/774/774
f 806/806/806 805/805/805 774/774/774 775/775/775
f 882/882/882 370/370/370 946/946/946
f 372/372/372 946/946/946 945/945/945
f 944/944/944 943/943/943 373/373/373
f 942/942/942 941/941/941 374/374/374
f 373/373/373 943/943/943 942/942/942
f 944/944/944 372/372/372 945/945/945
f 940/940/940 939/939/939 375/375/375
f 940/940/940 374/374/374 941/941/941
f 882/882/882 372/372/372 396/396/396 883/883/883
f 372/372/372 882/882/882 946/946/946
f 375/375/375 939/939/939 938/938/938
f 938/938/938 937/937/937 376/376/376
f 936/936/936 935/935/935 377/377/377
f 376/376/376 937/937/937 936/936/936
f 934/934/934 377/377/377 935/935/935
f 378/378/378 934/934/934 933/933/933
f 378/378/378 933/933/933 932/932/932
f 930/930/930 929/929/929 380/380/380
f 928/928/928 927/927/927 381/381/381
f 380/380/380 929/929/929 928/928/928
f 931/931/931 379/379/379 932/932/932
f 926/926/926 925/925/925 382/382/382
f 924/924/924 923/923/923 383/383/383
f 382/382/382 925/925/925 924/924/924
f 383/383/383 922/922/922 880/880/880
f 922/922/922 881/881/881 880/880/880
f 923/923/923 922/922/922 383/383/383
f 927/927/927 926/926/926 381/381/381
f 931/931/931 930/930/930 379/379/379
f 372/372/372 944/944/944 373/373/373
f 942/942/942 374/374/374 373/373/373
f 940/940/940 375/375/375 374/374/374
f 936/936/936 377/377/377 376/376/376
f 932/932/932 379/379/379 378/378/378
f 934/934/934 378/378/378 377/377/377
f 938/938/938 376/376/376 375/375/375
f 883/883/883 396/396/396 422/422/422 884/884/884
f 885/885/885 448/448/448 474/474/474 886/886/886
f 884/884/884 422/422/422 448/448/448 885/885/885
f 886/886/886 474/474/474 502/502/502 887/887/887
f 928/928/928 381/381/381 380/380/380
f 924/924/924 383/383/383 382/382/382
f 926/926/926 382/382/382 381/381/381
f 880/880/880 879/879/879 947/947/947
f 878/878/878 947/947/947 879/879/879
f 878/878/878 408/408/408 947/947/947
f 947/947/947 408/408/408 407/407/407 383/383/383
f 880/880/880 947/947/947 383/383/383
f 878/878/878 877/877/877 408/408/408
f 408/408/408 877/877/877 876/876/876
f 434/434/434 408/408/408 876/876/876
f 460/460/460 434/434/434 875/875/875
f 434/434/434 876/876/876 875/875/875
f 460/460/460 874/874/874 873/873/873
f 874/874/874 460/460/460 875/875/875
f 486/486/486 873/873/873 872/872/872
f 460/460/460 873/873/873 486/486/486
f 930/930/930 380/380/380 379/379/379
f 856/856/856 855/855/855 921/921/921
f 384/384/384 921/921/921 920/920/920
f 919/919/919 918/918/918 385/385/385
f 917/917/917 916/916/916 386/386/386
f 385/385/385 918/918/918 917/917/917
f 919/919/919 384/384/384 920/920/920
f 386/386/386 916/916/916 915/915/915
f 856/856/856 921/921/921 384/384/384
f 856/856/856 384/384/384 948/948/948
f 948/948/948 409/409/409 858/858/858
f 948/948/948 857/857/857 856/856/856
f 387/387/387 915/915/915 914/914/914
f 914/914/914 913/913/913 387/387/387
f 912/912/912 911/911/911 388/388/388
f 388/388/388 913/913/913 912/912/912
f 910/910/910 389/389/389 911/911/911
f 389/389/389 910/910/910 909/909/909
f 907/907/907 906/906/906 391/391/391
f 908/908/908 390/390/390 909/909/909
f 905/905/905 904/904/904 392/392/392
f 903/903/903 902/902/902 393/393/393
f 392/392/392 904/904/904 903/903/903
f 391/391/391 906/906/906 905/905/905
f 901/901/901 900/900/900 394/394/394
f 899/899/899 898/898/898 395/395/395
f 394/394/394 900/900/900 899/899/899
f 395/395/395 897/897/897 854/854/854
f 897/897/897 371/371/371 854/854/854
f 898/898/898 897/897/897 395/395/395
f 902/902/902 901/901/901 393/393/393
f 907/907/907 390/390/390 908/908/908
f 919/919/919 385/385/385 384/384/384
f 409/409/409 859/859/859 858/858/858
f 384/384/384 410/410/410 409/409/409 948/948/948
f 917/917/917 386/386/386 385/385/385
f 860/860/860 859/859/859 409/409/409
f 858/858/858 857/857/857 948/948/948
f 461/461/461 863/863/863 862/862/862
f 489/489/489 863/863/863 461/461/461
f 409/409/409 435/435/435 860/860/860
f 861/861/861 860/860/860 435/435/435
f 435/435/435 461/461/461 861/861/861
f 862/862/862 861/861/861 461/461/461
f 913/913/913 388/388/388 387/387/387
f 909/909/909 390/390/390 389/389/389
f 911/911/911 389/389/389 388/388/388
f 905/905/905 392/392/392 391/391/391
f 901/901/901 394/394/394 393/393/393
f 903/903/903 393/393/393 392/392/392
f 907/907/907 391/391/391 390/390/390
f 395/395/395 854/854/854 853/853/853 421/421/421
f 447/447/447 852/852/852 851/851/851 473/473/473
f 421/421/421 853/853/853 852/852/852 447/447/447
f 850/850/850 501/501/501 473/473/473 851/851/851
f 899/899/899 395/395/395 394/394/394
f 864/864/864 863/863/863 489/489/489
f 915/915/915 387/387/387 386/386/386
f 887/887/887 502/502/502 530/530/530 888/888/888
f 888/888/888 530/530/530 560/560/560 889/889/889
f 590/590/590 890/890/890 889/889/889 560/560/560
f 891/891/891 621/621/621 652/652/652 892/892/892
f 892/892/892 652/652/652 683/683/683 893/893/893
f 621/621/621 891/891/891 890/890/890 590/590/590
f 894/894/894 714/714/714 745/745/745 895/895/895
f 893/893/893 683/683/683 714/714/714 894/894/894
f 895/895/895 745/745/745 776/776/776 896/896/896
f 871/871/871 515/515/515 487/487/487
f 872/872/872 487/487/487 486/486/486
f 870/870/870 515/515/515 871/871/871
f 870/870/870 544/544/544 543/543/543
f 870/870/870 543/543/543 515/515/515
f 869/869/869 544/544/544 870/870/870
f 574/574/574 869/869/869 868/868/868
f 869/869/869 574/574/574 544/544/544
f 575/575/575 605/605/605 574/574/574
f 776/776/776 809/809/809 896/896/896
f 778/778/778 811/811/811 810/810/810 777/777/777
f 807/807/807 896/896/896 809/809/809
f 779/779/779 812/812/812 811/811/811 778/778/778
f 780/780/780 813/813/813 812/812/812 779/779/779
f 782/782/782 815/815/815 814/814/814 781/781/781
f 781/781/781 814/814/814 813/813/813 780/780/780
f 809/809/809 776/776/776 777/777/777 810/810/810
f 815/815/815 782/782/782 783/783/783 816/816/816
f 784/784/784 817/817/817 816/816/816 783/783/783
f 786/786/786 819/819/819 818/818/818 785/785/785
f 785/785/785 818/818/818 817/817/817 784/784/784
f 788/788/788 821/821/821 820/820/820 787/787/787
f 790/790/790 823/823/823 822/822/822 789/789/789
f 789/789/789 822/822/822 821/821/821 788/788/788
f 787/787/787 820/820/820 819/819/819 786/786/786
f 791/791/791 824/824/824 823/823/823 790/790/790
f 865/865/865 488/488/488 516/516/516
f 865/865/865 864/864/864 488/488/488
f 866/866/866 865/865/865 516/516/516
f 501/501/501 850/850/850 849/849/849 529/529/529
f 546/546/546 866/866/866 516/516/516
f 864/864/864 489/489/489 488/488/488
f 867/867/867 545/545/545 575/575/575
f 866/866/866 545/545/545 867/867/867
f 868/868/868 867/867/867 575/575/575
f 868/868/868 575/575/575 574/574/574
f 559/559/559 848/848/848 847/847/847 589/589/589
f 866/866/866 546/546/546 545/545/545
f 529/529/529 849/849/849 848/848/848 559/559/559
f 589/589/589 847/847/847 846/846/846 620/620/620
f 620/620/620 846/846/846 845/845/845 651/651/651
f 844/844/844 682/682/682 651/651/651 845/845/845
f 682/682/682 844/844/844 843/843/843 713/713/713
f 744/744/744 842/842/842 841/841/841 775/775/775
f 713/713/713 843/843/843 842/842/842 744/744/744
f 840/840/840 806/806/806 775/775/775 841/841/841
f 793/793/793 826/826/826 825/825/825 792/792/792
f 794/794/794 827/827/827 826/826/826 793/793/793
f 796/796/796 829/829/829 828/828/828 795/795/795
f 798/798/798 831/831/831 830/830/830 797/797/797
f 797/797/797 830/830/830 829/829/829 796/796/796
f 795/795/795 828/828/828 827/827/827 794/794/794
f 799/799/799 832/832/832 831/831/831 798/798/798
f 792/792/792 825/825/825 824/824/824 791/791/791
f 801/801/801 834/834/834 833/833/833 800/800/800
f 803/803/803 836/836/836 835/835/835 802/802/802
f 802/802/802 835/835/835 834/834/834 801/801/801
f 800/800/800 833/833/833 832/832/832 799/799/799
f 804/804/804 837/837/837 836/836/836 803/803/803
f 806/806/806 839/839/839 838/838/838 805/805/805
f 805/805/805 838/838/838 837/837/837 804/804/804
f 839/839/839 840/840/840 808/808/808
f 806/806/806 840/840/840 839/839/839
f 487/487/487 872/872/872 871/871/871
f 949/949/949 1059/1059/1059 1060/1060/1060 983/983/983
f 982/982/982 949/949/949 983/983/983 984/984/984
f 950/950/950 1061/1061/1061 1062/1062/1062 1017/1017/1017
f 1017/1017/1017 1062/1062/1062 1059/1059/1059 949/949/949
f 1016/1016/1016 1018/1018/1018 1011/1011/1011
f 1013/1013/1013 1016/1016/1016 951/951/951
f 1018/1018/1018 1016/1016/1016 1013/1013/1013
f 1018/1018/1018 1017/1017/1017 949/949/949 982/982/982
f 1013/1013/1013 950/950/950 1017/1017/1017 1018/1018/1018
f 952/952/952 1063/1063/1063 1064/1064/1064 1014/1014/1014
f 1014/1014/1014 1064/1064/1064 1061/1061/1061 950/950/950
f 953/953/953 1012/1012/1012 1015/1015/1015 1009/1009/1009
f 1010/1010/1010 1013/1013/1013 951/951/951
f 1015/1015/1015 1010/1010/1010 1009/1009/1009
f 1013/1013/1013 1010/1010/1010 1015/1015/1015
f 1015/1015/1015 1014/1014/1014 950/950/950 1013/1013/1013
f 1012/1012/1012 952/952/952 1014/1014/1014 1015/1015/1015
f 954/954/954 1065/1065/1065 1067/1067/1067 1066/1066/1066
f 1066/1066/1066 1067/1067/1067 1063/1063/1063 952/952/952
f 1066/1066/1066 1012/1012/1012 1008/1008/1008
f 1008/1008/1008 1012/1012/1012 953/953/953
f 1012/1012/1012 1066/1066/1066 952/952/952
f 1066/1066/1066 1008/1008/1008 955/955/955 954/954/954
f 956/956/956 1068/1068/1068 1070/1070/1070 1069/1069/1069
f 1069/1069/1069 1070/1070/1070 1065/1065/1065 954/954/954
f 1007/1007/1007 1069/1069/1069 954/954/954 955/955/955
f 1069/1069/1069 1007/1007/1007 957/957/957 956/956/956
f 958/958/958 1071/1071/1071 1073/1073/1073 1072/1072/1072
f 1072/1072/1072 1073/1073/1073 1068/1068/1068 956/956/956
f 1006/1006/1006 1072/1072/1072 956/956/956 957/957/957
f 1072/1072/1072 1006/1006/1006 959/959/959 958/958/958
f 960/960/960 1074/1074/1074 1076/1076/1076 1075/1075/1075
f 1075/1075/1075 1076/1076/1076 1071/1071/1071 958/958/958
f 1075/1075/1075 961/961/961 960/960/960
f 959/959/959 1075/1075/1075 958/958/958
f 961/961/961 1075/1075/1075 959/959/959
f 963/963/963 962/962/962 960/960/960 961/961/961
f 964/964/964 1077/1077/1077 1080/1080/1080 1078/1078/1078
f 1078/1078/1078 1080/1080/1080 1079/1079/1079 962/962/962
f 1078/1078/1078 965/965/965 964/964/964
f 963/963/963 1078/1078/1078 962/962/962
f 965/965/965 1078/1078/1078 963/963/963
f 966/966/966 1081/1081/1081 1083/1083/1083 1082/1082/1082
f 1082/1082/1082 1083/1083/1083 1077/1077/1077 964/964/964
f 1082/1082/1082 967/967/967 966/966/966
f 965/965/965 1082/1082/1082 964/964/964
f 967/967/967 1082/1082/1082 965/965/965
f 968/968/968 1084/1084/1084 1086/1086/1086 1085/1085/1085
f 1085/1085/1085 1086/1086/1086 1081/1081/1081 966/966/966
f 1043/1043/1043 1085/1085/1085 966/966/966 967/967/967
f 1085/1085/1085 1043/1043/1043 969/969/969 968/968/968
f 970/970/970 1087/1087/1087 1089/1089/1089 1088/1088/1088
f 1088/1088/1088 1089/1089/1089 1084/1084/1084 968/968/968
f 1042/1042/1042 1088/1088/1088 968/968/968 969/969/969
f 1088/1088/1088 1042/1042/1042 971/971/971 970/970/970
f 972/972/972 1090/1090/1090 1092/1092/1092 1091/1091/1091
f 1091/1091/1091 1092/1092/1092 1087/1087/1087 970/970/970
f 1041/1041/1041 1038/1038/1038 1091/1091/1091
f 1091/1091/1091 1038/1038/1038 972/972/972
f 1038/1038/1038 1041/1041/1041 973/973/973
f 1041/1041/1041 1091/1091/1091 970/970/970 971/971/971
f 974/974/974 1093/1093/1093 1094/1094/1094 1039/1039/1039
f 1039/1039/1039 1094/1094/1094 1090/1090/1090 972/972/972
f 1037/1037/1037 1040/1040/1040 1036/1036/1036
f 1032/1032/1032 1037/1037/1037 975/975/975
f 1040/1040/1040 1037/1037/1037 1032/1032/1032
f 1036/1036/1036 1040/1040/1040 1038/1038/1038 973/973/973
f 1040/1040/1040 1039/1039/1039 972/972/972 1038/1038/1038
f 1032/1032/1032 974/974/974 1039/1039/1039 1040/1040/1040
f 976/976/976 1095/1095/1095 1096/1096/1096 1033/1033/1033
f 1033/1033/1033 1096/1096/1096 1093/1093/1093 974/974/974
f 1035/1035/1035 1032/1032/1032 975/975/975
f 1034/1034/1034 1035/1035/1035 1031/1031/1031
f 1032/1032/1032 1035/1035/1035 1034/1034/1034
f 1034/1034/1034 1033/1033/1033 974/974/974 1032/1032/1032
f 990/990/990 976/976/976 1033/1033/1033 1034/1034/1034
f 991/991/991 1097/1097/1097 1095/1095/1095 976/976/976
f 992/992/992 991/991/991 976/976/976 990/990/990
f 1060/1060/1060 1044/1044/1044 981/981/981
f 1059/1059/1059 1044/1044/1044 1060/1060/1060
f 980/980/980 1060/1060/1060 981/981/981
f 1061/1061/1061 1045/1045/1045 1062/1062/1062
f 1062/1062/1062 1044/1044/1044 1059/1059/1059
f 1045/1045/1045 1061/1061/1061 1064/1064/1064 1046/1046/1046
f 1045/1045/1045 1044/1044/1044 1062/1062/1062
f 979/979/979 983/983/983 1060/1060/1060 980/980/980
f 984/984/984 983/983/983 979/979/979
f 1063/1063/1063 1046/1046/1046 1064/1064/1064
f 978/978/978 984/984/984 979/979/979
f 1063/1063/1063 1067/1067/1067 1046/1046/1046
f 1065/1065/1065 1047/1047/1047 1067/1067/1067
f 1046/1046/1046 1067/1067/1067 1047/1047/1047
f 1047/1047/1047 1065/1065/1065 1070/1070/1070
f 1048/1048/1048 1047/1047/1047 1070/1070/1070
f 1049/1049/1049 1071/1071/1071 1076/1076/1076 1050/1050/1050
f 1048/1048/1048 1068/1068/1068 1073/1073/1073 1049/1049/1049
f 1050/1050/1050 1074/1074/1074 1079/1079/1079 1051/1051/1051
f 1048/1048/1048 1070/1070/1070 1068/1068/1068
f 1049/1049/1049 1073/1073/1073 1071/1071/1071
f 1050/1050/1050 1076/1076/1076 1074/1074/1074
f 960/960/960 962/962/962 1079/1079/1079 1074/1074/1074
f 1079/1079/1079 1080/1080/1080 1051/1051/1051
f 984/984/984 978/978/978 1005/1005/1005
f 982/982/982 984/984/984 1005/1005/1005
f 1018/1018/1018 982/982/982 1011/1011/1011
f 1003/1003/1003 1016/1016/1016 1011/1011/1011
f 1002/1002/1002 1010/1010/1010 951/951/951
f 1002/1002/1002 951/951/951 1016/1016/1016
f 1011/1011/1011 982/982/982 1004/1004/1004
f 1005/1005/1005 978/978/978 977/977/977
f 1004/1004/1004 982/982/982 1005/1005/1005
f 1003/1003/1003 1002/1002/1002 1016/1016/1016
f 1011/1011/1011 1004/1004/1004 1003/1003/1003
f 1001/1001/1001 1010/1010/1010 1002/1002/1002
f 1001/1001/1001 953/953/953 1009/1009/1009
f 1010/1010/1010 1001/1001/1001 1009/1009/1009
f 1000/1000/1000 1008/1008/1008 953/953/953
f 999/999/999 955/955/955 1008/1008/1008
f 997/997/997 957/957/957 1007/1007/1007
f 995/995/995 959/959/959 1006/1006/1006
f 996/996/996 1006/1006/1006 957/957/957
f 998/998/998 1007/1007/1007 955/955/955
f 999/999/999 1008/1008/1008 1000/1000/1000
f 997/997/997 1007/1007/1007 998/998/998
f 999/999/999 998/998/998 955/955/955
f 996/996/996 995/995/995 1006/1006/1006
f 957/957/957 997/997/997 996/996/996
f 961/961/961 995/995/995 994/994/994
f 963/963/963 961/961/961 994/994/994
f 959/959/959 995/995/995 961/961/961
f 1001/1001/1001 1000/1000/1000 953/953/953
f 1077/1077/1077 1052/1052/1052 1080/1080/1080
f 1083/1083/1083 1052/1052/1052 1077/1077/1077
f 1081/1081/1081 1053/1053/1053 1083/1083/1083
f 1054/1054/1054 1084/1084/1084 1089/1089/1089 1055/1055/1055
f 1053/1053/1053 1081/1081/1081 1086/1086/1086 1054/1054/1054
f 1052/1052/1052 1083/1083/1083 1053/1053/1053
f 1055/1055/1055 1087/1087/1087 1092/1092/1092
f 1087/1087/1087 1055/1055/1055 1089/1089/1089
f 1084/1084/1084 1054/1054/1054 1086/1086/1086
f 1092/1092/1092 1056/1056/1056 1055/1055/1055
f 1052/1052/1052 1051/1051/1051 1080/1080/1080
f 1090/1090/1090 1094/1094/1094 1056/1056/1056
f 1057/1057/1057 1056/1056/1056 1094/1094/1094
f 1092/1092/1092 1090/1090/1090 1056/1056/1056
f 1096/1096/1096 1057/1057/1057 1093/1093/1093
f 1058/1058/1058 1095/1095/1095 1097/1097/1097 985/985/985
f 1096/1096/1096 1058/1058/1058 1057/1057/1057
f 1094/1094/1094 1093/1093/1093 1057/1057/1057
f 1058/1058/1058 1096/1096/1096 1095/1095/1095
f 1020/1020/1020 990/990/990 1034/1034/1034
f 991/991/991 987/987/987 986/986/986 1097/1097/1097
f 985/985/985 1097/1097/1097 986/986/986
f 987/987/987 991/991/991 992/992/992
f 1030/1030/1030 965/965/965 963/963/963
f 1029/1029/1029 967/967/967 965/965/965
f 1028/1028/1028 969/969/969 1043/1043/1043
f 1026/1026/1026 971/971/971 1042/1042/1042
f 1027/1027/1027 1042/1042/1042 969/969/969
f 1028/1028/1028 1043/1043/1043 967/967/967
f 1028/1028/1028 967/967/967 1029/1029/1029
f 1030/1030/1030 963/963/963 993/993/993
f 1029/1029/1029 965/965/965 1030/1030/1030
f 1024/1024/1024 1041/1041/1041 1025/1025/1025
f 971/971/971 1026/1026/1026 1025/1025/1025
f 1026/1026/1026 1042/1042/1042 1027/1027/1027
f 969/969/969 1028/1028/1028 1027/1027/1027
f 1041/1041/1041 971/971/971 1025/1025/1025
f 994/994/994 993/993/993 963/963/963
f 1023/1023/1023 1036/1036/1036 973/973/973
f 1022/1022/1022 1037/1037/1037 1036/1036/1036
f 987/987/987 992/992/992 988/988/988
f 1021/1021/1021 1035/1035/1035 975/975/975
f 1019/1019/1019 988/988/988 992/992/992
f 1022/1022/1022 975/975/975 1037/1037/1037
f 1021/1021/1021 975/975/975 1022/1022/1022
f 1023/1023/1023 973/973/973 1024/1024/1024
f 1022/1022/1022 1036/1036/1036 1023/1023/1023
f 1019/1019/1019 990/990/990 1020/1020/1020
f 989/989/989 988/988/988 1019/1019/1019
f 1020/1020/1020 1034/1034/1034 1031/1031/1031
f 1021/1021/1021 1020/1020/1020 1031/1031/1031
f 1031/1031/1031 1035/1035/1035 1021/1021/1021
f 1041/1041/1041 1024/1024/1024 973/973/973
f 992/992/992 990/990/990 1019/1019/1019
f 1131/1131/1131 1105/1105/1105 1104/1104/1104
f 1099/1099/1099 1103/1103/1103 1100/1100/1100
f 1103/1103/1103 1132/1132/1132 1104/1104/1104
f 1126/1126/1126 1109/1109/1109 1127/1127/1127
f 1128/1128/1128 1108/1108/1108 1107/1107/1107
f 1129/1129/1129 1107/1107/1107 1106/1106/1106
f 1108/1108/1108 1127/1127/1127 1109/1109/1109
f 1130/1130/1130 1106/1106/1106 1105/1105/1105
f 1133/1133/1133 1099/1099/1099 1098/1098/1098
f 1103/1103/1103 1099/1099/1099 1133/1133/1133
f 1103/1103/1103 1133/1133/1133 1132/1132/1132
f 1131/1131/1131 1104/1104/1104 1132/1132/1132
f 1129/1129/1129 1106/1106/1106 1130/1130/1130
f 1128/1128/1128 1107/1107/1107 1129/1129/1129
f 1131/1131/1131 1130/1130/1130 1105/1105/1105
f 1128/1128/1128 1127/1127/1127 1108/1108/1108
f 1126/1126/1126 1110/1110/1110 1109/1109/1109
f 1113/1113/1113 1112/1112/1112 1123/1123/1123
f 1111/1111/1111 1124/1124/1124 1112/1112/1112
f 1113/1113/1113 1122/1122/1122 1114/1114/1114
f 1116/1116/1116 1115/1115/1115 1120/1120/1120
f 1102/1102/1102 1101/1101/1101 1117/1117/1117
f 1120/1120/1120 1117/1117/1117 1116/1116/1116
f 1121/1121/1121 1115/1115/1115 1114/1114/1114
f 1119/1119/1119 1102/1102/1102 1117/1117/1117
f 1125/1125/1125 1110/1110/1110 1126/1126/1126
f 1112/1112/1112 1124/1124/1124 1123/1123/1123
f 1124/1124/1124 1111/1111/1111 1125/1125/1125
f 1114/1114/1114 1122/1122/1122 1121/1121/1121
f 1117/1117/1117 1120/1120/1120 1119/1119/1119
f 1102/1102/1102 1119/1119/1119 1118/1118/1118
f 1120/1120/1120 1115/1115/1115 1121/1121/1121
f 1122/1122/1122 1113/1113/1113 1123/1123/1123
f 1111/1111/1111 1110/1110/1110 1125/1125/1125
f 1152/1152/1152 1157/1157/1157 1156/1156/1156
f 1136/1136/1136 1155/1155/1155 1137/1137/1137
f 1155/1155/1155 1153/1153/1153 1156/1156/1156
f 1147/1147/1147 1161/1161/1161 1148/1148/1148
f 1149/1149/1149 1160/1160/1160 1159/1159/1159
f 1150/1150/1150 1159/1159/1159 1158/1158/1158
f 1160/1160/1160 1148/1148/1148 1161/1161/1161
f 1151/1151/1151 1158/1158/1158 1157/1157/1157
f 1154/1154/1154 1136/1136/1136 1135/1135/1135
f 1155/1155/1155 1136/1136/1136 1154/1154/1154
f 1155/1155/1155 1154/1154/1154 1153/1153/1153
f 1152/1152/1152 1156/1156/1156 1153/1153/1153
f 1150/1150/1150 1158/1158/1158 1151/1151/1151
f 1149/1149/1149 1159/1159/1159 1150/1150/1150
f 1152/1152/1152 1151/1151/1151 1157/1157/1157
f 1149/1149/1149 1148/1148/1148 1160/1160/1160
f 1147/1147/1147 1162/1162/1162 1161/1161/1161
f 1165/1165/1165 1164/1164/1164 1144/1144/1144
f 1163/1163/1163 1145/1145/1145 1164/1164/1164
f 1165/1165/1165 1143/1143/1143 1166/1166/1166
f 1168/1168/1168 1167/1167/1167 1141/1141/1141
f 1139/1139/1139 1138/1138/1138 1169/1169/1169
f 1141/1141/1141 1169/1169/1169 1168/1168/1168
f 1142/1142/1142 1167/1167/1167 1166/1166/1166
f 1140/1140/1140 1139/1139/1139 1169/1169/1169
f 1146/1146/1146 1162/1162/1162 1147/1147/1147
f 1164/1164/1164 1145/1145/1145 1144/1144/1144
f 1145/1145/1145 1163/1163/1163 1146/1146/1146
f 1166/1166/1166 1143/1143/1143 1142/1142/1142
f 1169/1169/1169 1141/1141/1141 1140/1140/1140
f 1139/1139/1139 1140/1140/1140 1134/1134/1134
f 1141/1141/1141 1167/1167/1167 1142/1142/1142
f 1143/1143/1143 1165/1165/1165 1144/1144/1144
f 1163/1163/1163 1162/1162/1162 1146/1146/1146
f 1204/1204/1204 1203/1203/1203 1172/1172/1172 1173/1173/1173
f 1205/1205/1205 1204/1204/1204 1173/1173/1173 1174/1174/1174
f 1206/1206/1206 1205/1205/1205 1174/1174/1174 1175/1175/1175
f 1207/1207/1207 1206/1206/1206 1175/1175/1175 1176/1176/1176
f 1208/1208/1208 1207/1207/1207 1176/1176/1176 1177/1177/1177
f 1209/1209/1209 1208/1208/1208 1177/1177/1177 1178/1178/1178
f 1210/1210/1210 1209/1209/1209 1178/1178/1178 1179/1179/1179
f 1211/1211/1211 1210/1210/1210 1179/1179/1179 1180/1180/1180
f 1212/1212/1212 1211/1211/1211 1180/1180/1180 1181/1181/1181
f 1213/1213/1213 1212/1212/1212 1181/1181/1181 1182/1182/1182
f 1214/1214/1214 1213/1213/1213 1182/1182/1182 1183/1183/1183
f 1215/1215/1215 1214/1214/1214 1183/1183/1183 1184/1184/1184
f 1216/1216/1216 1215/1215/1215 1184/1184/1184 1185/1185/1185
f 1217/1217/1217 1216/1216/1216 1185/1185/1185 1186/1186/1186
f 1218/1218/1218 1217/1217/1217 1186/1186/1186 1187/1187/1187
f 1219/1219/1219 1218/1218/1218 1187/1187/1187 1188/1188/1188
f 1220/1220/1220 1219/1219/1219 1188/1188/1188 1189/1189/1189
f 1221/1221/1221 1220/1220/1220 1189/1189/1189 1190/1190/1190
f 1222/1222/1222 1221/1221/1221 1190/1190/1190 1191/1191/1191
f 1223/1223/1223 1222/1222/1222 1191/1191/1191 1192/1192/1192
f 1224/1224/1224 1223/1223/1223 1192/1192/1192 1193/1193/1193
f 1225/1225/1225 1224/1224/1224 1193/1193/1193 1194/1194/1194
f 1226/1226/1226 1225/1225/1225 1194/1194/1194 1195/1195/1195
f 1227/1227/1227 1226/1226/1226 1195/1195/1195 1196/1196/1196
f 1228/1228/1228 1227/1227/1227 1196/1196/1196 1197/1197/1197
f 1229/1229/1229 1228/1228/1228 1197/1197/1197 1198/1198/1198
f 1230/1230/1230 1229/1229/1229 1198/1198/1198 1199/1199/1199
f 1231/1231/1231 1230/1230/1230 1199/1199/1199 1200/1200/1200
f 1232/1232/1232 1231/1231/1231 1200/1200/1200 1201/1201/1201
f 1233/1233/1233 1232/1232/1232 1201/1201/1201 1202/1202/1202
f 1235/1235/1235 1234/1234/1234 1203/1203/1203 1204/1204/1204
f 1236/1236/1236 1235/1235/1235 1204/1204/1204 1205/1205/1205
f 1237/1237/1237 1236/1236/1236 1205/1205/1205 1206/1206/1206
f 1238/1238/1238 1237/1237/1237 1206/1206/1206 1207/1207/1207
f 1239/1239/1239 1238/1238/1238 1207/1207/1207 1208/1208/1208
f 1240/1240/1240 1239/1239/1239 1208/1208/1208 1209/1209/1209
f 1241/1241/1241 1240/1240/1240 1209/1209/1209 1210/1210/1210
f 1242/1242/1242 1241/1241/1241 1210/1210/1210 1211/1211/1211
f 1243/1243/1243 1242/1242/1242 1211/1211/1211 1212/1212/1212
f 1244/1244/1244 1243/1243/1243 1212/1212/1212 1213/1213/1213
f 1245/1245/1245 1244/1244/1244 1213/1213/1213 1214/1214/1214
f 1246/1246/1246 1245/1245/1245 1214/1214/1214 1215/1215/1215
f 1247/1247/1247 1246/1246/1246 1215/1215/1215 1216/1216/1216
f 1248/1248/1248 1247/1247/1247 1216/1216/1216 1217/1217/1217
f 1249/1249/1249 1248/1248/1248 1217/1217/1217 1218/1218/1218
f 1250/1250/1250 1249/1249/1249 1218/1218/1218 1219/1219/1219
f 1251/1251/1251 1250/1250/1250 1219/1219/1219 1220/1220/1220
f 1252/1252/1252 1251/1251/1251 1220/1220/1220 1221/1221/1221
f 1253/1253/1253 1252/1252/1252 1221/1221/1221 1222/1222/1222
f 1254/1254/1254 1253/1253/1253 1222/1222/1222 1223/1223/1223
f 1255/1255/1255 1254/1254/1254 1223/1223/1223 1224/1224/1224
f 1256/1256/1256 1255/1255/1255 1224/1224/1224 1225/1225/1225
f 1257/1257/1257 1256/1256/1256 1225/1225/1225 1226/1226/1226
f 1258/1258/1258 1257/1257/1257 1226/1226/1226 1227/1227/1227
f 1259/1259/1259 1258/1258/1258 1227/1227/1227 1228/1228/1228
f 1260/1260/1260 1259/1259/1259 1228/1228/1228 1229/1229/1229
f 1261/1261/1261 1260/1260/1260 1229/1229/1229 1230/1230/1230
f 1262/1262/1262 1261/1261/1261 1230/1230/1230 1231/1231/1231
f 1263/1263/1263 1262/1262/1262 1231/1231/1231 1232/1232/1232
f 1264/1264/1264 1263/1263/1263 1232/1232/1232 1233/1233/1233
f 1266/1266/1266 1265/1265/1265 1234/1234/1234 1235/1235/1235
f 1267/1267/1267 1266/1266/1266 1235/1235/1235 1236/1236/1236
f 1268/1268/1268 1267/1267/1267 1236/1236/1236 1237/1237/1237
f 1269/1269/1269 1268/1268/1268 1237/1237/1237 1238/1238/1238
f 1270/1270/1270 1269/1269/1269 1238/1238/1238 1239/1239/1239
f 1271/1271/1271 1270/1270/1270 1239/1239/1239 1240/1240/1240
f 1272/1272/1272 1271/1271/1271 1240/1240/1240 1241/1241/1241
f 1273/1273/1273 1272/1272/1272 1241/1241/1241 1242/1242/1242
f 1274/1274/1274 1273/1273/1273 1242/1242/1242 1243/1243/1243
f 1275/1275/1275 1274/1274/1274 1243/1243/1243 1244/1244/1244
f 1276/1276/1276 1275/1275/1275 1244/1244/1244 1245/1245/1245
f 1277/1277/1277 1276/1276/1276 1245/1245/1245 1246/1246/1246
f 1278/1278/1278 1277/1277/1277 1246/1246/1246 1247/1247/1247
f 1279/1279/1279 1278/1278/1278 1247/1247/1247 1248/1248/1248
f 1280/1280/1280 1279/1279/1279 1248/1248/1248 1249/1249/1249
f 1281/1281/1281 1280/1280/1280 1249/1249/1249 1250/1250/1250
f 1282/1282/1282 1281/1281/1281 1250/1250/1250 1251/1251/1251
f 1283/1283/1283 1282/1282/1282 1251/1251/1251 1252/1252/1252
f 1284/1284/1284 1283/1283/1283 1252/1252/1252 1253/1253/1253
f 1285/1285/1285 1284/1284/1284 1253/1253/1253 1254/1254/1254
f 1286/1286/1286 1285/1285/1285 1254/1254/1254 1255/1255/1255
f 1287/1287/1287 1286/1286/1286 1255/1255/1255 1256/1256/1256
f 1288/1288/1288 1287/1287/1287 1256/1256/1256 1257/1257/1257
f 1289/1289/1289 1288/1288/1288 1257/1257/1257 1258/1258/1258
f 1290/1290/1290 1289/1289/1289 1258/1258/1258 1259/1259/1259
f 1291/1291/1291 1290/1290/1290 1259/1259/1259 1260/1260/1260
f 1292/1292/1292 1291/1291/1291 1260/1260/1260 1261/1261/1261
f 1293/1293/1293 1292/1292/1292 1261/1261/1261 1262/1262/1262
f 1294/1294/1294 1293/1293/1293 1262/1262/1262 1263/1263/1263
f 1295/1295/1295 1294/1294/1294 1263/1263/1263 1264/1264/1264
f 1297/1297/1297 1296/1296/1296 1265/1265/1265 1266/1266/1266
f 1298/1298/1298 1297/1297/1297 1266/1266/1266 1267/1267/1267
f 1299/1299/1299 1298/1298/1298 1267/1267/1267 1268/1268/1268
f 1300/1300/1300 1299/1299/1299 1268/1268/1268 1269/1269/1269
f 1301/1301/1301 1300/1300/1300 1269/1269/1269 1270/1270/1270
f 1302/1302/1302 1301/1301/1301 1270/1270/1270 1271/1271/1271
f 1303/1303/1303 1302/1302/1302 1271/1271/1271 1272/1272/1272
f 1304/1304/1304 1303/1303/1303 1272/1272/1272 1273/1273/1273
f 1305/1305/1305 1304/1304/1304 1273/1273/1273 1274/1274/1274
f 1306/1306/1306 1305/1305/1305 1274/1274/1274 1275/1275/1275
f 1307/1307/1307 1306/1306/1306 1275/1275/1275 1276/1276/1276
f 1308/1308/1308 1307/1307/1307 1276/1276/1276 1277/1277/1277
f 1309/1309/1309 1308/1308/1308 1277/1277/1277 1278/1278/1278
f 1310/1310/1310 1309/1309/1309 1278/1278/1278 1279/1279/1279
f 1311/1311/1311 1310/1310/1310 1279/1279/1279 1280/1280/1280
f 1312/1312/1312 1311/1311/1311 1280/1280/1280 1281/1281/1281
f 1313/1313/1313 1312/1312/1312 1281/1281/1281 1282/1282/1282
f 1314/1314/1314 1313/1313/1313 1282/1282/1282 1283/1283/1283
f 1315/1315/1315 1314/1314/1314 1283/1283/1283 1284/1284/1284
f 1316/1316/1316 1315/1315/1315 1284/1284/1284 1285/1285/1285
f 1317/1317/1317 1316/1316/1316 1285/1285/1285 1286/1286/1286
f 1318/1318/1318 1317/1317/1317 1286/1286/1286 1287/1287/1287
f 1319/1319/1319 1318/1318/1318 1287/1287/1287 1288/1288/1288
f 1320/1320/1320 1319/1319/1319 1288/1288/1288 1289/1289/1289
f 1321/1321/1321 1320/1320/1320 1289/1289/1289 1290/1290/1290
f 1322/1322/1322 1321/1321/1321 1290/1290/1290 1291/1291/1291
f 1323/1323/1323 1322/1322/1322 1291/1291/1291 1292/1292/1292
f 1324/1324/1324 1323/1323/1323 1292/1292/1292 1293/1293/1293
f 1325/1325/1325 1324/1324/1324 1293/1293/1293 1294/1294/1294
f 1326/1326/1326 1325/1325/1325 1294/1294/1294 1295/1295/1295
f 1328/1328/1328 1327/1327/1327 1296/1296/1296 1297/1297/1297
f 1329/1329/1329 1328/1328/1328 1297/1297/1297 1298/1298/1298
f 1330/1330/1330 1329/1329/1329 1298/1298/1298 1299/1299/1299
f 1331/1331/1331 1330/1330/1330 1299/1299/1299 1300/1300/1300
f 1332/1332/1332 1331/1331/1331 1300/1300/1300 1301/1301/1301
f 1333/1333/1333 1332/1332/1332 1301/1301/1301 1302/1302/1302
f 1334/1334/1334 1333/1333/1333 1302/1302/1302 1303/1303/1303
f 1335/1335/1335 1334/1334/1334 1303/1303/1303 1304/1304/1304
f 1336/1336/1336 1335/1335/1335 1304/1304/1304 1305/1305/1305
f 1337/1337/1337 1336/1336/1336 1305/1305/1305 1306/1306/1306
f 1338/1338/1338 1337/1337/1337 1306/1306/1306 1307/1307/1307
f 1339/1339/1339 1338/1338/1338 1307/1307/1307 1308/1308/1308
f 1340/1340/1340 1339/1339/1339 1308/1308/1308 1309/1309/1309
f 1341/1341/1341 1340/1340/1340 1309/1309/1309 1310/1310/1310
f 1342/1342/1342 1341/1341/1341 1310/1310/1310 1311/1311/1311
f 1343/1343/1343 1342/1342/1342 1311/1311/1311 1312/1312/1312
f 1344/1344/1344 1343/1343/1343 1312/1312/1312 1313/1313/1313
f 1345/1345/1345 1344/1344/1344 1313/1313/1313 1314/1314/1314
f 1346/1346/1346 1345/1345/1345 1314/1314/1314 1315/1315/1315
f 1347/1347/1347 1346/1346/1346 1315/1315/1315 1316/1316/1316
f 1348/1348/1348 1347/1347/1347 1316/1316/1316 1317/1317/1317
f 1349/1349/1349 1348/1348/1348 1317/1317/1317 1318/1318/1318
f 1350/1350/1350 1349/1349/1349 1318/1318/1318 1319/1319/1319
f 1351/1351/1351 1350/1350/1350 1319/1319/1319 1320/1320/1320
f 1352/1352/1352 1351/1351/1351 1320/1320/1320 1321/1321/1321
f 1353/1353/1353 1352/1352/1352 1321/1321/1321 1322/1322/1322
f 1354/1354/1354 1353/1353/1353 1322/1322/1322 1323/1323/1323
f 1355/1355/1355 1354/1354/1354 1323/1323/1323 1324/1324/1324
f 1356/1356/1356 1355/1355/1355 1324/1324/1324 1325/1325/1325
f 1357/1357/1357 1356/1356/1356 1325/1325/1325 1326/1326/1326
f 1359/1359/1359 1358/1358/1358 1327/1327/1327 1328/1328/1328
f 1360/1360/1360 1359/1359/1359 1328/1328/1328 1329/1329/1329
f 1361/1361/1361 1360/1360/1360 1329/1329/1329 1330/1330/1330
f 1362/1362/1362 1361/1361/1361 1330/1330/1330 1331/1331/1331
f 1363/1363/1363 1362/1362/1362 1331/1331/1331 1332/1332/1332
f 1364/1364/1364 1363/1363/1363 1332/1332/1332 1333/1333/1333
f 1365/1365/1365 1364/1364/1364 1333/1333/1333 1334/1334/1334
f 1366/1366/1366 1365/1365/1365 1334/1334/1334 1335/1335/1335
f 1367/1367/1367 1366/1366/1366 1335/1335/1335 1336/1336/1336
f 1368/1368/1368 1367/1367/1367 1336/1336/1336 1337/1337/1337
f 1369/1369/1369 1368/1368/1368 1337/1337/1337 1338/1338/1338
f 1370/1370/1370 1369/1369/1369 1338/1338/1338 1339/1339/1339
f 1371/1371/1371 1370/1370/1370 1339/1339/1339 1340/1340/1340
f 1372/1372/1372 1371/1371/1371 1340/1340/1340 1341/1341/1341
f 1373/1373/1373 1372/1372/1372 1341/1341/1341 1342/1342/1342
f 1374/1374/1374 1373/1373/1373 1342/1342/1342 1343/1343/1343
f 1375/1375/1375 1374/1374/1374 1343/1343/1343 1344/1344/1344
f 1376/1376/1376 1375/1375/1375 1344/1344/1344 1345/1345/1345
f 1377/1377/1377 1376/1376/1376 1345/1345/1345 1346/1346/1346
f 1378/1378/1378 1377/1377/1377 1346/1346/1346 1347/1347/1347
f 1379/1379/1379 1378/1378/1378 1347/1347/1347 1348/1348/1348
f 1380/1380/1380 1379/1379/1379 1348/1348/1348 1349/1349/1349
f 1381/1381/1381 1380/1380/1380 1349/1349/1349 1350/1350/1350
f 1382/1382/1382 1381/1381/1381 1350/1350/1350 1351/1351/1351
f 1383/1383/1383 1382/1382/1382 1351/1351/1351 1352/1352/1352
f 1384/1384/1384 1383/1383/1383 1352/1352/1352 1353/1353/1353
f 1385/1385/1385 1384/1384/1384 1353/1353/1353 1354/1354/1354
f 1386/1386/1386 1385/1385/1385 1354/1354/1354 1355/1355/1355
f 1387/1387/1387 1386/1386/1386 1355/1355/1355 1356/1356/1356
f 1388/1388/1388 1387/1387/1387 1356/1356/1356 1357/1357/1357
f 1390/1390/1390 1389/1389/1389 1358/1358/1358 1359/1359/1359
f 1391/1391/1391 1390/1390/1390 1359/1359/1359 1360/1360/1360
f 1392/1392/1392 1391/1391/1391 1360/1360/1360 1361/1361/1361
f 1393/1393/1393 1392/1392/1392 1361/1361/1361 1362/1362/1362
f 1394/1394/1394 1393/1393/1393 1362/1362/1362 1363/1363/1363
f 1395/1395/1395 1394/1394/1394 1363/1363/1363 1364/1364/1364
f 1396/1396/1396 1395/1395/1395 1364/1364/1364 1365/1365/1365
f 1397/1397/1397 1396/1396/1396 1365/1365/1365 1366/1366/1366
f 1398/1398/1398 1397/1397/1397 1366/1366/1366 1367/1367/1367
f 1399/1399/1399 1398/1398/1398 1367/1367/1367 1368/1368/1368
f 1400/1400/1400 1399/1399/1399 1368/1368/1368 1369/1369/1369
f 1401/1401/1401 1400/1400/1400 1369/1369/1369 1370/1370/1370
f 1402/1402/1402 1401/1401/1401 1370/1370/1370 1371/1371/1371
f 1403/1403/1403 1402/1402/1402 1371/1371/1371 1372/1372/1372
f 1405/1405/1405 1404/1404/1404 1374/1374/1374 1375/1375/1375
f 1406/1406/1406 1405/1405/1405 1375/1375/1375 1376/1376/1376
f 1407/1407/1407 1406/1406/1406 1376/1376/1376 1377/1377/1377
f 1408/1408/1408 1407/1407/1407 1377/1377/1377 1378/1378/1378
f 1409/1409/1409 1408/1408/1408 1378/1378/1378 1379/1379/1379
f 1410/1410/1410 1409/1409/1409 1379/1379/1379 1380/1380/1380
f 1411/1411/1411 1410/1410/1410 1380/1380/1380 1381/1381/1381
f 1412/1412/1412 1411/1411/1411 1381/1381/1381 1382/1382/1382
f 1413/1413/1413 1412/1412/1412 1382/1382/1382 1383/1383/1383
f 1414/1414/1414 1413/1413/1413 1383/1383/1383 1384/1384/1384
f 1415/1415/1415 1414/1414/1414 1384/1384/1384 1385/1385/1385
f 1416/1416/1416 1415/1415/1415 1385/1385/1385 1386/1386/1386
f 1417/1417/1417 1416/1416/1416 1386/1386/1386 1387/1387/1387
f 1418/1418/1418 1417/1417/1417 1387/1387/1387 1388/1388/1388
f 1420/1420/1420 1419/1419/1419 1389/1389/1389 1390/1390/1390
f 1421/1421/1421 1420/1420/1420 1390/1390/1390 1391/1391/1391
f 1422/1422/1422 1421/1421/1421 1391/1391/1391 1392/1392/1392
f 1423/1423/1423 1422/1422/1422 1392/1392/1392 1393/1393/1393
f 1424/1424/1424 1423/1423/1423 1393/1393/1393 1394/1394/1394
f 1425/1425/1425 1424/1424/1424 1394/1394/1394 1395/1395/1395
f 1426/1426/1426 1425/1425/1425 1395/1395/1395 1396/1396/1396
f 1427/1427/1427 1426/1426/1426 1396/1396/1396 1397/1397/1397
f 1428/1428/1428 1427/1427/1427 1397/1397/1397 1398/1398/1398
f 1429/1429/1429 1428/1428/1428 1398/1398/1398 1399/1399/1399
f 1430/1430/1430 1429/1429/1429 1399/1399/1399 1400/1400/1400
f 1431/1431/1431 1430/1430/1430 1400/1400/1400 1401/1401/1401
f 1432/1432/1432 1431/1431/1431 1401/1401/1401 1402/1402/1402
f 1433/1433/1433 1432/1432/1432 1402/1402/1402 1403/1403/1403
f 1435/1435/1435 1434/1434/1434 1404/1404/1404 1405/1405/1405
f 1436/1436/1436 1435/1435/1435 1405/1405/1405 1406/1406/1406
f 1437/1437/1437 1436/1436/1436 1406/1406/1406 1407/1407/1407
f 1438/1438/1438 1437/1437/1437 1407/1407/1407 1408/1408/1408
f 1439/1439/1439 1438/1438/1438 1408/1408/1408 1409/1409/1409
f 1440/1440/1440 1439/1439/1439 1409/1409/1409 1410/1410/1410
f 1441/1441/1441 1440/1440/1440 1410/1410/1410 1411/1411/1411
f 1442/1442/1442 1441/1441/1441 1411/1411/1411 1412/1412/1412
f 1443/1443/1443 1442/1442/1442 1412/1412/1412 1413/1413/1413
f 1444/1444/1444 1443/1443/1443 1413/1413/1413 1414/1414/1414
f 1445/1445/1445 1444/1444/1444 1414/1414/1414 1415/1415/1415
f 1446/1446/1446 1445/1445/1445 1415/1415/1415 1416/1416/1416
f 1447/1447/1447 1446/1446/1446 1416/1416/1416 1417/1417/1417
f 1448/1448/1448 1447/1447/1447 1417/1417/1417 1418/1418/1418
f 1450/1450/1450 1449/1449/1449 1419/1419/1419 1420/1420/1420
f 1451/1451/1451 1450/1450/1450 1420/1420/1420 1421/1421/1421
f 1452/1452/1452 1451/1451/1451 1421/1421/1421 1422/1422/1422
f 1453/1453/1453 1452/1452/1452 1422/1422/1422 1423/1423/1423
f 1454/1454/1454 1453/1453/1453 1423/1423/1423 1424/1424/1424
f 1455/1455/1455 1454/1454/1454 1424/1424/1424 1425/1425/1425
f 1456/1456/1456 1455/1455/1455 1425/1425/1425 1426/1426/1426
f 1457/1457/1457 1456/1456/1456 1426/1426/1426 1427/1427/1427
f 1458/1458/1458 1457/1457/1457 1427/1427/1427 1428/1428/1428
f 1459/1459/1459 1458/1458/1458 1428/1428/1428 1429/1429/1429
f 1460/1460/1460 1459/1459/1459 1429/1429/1429 1430/1430/1430
f 1461/1461/1461 1460/1460/1460 1430/1430/1430 1431/1431/1431
f 1462/1462/1462 1461/1461/1461 1431/1431/1431 1432/1432/1432
f 1464/1464/1464 1463/1463/1463 1435/1435/1435 1436/1436/1436
f 1465/1465/1465 1464/1464/1464 1436/1436/1436 1437/1437/1437
f 1466/1466/1466 1465/1465/1465 1437/1437/1437 1438/1438/1438
f 1467/1467/1467 1466/1466/1466 1438/1438/1438 1439/1439/1439
f 1468/1468/1468 1467/1467/1467 1439/1439/1439 1440/1440/1440
f 1469/1469/1469 1468/1468/1468 1440/1440/1440 1441/1441/1441
f 1470/1470/1470 1469/1469/1469 1441/1441/1441 1442/1442/1442
f 1471/1471/1471 1470/1470/1470 1442/1442/1442 1443/1443/1443
f 1472/1472/1472 1471/1471/1471 1443/1443/1443 1444/1444/1444
f 1473/1473/1473 1472/1472/1472 1444/1444/1444 1445/1445/1445
f 1474/1474/1474 1473/1473/1473 1445/1445/1445 1446/1446/1446
f 1475/1475/1475 1474/1474/1474 1446/1446/1446 1447/1447/1447
f 1476/1476/1476 1475/1475/1475 1447/1447/1447 1448/1448/1448
f 1478/1478/1478 1477/1477/1477 1449/1449/1449 1450/1450/1450
f 1479/1479/1479 1478/1478/1478 1450/1450/1450 1451/1451/1451
f 1480/1480/1480 1479/1479/1479 1451/1451/1451 1452/1452/1452
f 1481/1481/1481 1480/1480/1480 1452/1452/1452 1453/1453/1453
f 1482/1482/1482 1481/1481/1481 1453/1453/1453 1454/1454/1454
f 1483/1483/1483 1482/1482/1482 1454/1454/1454 1455/1455/1455
f 1484/1484/1484 1483/1483/1483 1455/1455/1455 1456/1456/1456
f 1485/1485/1485 1484/1484/1484 1456/1456/1456 1457/1457/1457
f 1486/1486/1486 1485/1485/1485 1457/1457/1457 1458/1458/1458
f 1487/1487/1487 1486/1486/1486 1458/1458/1458 1459/1459/1459
f 1488/1488/1488 1487/1487/1487 1459/1459/1459 1460/1460/1460
f 1489/1489/1489 1488/1488/1488 1460/1460/1460 1461/1461/1461
f 1462/1462/1462 1489/1489/1489 1461/1461/1461
f 1490/1490/1490 1463/1463/1463 1464/1464/1464
f 1491/1491/1491 1490/1490/1490 1464/1464/1464 1465/1465/1465
f 1492/1492/1492 1491/1491/1491 1465/1465/1465 1466/1466/1466
f 1493/1493/1493 1492/1492/1492 1466/1466/1466 1467/1467/1467
f 1494/1494/1494 1493/1493/1493 1467/1467/1467 1468/1468/1468
f 1495/1495/1495 1494/1494/1494 1468/1468/1468 1469/1469/1469
f 1496/1496/1496 1495/1495/1495 1469/1469/1469 1470/1470/1470
f 1497/1497/1497 1496/1496/1496 1470/1470/1470 1471/1471/1471
f 1498/1498/1498 1497/1497/1497 1471/1471/1471 1472/1472/1472
f 1499/1499/1499 1498/1498/1498 1472/1472/1472 1473/1473/1473
f 1500/1500/1500 1499/1499/1499 1473/1473/1473 1474/1474/1474
f 1501/1501/1501 1500/1500/1500 1474/1474/1474 1475/1475/1475
f 1502/1502/1502 1501/1501/1501 1475/1475/1475 1476/1476/1476
f 1504/1504/1504 1503/1503/1503 1477/1477/1477 1478/1478/1478
f 1505/1505/1505 1504/1504/1504 1478/1478/1478 1479/1479/1479
f 1506/1506/1506 1505/1505/1505 1479/1479/1479 1480/1480/1480
f 1507/1507/1507 1506/1506/1506 1480/1480/1480 1481/1481/1481
f 1508/1508/1508 1507/1507/1507 1481/1481/1481 1482/1482/1482
f 1509/1509/1509 1508/1508/1508 1482/1482/1482 1483/1483/1483
f 1510/1510/1510 1509/1509/1509 1483/1483/1483 1484/1484/1484
f 1511/1511/1511 1510/1510/1510 1484/1484/1484 1485/1485/1485
f 1512/1512/1512 1511/1511/1511 1485/1485/1485 1486/1486/1486
f 1513/1513/1513 1512/1512/1512 1486/1486/1486 1487/1487/1487
f 1514/1514/1514 1513/1513/1513 1487/1487/1487 1488/1488/1488
f 1515/1515/1515 1514/1514/1514 1488/1488/1488 1489/1489/1489
f 1517/1517/1517 1516/1516/1516 1490/1490/1490 1491/1491/1491
f 1518/1518/1518 1517/1517/1517 1491/1491/1491 1492/1492/1492
f 1519/1519/1519 1518/1518/1518 1492/1492/1492 1493/1493/1493
f 1520/1520/1520 1519/1519/1519 1493/1493/1493 1494/1494/1494
f 1521/1521/1521 1520/1520/1520 1494/1494/1494 1495/1495/1495
f 1522/1522/1522 1521/1521/1521 1495/1495/1495 1496/1496/1496
f 1523/1523/1523 1522/1522/1522 1496/1496/1496 1497/1497/1497
f 1524/1524/1524 1523/1523/1523 1497/1497/1497 1498/1498/1498
f 1525/1525/1525 1524/1524/1524 1498/1498/1498 1499/1499/1499
f 1526/1526/1526 1525/1525/1525 1499/1499/1499 1500/1500/1500
f 1527/1527/1527 1526/1526/1526 1500/1500/1500 1501/1501/1501
f 1528/1528/1528 1527/1527/1527 1501/1501/1501 1502/1502/1502
f 1530/1530/1530 1529/1529/1529 1503/1503/1503 1504/1504/1504
f 1531/1531/1531 1530/1530/1530 1504/1504/1504 1505/1505/1505
f 1532/1532/1532 1531/1531/1531 1505/1505/1505 1506/1506/1506
f 1533/1533/1533 1532/1532/1532 1506/1506/1506 1507/1507/1507
f 1534/1534/1534 1533/1533/1533 1507/1507/1507 1508/1508/1508
f 1535/1535/1535 1534/1534/1534 1508/1508/1508 1509/1509/1509
f 1536/1536/1536 1535/1535/1535 1509/1509/1509 1510/1510/1510
f 1537/1537/1537 1536/1536/1536 1510/1510/1510 1511/1511/1511
f 1538/1538/1538 1537/1537/1537 1511/1511/1511 1512/1512/1512
f 1539/1539/1539 1538/1538/1538 1512/1512/1512 1513/1513/1513
f 1540/1540/1540 1539/1539/1539 1513/1513/1513 1514/1514/1514
f 1541/1541/1541 1540/1540/1540 1514/1514/1514 1515/1515/1515
f 1543/1543/1543 1542/1542/1542 1516/1516/1516 1517/1517/1517
f 1544/1544/1544 1543/1543/1543 1517/1517/1517 1518/1518/1518
f 1545/1545/1545 1544/1544/1544 1518/1518/1518 1519/1519/1519
f 1546/1546/1546 1545/1545/1545 1519/1519/1519 1520/1520/1520
f 1547/1547/1547 1546/1546/1546 1520/1520/1520 1521/1521/1521
f 1548/1548/1548 1547/1547/1547 1521/1521/1521 1522/1522/1522
f 1549/1549/1549 1548/1548/1548 1522/1522/1522 1523/1523/1523
f 1550/1550/1550 1549/1549/1549 1523/1523/1523 1524/1524/1524
f 1551/1551/1551 1550/1550/1550 1524/1524/1524 1525/1525/1525
f 1552/1552/1552 1551/1551/1551 1525/1525/1525 1526/1526/1526
f 1553/1553/1553 1552/1552/1552 1526/1526/1526 1527/1527/1527
f 1554/1554/1554 1553/1553/1553 1527/1527/1527 1528/1528/1528
f 1556/1556/1556 1555/1555/1555 1529/1529/1529 1530/1530/1530
f 1557/1557/1557 1556/1556/1556 1530/1530/1530 1531/1531/1531
f 1558/1558/1558 1557/1557/1557 1531/1531/1531 1532/1532/1532
f 1559/1559/1559 1558/1558/1558 1532/1532/1532 1533/1533/1533
f 1560/1560/1560 1559/1559/1559 1533/1533/1533 1534/1534/1534
f 1561/1561/1561 1560/1560/1560 1534/1534/1534 1535/1535/1535
f 1562/1562/1562 1561/1561/1561 1535/1535/1535 1536/1536/1536
f 1563/1563/1563 1562/1562/1562 1536/1536/1536 1537/1537/1537
f 1564/1564/1564 1563/1563/1563 1537/1537/1537 1538/1538/1538
f 1565/1565/1565 1564/1564/1564 1538/1538/1538 1539/1539/1539
f 1566/1566/1566 1565/1565/1565 1539/1539/1539 1540/1540/1540
f 1567/1567/1567 1566/1566/1566 1540/1540/1540 1541/1541/1541
f 1569/1569/1569 1568/1568/1568 1542/1542/1542 1543/1543/1543
f 1570/1570/1570 1569/1569/1569 1543/1543/1543 1544/1544/1544
f 1571/1571/1571 1570/1570/1570 1544/1544/1544 1545/1545/1545
f 1572/1572/1572 1571/1571/1571 1545/1545/1545 1546/1546/1546
f 1573/1573/1573 1572/1572/1572 1546/1546/1546 1547/1547/1547
f 1574/1574/1574 1573/1573/1573 1547/1547/1547 1548/1548/1548
f 1575/1575/1575 1574/1574/1574 1548/1548/1548 1549/1549/1549
f 1576/1576/1576 1575/1575/1575 1549/1549/1549 1550/1550/1550
f 1577/1577/1577 1576/1576/1576 1550/1550/1550 1551/1551/1551
f 1578/1578/1578 1577/1577/1577 1551/1551/1551 1552/1552/1552
f 1579/1579/1579 1578/1578/1578 1552/1552/1552 1553/1553/1553
f 1580/1580/1580 1579/1579/1579 1553/1553/1553 1554/1554/1554
f 1582/1582/1582 1581/1581/1581 1555/1555/1555 1556/1556/1556
f 1583/1583/1583 1582/1582/1582 1556/1556/1556 1557/1557/1557
f 1584/1584/1584 1583/1583/1583 1557/1557/1557 1558/1558/1558
f 1585/1585/1585 1584/1584/1584 1558/1558/1558 1559/1559/1559
f 1586/1586/1586 1585/1585/1585 1559/1559/1559 1560/1560/1560
f 1587/1587/1587 1586/1586/1586 1560/1560/1560 1561/1561/1561
f 1588/1588/1588 1587/1587/1587 1561/1561/1561 1562/1562/1562
f 1589/1589/1589 1588/1588/1588 1562/1562/1562 1563/1563/1563
f 1590/1590/1590 1589/1589/1589 1563/1563/1563 1564/1564/1564
f 1591/1591/1591 1590/1590/1590 1564/1564/1564 1565/1565/1565
f 1592/1592/1592 1591/1591/1591 1565/1565/1565 1566/1566/1566
f 1594/1594/1594 1593/1593/1593 1569/1569/1569 1570/1570/1570
f 1595/1595/1595 1594/1594/1594 1570/1570/1570 1571/1571/1571
f 1596/1596/1596 1595/1595/1595 1571/1571/1571 1572/1572/1572
f 1597/1597/1597 1596/1596/1596 1572/1572/1572 1573/1573/1573
f 1598/1598/1598 1597/1597/1597 1573/1573/1573 1574/1574/1574
f 1599/1599/1599 1598/1598/1598 1574/1574/1574 1575/1575/1575
f 1600/1600/1600 1599/1599/1599 1575/1575/1575 1576/1576/1576
f 1601/1601/1601 1600/1600/1600 1576/1576/1576 1577/1577/1577
f 1602/1602/1602 1601/1601/1601 1577/1577/1577 1578/1578/1578
f 1603/1603/1603 1602/1602/1602 1578/1578/1578 1579/1579/1579
f 1604/1604/1604 1603/1603/1603 1579/1579/1579 1580/1580/1580
f 1690/1690/1690 1170/1170/1170 1637/1637/1637
f 1636/1636/1636 1173/1173/1173 1172/1172/1172 1637/1637/1637
f 1634/1634/1634 1175/1175/1175 1174/1174/1174 1635/1635/1635
f 1632/1632/1632 1177/1177/1177 1176/1176/1176 1633/1633/1633
f 1633/1633/1633 1176/1176/1176 1175/1175/1175 1634/1634/1634
f 1635/1635/1635 1174/1174/1174 1173/1173/1173 1636/1636/1636
f 1690/1690/1690 1172/1172/1172 1203/1203/1203 1691/1691/1691
f 1631/1631/1631 1178/1178/1178 1177/1177/1177 1632/1632/1632
f 1690/1690/1690 1637/1637/1637 1172/1172/1172
f 1629/1629/1629 1180/1180/1180 1179/1179/1179 1630/1630/1630
f 1628/1628/1628 1181/1181/1181 1180/1180/1180 1629/1629/1629
f 1626/1626/1626 1183/1183/1183 1182/1182/1182 1627/1627/1627
f 1624/1624/1624 1185/1185/1185 1184/1184/1184 1625/1625/1625
f 1625/1625/1625 1184/1184/1184 1183/1183/1183 1626/1626/1626
f 1627/1627/1627 1182/1182/1182 1181/1181/1181 1628/1628/1628
f 1622/1622/1622 1187/1187/1187 1186/1186/1186 1623/1623/1623
f 1623/1623/1623 1186/1186/1186 1185/1185/1185 1624/1624/1624
f 1178/1178/1178 1631/1631/1631 1630/1630/1630 1179/1179/1179
f 1691/1691/1691 1203/1203/1203 1234/1234/1234 1692/1692/1692
f 1692/1692/1692 1234/1234/1234 1265/1265/1265 1693/1693/1693
f 1296/1296/1296 1694/1694/1694 1693/1693/1693 1265/1265/1265
f 1695/1695/1695 1327/1327/1327 1358/1358/1358 1696/1696/1696
f 1696/1696/1696 1358/1358/1358 1389/1389/1389 1697/1697/1697
f 1327/1327/1327 1695/1695/1695 1694/1694/1694 1296/1296/1296
f 1698/1698/1698 1419/1419/1419 1449/1449/1449 1699/1699/1699
f 1697/1697/1697 1389/1389/1389 1419/1419/1419 1698/1698/1698
f 1699/1699/1699 1449/1449/1449 1477/1477/1477 1700/1700/1700
f 1372/1372/1372 1373/1373/1373 1403/1403/1403
f 1489/1489/1489 1462/1462/1462 1714/1714/1714
f 1715/1715/1715 1462/1462/1462 1432/1432/1432
f 1715/1715/1715 1433/1433/1433 1716/1716/1716
f 1433/1433/1433 1403/1403/1403 1716/1716/1716
f 1432/1432/1432 1433/1433/1433 1715/1715/1715
f 1715/1715/1715 1714/1714/1714 1462/1462/1462
f 1403/1403/1403 1717/1717/1717 1716/1716/1716
f 1621/1621/1621 1188/1188/1188 1187/1187/1187 1622/1622/1622
f 1620/1620/1620 1189/1189/1189 1188/1188/1188 1621/1621/1621
f 1619/1619/1619 1190/1190/1190 1189/1189/1189 1620/1620/1620
f 1617/1617/1617 1192/1192/1192 1191/1191/1191 1618/1618/1618
f 1615/1615/1615 1194/1194/1194 1193/1193/1193 1616/1616/1616
f 1616/1616/1616 1193/1193/1193 1192/1192/1192 1617/1617/1617
f 1618/1618/1618 1191/1191/1191 1190/1190/1190 1619/1619/1619
f 1614/1614/1614 1195/1195/1195 1194/1194/1194 1615/1615/1615
f 1613/1613/1613 1196/1196/1196 1195/1195/1195 1614/1614/1614
f 1612/1612/1612 1197/1197/1197 1196/1196/1196 1613/1613/1613
f 1610/1610/1610 1199/1199/1199 1198/1198/1198 1611/1611/1611
f 1608/1608/1608 1201/1201/1201 1200/1200/1200 1609/1609/1609
f 1609/1609/1609 1200/1200/1200 1199/1199/1199 1610/1610/1610
f 1611/1611/1611 1198/1198/1198 1197/1197/1197 1612/1612/1612
f 1744/1744/1744 1607/1607/1607 1171/1171/1171
f 1607/1607/1607 1744/1744/1744 1202/1202/1202
f 1607/1607/1607 1202/1202/1202 1201/1201/1201 1608/1608/1608
f 1404/1404/1404 1373/1373/1373 1374/1374/1374
f 1202/1202/1202 1744/1744/1744 1743/1743/1743 1233/1233/1233
f 1264/1264/1264 1742/1742/1742 1741/1741/1741 1295/1295/1295
f 1233/1233/1233 1743/1743/1743 1742/1742/1742 1264/1264/1264
f 1718/1718/1718 1717/1717/1717 1404/1404/1404
f 1403/1403/1403 1373/1373/1373 1404/1404/1404
f 1404/1404/1404 1434/1434/1434 1718/1718/1718
f 1719/1719/1719 1718/1718/1718 1434/1434/1434
f 1463/1463/1463 1719/1719/1719 1435/1435/1435
f 1434/1434/1434 1435/1435/1435 1719/1719/1719
f 1719/1719/1719 1463/1463/1463 1720/1720/1720
f 1404/1404/1404 1717/1717/1717 1403/1403/1403
f 1295/1295/1295 1741/1741/1741 1740/1740/1740 1326/1326/1326
f 1326/1326/1326 1740/1740/1740 1739/1739/1739 1357/1357/1357
f 1738/1738/1738 1388/1388/1388 1357/1357/1357 1739/1739/1739
f 1388/1388/1388 1738/1738/1738 1737/1737/1737 1418/1418/1418
f 1448/1448/1448 1736/1736/1736 1735/1735/1735 1476/1476/1476
f 1418/1418/1418 1737/1737/1737 1736/1736/1736 1448/1448/1448
f 1734/1734/1734 1502/1502/1502 1476/1476/1476 1735/1735/1735
f 1463/1463/1463 1490/1490/1490 1720/1720/1720
f 1701/1701/1701 1503/1503/1503 1529/1529/1529 1702/1702/1702
f 1702/1702/1702 1529/1529/1529 1555/1555/1555 1703/1703/1703
f 1503/1503/1503 1701/1701/1701 1700/1700/1700 1477/1477/1477
f 1703/1703/1703 1555/1555/1555 1581/1581/1581 1704/1704/1704
f 1664/1664/1664 1704/1704/1704 1581/1581/1581
f 1583/1583/1583 1669/1669/1669 1668/1668/1668 1582/1582/1582
f 1582/1582/1582 1667/1667/1667 1666/1666/1666 1581/1581/1581
f 1585/1585/1585 1673/1673/1673 1672/1672/1672 1584/1584/1584
f 1587/1587/1587 1677/1677/1677 1676/1676/1676 1586/1586/1586
f 1586/1586/1586 1675/1675/1675 1674/1674/1674 1585/1585/1585
f 1584/1584/1584 1671/1671/1671 1670/1670/1670 1583/1583/1583
f 1712/1712/1712 1515/1515/1515 1489/1489/1489
f 1710/1710/1710 1541/1541/1541 1515/1515/1515
f 1489/1489/1489 1713/1713/1713 1712/1712/1712
f 1515/1515/1515 1711/1711/1711 1710/1710/1710
f 1711/1711/1711 1515/1515/1515 1712/1712/1712
f 1710/1710/1710 1709/1709/1709 1541/1541/1541
f 1567/1567/1567 1541/1541/1541 1708/1708/1708
f 1707/1707/1707 1592/1592/1592 1567/1567/1567
f 1589/1589/1589 1680/1680/1680 1679/1679/1679 1588/1588/1588
f 1567/1567/1567 1592/1592/1592 1566/1566/1566
f 1708/1708/1708 1541/1541/1541 1709/1709/1709
f 1707/1707/1707 1706/1706/1706 1592/1592/1592
f 1707/1707/1707 1567/1567/1567 1708/1708/1708
f 1588/1588/1588 1679/1679/1679 1678/1678/1678 1587/1587/1587
f 1664/1664/1664 1581/1581/1581 1665/1665/1665
f 1665/1665/1665 1581/1581/1581 1666/1666/1666
f 1667/1667/1667 1582/1582/1582 1668/1668/1668
f 1669/1669/1669 1583/1583/1583 1670/1670/1670
f 1671/1671/1671 1584/1584/1584 1672/1672/1672
f 1673/1673/1673 1585/1585/1585 1674/1674/1674
f 1675/1675/1675 1586/1586/1586 1676/1676/1676
f 1677/1677/1677 1587/1587/1587 1678/1678/1678
f 1681/1681/1681 1589/1589/1589 1682/1682/1682
f 1680/1680/1680 1589/1589/1589 1681/1681/1681
f 1591/1591/1591 1684/1684/1684 1683/1683/1683 1590/1590/1590
f 1706/1706/1706 1705/1705/1705 1592/1592/1592
f 1592/1592/1592 1705/1705/1705 1688/1688/1688
f 1592/1592/1592 1686/1686/1686 1685/1685/1685 1591/1591/1591
f 1682/1682/1682 1589/1589/1589 1590/1590/1590
f 1590/1590/1590 1683/1683/1683 1682/1682/1682
f 1591/1591/1591 1685/1685/1685 1684/1684/1684
f 1592/1592/1592 1687/1687/1687 1686/1686/1686
f 1705/1705/1705 1689/1689/1689 1688/1688/1688
f 1592/1592/1592 1688/1688/1688 1687/1687/1687
f 1605/1605/1605 1704/1704/1704 1664/1664/1664
f 1516/1516/1516 1723/1723/1723 1722/1722/1722
f 1490/1490/1490 1722/1722/1722 1721/1721/1721
f 1516/1516/1516 1722/1722/1722 1490/1490/1490
f 1516/1516/1516 1542/1542/1542 1724/1724/1724
f 1725/1725/1725 1724/1724/1724 1542/1542/1542
f 1516/1516/1516 1724/1724/1724 1723/1723/1723
f 1721/1721/1721 1720/1720/1720 1490/1490/1490
f 1542/1542/1542 1568/1568/1568 1726/1726/1726
f 1745/1745/1745 1728/1728/1728 1727/1727/1727
f 1568/1568/1568 1727/1727/1727 1726/1726/1726
f 1569/1569/1569 1593/1593/1593 1745/1745/1745 1568/1568/1568
f 1729/1729/1729 1745/1745/1745 1593/1593/1593
f 1745/1745/1745 1727/1727/1727 1568/1568/1568
f 1745/1745/1745 1729/1729/1729 1728/1728/1728
f 1726/1726/1726 1725/1725/1725 1542/1542/1542
f 1502/1502/1502 1734/1734/1734 1733/1733/1733 1528/1528/1528
f 1554/1554/1554 1732/1732/1732 1731/1731/1731 1580/1580/1580
f 1528/1528/1528 1733/1733/1733 1732/1732/1732 1554/1554/1554
f 1730/1730/1730 1604/1604/1604 1580/1580/1580 1731/1731/1731
f 1595/1595/1595 1644/1644/1644 1643/1643/1643 1594/1594/1594
f 1597/1597/1597 1648/1648/1648 1647/1647/1647 1596/1596/1596
f 1596/1596/1596 1646/1646/1646 1645/1645/1645 1595/1595/1595
f 1599/1599/1599 1651/1651/1651 1650/1650/1650 1598/1598/1598
f 1601/1601/1601 1655/1655/1655 1654/1654/1654 1600/1600/1600
f 1600/1600/1600 1653/1653/1653 1652/1652/1652 1599/1599/1599
f 1598/1598/1598 1649/1649/1649 1648/1648/1648 1597/1597/1597
f 1594/1594/1594 1642/1642/1642 1641/1641/1641 1593/1593/1593
f 1639/1639/1639 1638/1638/1638 1729/1729/1729
f 1593/1593/1593 1640/1640/1640 1639/1639/1639
f 1640/1640/1640 1593/1593/1593 1641/1641/1641
f 1642/1642/1642 1594/1594/1594 1643/1643/1643
f 1644/1644/1644 1595/1595/1595 1645/1645/1645
f 1646/1646/1646 1596/1596/1596 1647/1647/1647
f 1598/1598/1598 1650/1650/1650 1649/1649/1649
f 1599/1599/1599 1652/1652/1652 1651/1651/1651
f 1653/1653/1653 1600/1600/1600 1654/1654/1654
f 1655/1655/1655 1601/1601/1601 1656/1656/1656
f 1603/1603/1603 1659/1659/1659 1658/1658/1658 1602/1602/1602
f 1602/1602/1602 1657/1657/1657 1656/1656/1656 1601/1601/1601
f 1604/1604/1604 1661/1661/1661 1660/1660/1660 1603/1603/1603
f 1602/1602/1602 1658/1658/1658 1657/1657/1657
f 1603/1603/1603 1660/1660/1660 1659/1659/1659
f 1604/1604/1604 1662/1662/1662 1661/1661/1661
f 1663/1663/1663 1730/1730/1730 1606/1606/1606
f 1604/1604/1604 1663/1663/1663 1662/1662/1662
f 1604/1604/1604 1730/1730/1730 1663/1663/1663
f 1593/1593/1593 1639/1639/1639 1729/1729/1729
f 1713/1713/1713 1489/1489/1489 1714/1714/1714
f 1749/1749/1749 1813/1813/1813 1815/1815/1815 1812/1812/1812
f 1813/1813/1813 1747/1747/1747 1814/1814/1814 1815/1815/1815
f 1751/1751/1751 1817/1817/1817 1818/1818/1818 1816/1816/1816
f 1817/1817/1817 1749/1749/1749 1812/1812/1812 1818/1818/1818
f 1753/1753/1753 1820/1820/1820 1821/1821/1821 1819/1819/1819
f 1820/1820/1820 1751/1751/1751 1816/1816/1816 1821/1821/1821
f 1757/1757/1757 1823/1823/1823 1825/1825/1825 1822/1822/1822
f 1823/1823/1823 1755/1755/1755 1824/1824/1824 1825/1825/1825
f 1759/1759/1759 1827/1827/1827 1828/1828/1828 1826/1826/1826
f 1827/1827/1827 1757/1757/1757 1822/1822/1822 1828/1828/1828
f 1827/1827/1827 1759/1759/1759 1958/1958/1958
f 1761/1761/1761 1830/1830/1830 1831/1831/1831 1829/1829/1829
f 1830/1830/1830 1759/1759/1759 1826/1826/1826 1831/1831/1831
f 1959/1959/1959 1958/1958/1958 1759/1759/1759 1830/1830/1830
f 1946/1946/1946 1959/1959/1959 1830/1830/1830 1761/1761/1761
f 1763/1763/1763 1833/1833/1833 1834/1834/1834 1832/1832/1832
f 1833/1833/1833 1761/1761/1761 1829/1829/1829 1834/1834/1834
f 1947/1947/1947 1946/1946/1946 1761/1761/1761 1833/1833/1833
f 1944/1944/1944 1947/1947/1947 1833/1833/1833 1763/1763/1763
f 1765/1765/1765 1836/1836/1836 1837/1837/1837 1835/1835/1835
f 1836/1836/1836 1763/1763/1763 1832/1832/1832 1837/1837/1837
f 1945/1945/1945 1944/1944/1944 1763/1763/1763 1836/1836/1836
f 1942/1942/1942 1945/1945/1945 1836/1836/1836 1765/1765/1765
f 1767/1767/1767 1839/1839/1839 1840/1840/1840 1838/1838/1838
f 1839/1839/1839 1765/1765/1765 1835/1835/1835 1840/1840/1840
f 1943/1943/1943 1942/1942/1942 1765/1765/1765 1839/1839/1839
f 1941/1941/1941 1943/1943/1943 1839/1839/1839 1767/1767/1767
f 1769/1769/1769 1842/1842/1842 1843/1843/1843 1841/1841/1841
f 1842/1842/1842 1767/1767/1767 1838/1838/1838 1843/1843/1843
f 1773/1773/1773 1845/1845/1845 1847/1847/1847 1844/1844/1844
f 1845/1845/1845 1771/1771/1771 1846/1846/1846 1847/1847/1847
f 1775/1775/1775 1849/1849/1849 1850/1850/1850 1848/1848/1848
f 1849/1849/1849 1773/1773/1773 1844/1844/1844 1850/1850/1850
f 1777/1777/1777 1852/1852/1852 1853/1853/1853 1851/1851/1851
f 1852/1852/1852 1775/1775/1775 1848/1848/1848 1853/1853/1853
f 1779/1779/1779 1855/1855/1855 1856/1856/1856 1854/1854/1854
f 1855/1855/1855 1777/1777/1777 1851/1851/1851 1856/1856/1856
f 1781/1781/1781 1858/1858/1858 1859/1859/1859 1857/1857/1857
f 1858/1858/1858 1779/1779/1779 1854/1854/1854 1859/1859/1859
f 1783/1783/1783 1861/1861/1861 1862/1862/1862 1860/1860/1860
f 1861/1861/1861 1781/1781/1781 1857/1857/1857 1862/1862/1862
f 1785/1785/1785 1864/1864/1864 1865/1865/1865 1863/1863/1863
f 1864/1864/1864 1783/1783/1783 1860/1860/1860 1865/1865/1865
f 1789/1789/1789 1867/1867/1867 1869/1869/1869 1866/1866/1866
f 1867/1867/1867 1787/1787/1787 1868/1868/1868 1869/1869/1869
f 1791/1791/1791 1871/1871/1871 1872/1872/1872 1870/1870/1870
f 1871/1871/1871 1789/1789/1789 1866/1866/1866 1872/1872/1872
f 1871/1871/1871 1791/1791/1791 1917/1917/1917
f 1793/1793/1793 1874/1874/1874 1875/1875/1875 1873/1873/1873
f 1874/1874/1874 1791/1791/1791 1870/1870/1870 1875/1875/1875
f 1918/1918/1918 1917/1917/1917 1791/1791/1791 1874/1874/1874
f 1915/1915/1915 1918/1918/1918 1874/1874/1874 1793/1793/1793
f 1795/1795/1795 1877/1877/1877 1878/1878/1878 1876/1876/1876
f 1877/1877/1877 1793/1793/1793 1873/1873/1873 1878/1878/1878
f 1916/1916/1916 1915/1915/1915 1793/1793/1793 1877/1877/1877
f 1913/1913/1913 1916/1916/1916 1877/1877/1877 1795/1795/1795
f 1797/1797/1797 1880/1880/1880 1881/1881/1881 1879/1879/1879
f 1880/1880/1880 1795/1795/1795 1876/1876/1876 1881/1881/1881
f 1914/1914/1914 1913/1913/1913 1795/1795/1795 1880/1880/1880
f 1912/1912/1912 1914/1914/1914 1880/1880/1880 1797/1797/1797
f 1799/1799/1799 1883/1883/1883 1884/1884/1884 1882/1882/1882
f 1883/1883/1883 1797/1797/1797 1879/1879/1879 1884/1884/1884
f 1930/1930/1930 1912/1912/1912 1797/1797/1797 1883/1883/1883
f 1929/1929/1929 1930/1930/1930 1883/1883/1883 1799/1799/1799
f 1801/1801/1801 1886/1886/1886 1887/1887/1887 1885/1885/1885
f 1886/1886/1886 1799/1799/1799 1882/1882/1882 1887/1887/1887
f 1805/1805/1805 1889/1889/1889 1891/1891/1891 1888/1888/1888
f 1889/1889/1889 1803/1803/1803 1890/1890/1890 1891/1891/1891
f 1807/1807/1807 1893/1893/1893 1894/1894/1894 1892/1892/1892
f 1893/1893/1893 1805/1805/1805 1888/1888/1888 1894/1894/1894
f 1809/1809/1809 1896/1896/1896 1897/1897/1897 1895/1895/1895
f 1896/1896/1896 1807/1807/1807 1892/1892/1892 1897/1897/1897
f 1811/1811/1811 1899/1899/1899 1900/1900/1900 1898/1898/1898
f 1899/1899/1899 1809/1809/1809 1895/1895/1895 1900/1900/1900
f 1815/1815/1815 1814/1814/1814 1746/1746/1746
f 1748/1748/1748 1815/1815/1815 1746/1746/1746
f 1748/1748/1748 1812/1812/1812 1815/1815/1815
f 1748/1748/1748 1818/1818/1818 1812/1812/1812
f 1818/1818/1818 1748/1748/1748 1750/1750/1750
f 1816/1816/1816 1818/1818/1818 1750/1750/1750
f 1752/1752/1752 1821/1821/1821 1750/1750/1750
f 1756/1756/1756 1825/1825/1825 1754/1754/1754
f 1756/1756/1756 1758/1758/1758 1828/1828/1828 1822/1822/1822
f 1754/1754/1754 1824/1824/1824 1819/1819/1819 1752/1752/1752
f 1758/1758/1758 1760/1760/1760 1829/1829/1829 1831/1831/1831
f 1750/1750/1750 1821/1821/1821 1816/1816/1816
f 1752/1752/1752 1819/1819/1819 1821/1821/1821
f 1824/1824/1824 1755/1755/1755 1753/1753/1753 1819/1819/1819
f 1754/1754/1754 1825/1825/1825 1824/1824/1824
f 1758/1758/1758 1826/1826/1826 1828/1828/1828
f 1760/1760/1760 1834/1834/1834 1829/1829/1829
f 1831/1831/1831 1826/1826/1826 1758/1758/1758
f 1822/1822/1822 1825/1825/1825 1756/1756/1756
f 1834/1834/1834 1760/1760/1760 1762/1762/1762
f 1837/1837/1837 1762/1762/1762 1764/1764/1764
f 1840/1840/1840 1835/1835/1835 1764/1764/1764
f 1762/1762/1762 1837/1837/1837 1832/1832/1832
f 1764/1764/1764 1835/1835/1835 1837/1837/1837
f 1766/1766/1766 1840/1840/1840 1764/1764/1764
f 1834/1834/1834 1762/1762/1762 1832/1832/1832
f 1766/1766/1766 1768/1768/1768 1843/1843/1843 1838/1838/1838
f 1770/1770/1770 1846/1846/1846 1841/1841/1841 1768/1768/1768
f 1774/1774/1774 1850/1850/1850 1772/1772/1772
f 1774/1774/1774 1776/1776/1776 1851/1851/1851 1853/1853/1853
f 1770/1770/1770 1772/1772/1772 1847/1847/1847 1846/1846/1846
f 1778/1778/1778 1856/1856/1856 1776/1776/1776
f 1766/1766/1766 1838/1838/1838 1840/1840/1840
f 1846/1846/1846 1771/1771/1771 1769/1769/1769 1841/1841/1841
f 1841/1841/1841 1843/1843/1843 1768/1768/1768
f 1772/1772/1772 1850/1850/1850 1844/1844/1844
f 1774/1774/1774 1848/1848/1848 1850/1850/1850
f 1778/1778/1778 1854/1854/1854 1856/1856/1856
f 1856/1856/1856 1851/1851/1851 1776/1776/1776
f 1853/1853/1853 1848/1848/1848 1774/1774/1774
f 1844/1844/1844 1847/1847/1847 1772/1772/1772
f 1854/1854/1854 1778/1778/1778 1859/1859/1859
f 1956/1956/1956 1813/1813/1813 1749/1749/1749
f 1956/1956/1956 1749/1749/1749 1817/1817/1817
f 1957/1957/1957 1813/1813/1813 1956/1956/1956
f 1817/1817/1817 1955/1955/1955 1956/1956/1956
f 1817/1817/1817 1751/1751/1751 1955/1955/1955
f 1747/1747/1747 1813/1813/1813 1957/1957/1957
f 1820/1820/1820 1955/1955/1955 1751/1751/1751
f 1753/1753/1753 1954/1954/1954 1820/1820/1820
f 1823/1823/1823 1953/1953/1953 1755/1755/1755
f 1757/1757/1757 1952/1952/1952 1823/1823/1823
f 1755/1755/1755 1954/1954/1954 1753/1753/1753
f 1827/1827/1827 1951/1951/1951 1757/1757/1757
f 1958/1958/1958 1951/1951/1951 1827/1827/1827
f 1953/1953/1953 1954/1954/1954 1755/1755/1755
f 1952/1952/1952 1757/1757/1757 1951/1951/1951
f 1823/1823/1823 1952/1952/1952 1953/1953/1953
f 1950/1950/1950 1951/1951/1951 1958/1958/1958
f 1954/1954/1954 1955/1955/1955 1820/1820/1820
f 1949/1949/1949 1959/1959/1959 1946/1946/1946
f 1948/1948/1948 1946/1946/1946 1947/1947/1947
f 1959/1959/1959 1949/1949/1949 1950/1950/1950
f 1947/1947/1947 1940/1940/1940 1948/1948/1948
f 1948/1948/1948 1949/1949/1949 1946/1946/1946
f 1940/1940/1940 1947/1947/1947 1944/1944/1944
f 1958/1958/1958 1959/1959/1959 1950/1950/1950
f 1842/1842/1842 1941/1941/1941 1767/1767/1767
f 1769/1769/1769 1935/1935/1935 1842/1842/1842
f 1845/1845/1845 1934/1934/1934 1771/1771/1771
f 1773/1773/1773 1933/1933/1933 1845/1845/1845
f 1771/1771/1771 1935/1935/1935 1769/1769/1769
f 1775/1775/1775 1932/1932/1932 1849/1849/1849
f 1852/1852/1852 1932/1932/1932 1775/1775/1775
f 1855/1855/1855 1931/1931/1931 1777/1777/1777
f 1852/1852/1852 1777/1777/1777 1931/1931/1931
f 1911/1911/1911 1931/1931/1931 1855/1855/1855
f 1933/1933/1933 1773/1773/1773 1849/1849/1849
f 1852/1852/1852 1931/1931/1931 1932/1932/1932
f 1940/1940/1940 1945/1945/1945 1939/1939/1939
f 1939/1939/1939 1945/1945/1945 1942/1942/1942
f 1939/1939/1939 1942/1942/1942 1938/1938/1938
f 1943/1943/1943 1938/1938/1938 1942/1942/1942
f 1937/1937/1937 1938/1938/1938 1943/1943/1943
f 1944/1944/1944 1945/1945/1945 1940/1940/1940
f 1771/1771/1771 1934/1934/1934 1935/1935/1935
f 1936/1936/1936 1937/1937/1937 1941/1941/1941
f 1943/1943/1943 1941/1941/1941 1937/1937/1937
f 1842/1842/1842 1936/1936/1936 1941/1941/1941
f 1842/1842/1842 1935/1935/1935 1936/1936/1936
f 1934/1934/1934 1845/1845/1845 1933/1933/1933
f 1933/1933/1933 1849/1849/1849 1932/1932/1932
f 1780/1780/1780 1857/1857/1857 1859/1859/1859
f 1778/1778/1778 1780/1780/1780 1859/1859/1859
f 1780/1780/1780 1782/1782/1782 1862/1862/1862 1857/1857/1857
f 1782/1782/1782 1860/1860/1860 1862/1862/1862
f 1860/1860/1860 1782/1782/1782 1865/1865/1865
f 1863/1863/1863 1865/1865/1865 1784/1784/1784
f 1786/1786/1786 1868/1868/1868 1863/1863/1863 1784/1784/1784
f 1788/1788/1788 1790/1790/1790 1870/1870/1870 1872/1872/1872
f 1869/1869/1869 1786/1786/1786 1788/1788/1788
f 1792/1792/1792 1875/1875/1875 1790/1790/1790
f 1782/1782/1782 1784/1784/1784 1865/1865/1865
f 1786/1786/1786 1869/1869/1869 1868/1868/1868
f 1868/1868/1868 1787/1787/1787 1785/1785/1785 1863/1863/1863
f 1911/1911/1911 1779/1779/1779 1858/1858/1858
f 1910/1910/1910 1858/1858/1858 1781/1781/1781
f 1788/1788/1788 1872/1872/1872 1866/1866/1866
f 1792/1792/1792 1873/1873/1873 1875/1875/1875
f 1792/1792/1792 1878/1878/1878 1873/1873/1873
f 1875/1875/1875 1870/1870/1870 1790/1790/1790
f 1866/1866/1866 1869/1869/1869 1788/1788/1788
f 1878/1878/1878 1792/1792/1792 1794/1794/1794
f 1794/1794/1794 1796/1796/1796 1879/1879/1879 1881/1881/1881
f 1884/1884/1884 1879/1879/1879 1796/1796/1796
f 1794/1794/1794 1881/1881/1881 1876/1876/1876
f 1798/1798/1798 1884/1884/1884 1796/1796/1796
f 1878/1878/1878 1794/1794/1794 1876/1876/1876
f 1800/1800/1800 1887/1887/1887 1798/1798/1798
f 1802/1802/1802 1890/1890/1890 1885/1885/1885 1800/1800/1800
f 1804/1804/1804 1806/1806/1806 1892/1892/1892 1894/1894/1894
f 1806/1806/1806 1808/1808/1808 1895/1895/1895 1897/1897/1897
f 1804/1804/1804 1891/1891/1891 1802/1802/1802
f 1810/1810/1810 1900/1900/1900 1808/1808/1808
f 1798/1798/1798 1882/1882/1882 1884/1884/1884
f 1798/1798/1798 1887/1887/1887 1882/1882/1882
f 1802/1802/1802 1891/1891/1891 1890/1890/1890
f 1890/1890/1890 1803/1803/1803 1801/1801/1801 1885/1885/1885
f 1885/1885/1885 1887/1887/1887 1800/1800/1800
f 1804/1804/1804 1894/1894/1894 1888/1888/1888
f 1810/1810/1810 1898/1898/1898 1900/1900/1900
f 1900/1900/1900 1895/1895/1895 1808/1808/1808
f 1897/1897/1897 1892/1892/1892 1806/1806/1806
f 1888/1888/1888 1891/1891/1891 1804/1804/1804
f 1909/1909/1909 1861/1861/1861 1783/1783/1783
f 1909/1909/1909 1783/1783/1783 1864/1864/1864
f 1910/1910/1910 1911/1911/1911 1858/1858/1858
f 1861/1861/1861 1909/1909/1909 1910/1910/1910
f 1909/1909/1909 1864/1864/1864 1908/1908/1908
f 1861/1861/1861 1910/1910/1910 1781/1781/1781
f 1908/1908/1908 1785/1785/1785 1787/1787/1787
f 1907/1907/1907 1908/1908/1908 1787/1787/1787
f 1867/1867/1867 1789/1789/1789 1906/1906/1906
f 1907/1907/1907 1787/1787/1787 1867/1867/1867
f 1871/1871/1871 1905/1905/1905 1789/1789/1789
f 1864/1864/1864 1785/1785/1785 1908/1908/1908
f 1917/1917/1917 1905/1905/1905 1871/1871/1871
f 1904/1904/1904 1917/1917/1917 1918/1918/1918
f 1907/1907/1907 1867/1867/1867 1906/1906/1906
f 1905/1905/1905 1906/1906/1906 1789/1789/1789
f 1917/1917/1917 1904/1904/1904 1905/1905/1905
f 1904/1904/1904 1918/1918/1918 1903/1903/1903
f 1902/1902/1902 1915/1915/1915 1916/1916/1916
f 1901/1901/1901 1916/1916/1916 1913/1913/1913
f 1902/1902/1902 1903/1903/1903 1915/1915/1915
f 1928/1928/1928 1901/1901/1901 1914/1914/1914
f 1916/1916/1916 1901/1901/1901 1902/1902/1902
f 1913/1913/1913 1914/1914/1914 1901/1901/1901
f 1918/1918/1918 1915/1915/1915 1903/1903/1903
f 1929/1929/1929 1799/1799/1799 1886/1886/1886
f 1924/1924/1924 1886/1886/1886 1801/1801/1801
f 1923/1923/1923 1803/1803/1803 1889/1889/1889
f 1922/1922/1922 1889/1889/1889 1805/1805/1805
f 1924/1924/1924 1801/1801/1801 1803/1803/1803
f 1921/1921/1921 1893/1893/1893 1807/1807/1807
f 1921/1921/1921 1807/1807/1807 1896/1896/1896
f 1920/1920/1920 1809/1809/1809 1899/1899/1899
f 1919/1919/1919 1899/1899/1899 1811/1811/1811
f 1920/1920/1920 1896/1896/1896 1809/1809/1809
f 1922/1922/1922 1805/1805/1805 1893/1893/1893
f 1927/1927/1927 1912/1912/1912 1930/1930/1930
f 1926/1926/1926 1930/1930/1930 1929/1929/1929
f 1912/1912/1912 1927/1927/1927 1928/1928/1928
f 1930/1930/1930 1926/1926/1926 1927/1927/1927
f 1926/1926/1926 1929/1929/1929 1925/1925/1925
f 1914/1914/1914 1912/1912/1912 1928/1928/1928
f 1896/1896/1896 1920/1920/1920 1921/1921/1921
f 1899/1899/1899 1919/1919/1919 1920/1920/1920
f 1886/1886/1886 1925/1925/1925 1929/1929/1929
f 1924/1924/1924 1803/1803/1803 1923/1923/1923
f 1925/1925/1925 1886/1886/1886 1924/1924/1924
f 1923/1923/1923 1889/1889/1889 1922/1922/1922
f 1922/1922/1922 1893/1893/1893 1921/1921/1921
f 1855/1855/1855 1779/1779/1779 1911/1911/1911
f 1995/1995/1995 1993/1993/1993 1992/1992/1992 1994/1994/1994
f 1993/1993/1993 1999/1999/1999 1998/1998/1998 1992/1992/1992
f 1992/1992/1992 1998/1998/1998 2000/2000/2000 1996/1996/1996
f 1994/1994/1994 1992/1992/1992 1996/1996/1996 1997/1997/1997
f 1980/1980/1980 2000/2000/2000 1979/1979/1979
f 1979/1979/1979 2000/2000/2000 1978/1978/1978
f 1978/1978/1978 1998/1998/1998 1977/1977/1977
f 1981/1981/1981 2000/2000/2000 1980/1980/1980
f 1996/1996/1996 1983/1983/1983 1984/1984/1984
f 1996/1996/1996 2000/2000/2000 1982/1982/1982
f 1981/1981/1981 1982/1982/1982 2000/2000/2000
f 1983/1983/1983 1996/1996/1996 1982/1982/1982
f 2000/2000/2000 1998/1998/1998 1978/1978/1978
f 1996/1996/1996 1984/1984/1984 1985/1985/1985
f 1998/1998/1998 1974/1974/1974 1975/1975/1975
f 1972/1972/1972 1973/1973/1973 1999/1999/1999
f 1973/1973/1973 1974/1974/1974 1999/1999/1999
f 1976/1976/1976 1998/1998/1998 1975/1975/1975
f 1972/1972/1972 1999/1999/1999 1971/1971/1971
f 1971/1971/1971 1999/1999/1999 1970/1970/1970
f 1993/1993/1993 1969/1969/1969 1970/1970/1970
f 1993/1993/1993 1970/1970/1970 1999/1999/1999
f 1998/1998/1998 1999/1999/1999 1974/1974/1974
f 1998/1998/1998 1976/1976/1976 1977/1977/1977
f 1996/1996/1996 1986/1986/1986 1997/1997/1997
f 1990/1990/1990 1994/1994/1994 1997/1997/1997
f 1986/1986/1986 1987/1987/1987 1997/1997/1997
f 1987/1987/1987 1988/1988/1988 1997/1997/1997
f 1990/1990/1990 1997/1997/1997 1989/1989/1989
f 1991/1991/1991 1960/1960/1960 1994/1994/1994
f 1991/1991/1991 1994/1994/1994 1990/1990/1990
f 1988/1988/1988 1989/1989/1989 1997/1997/1997
f 1961/1961/1961 1994/1994/1994 1960/1960/1960
f 1966/1966/1966 1993/1993/1993 1995/1995/1995
f 1968/1968/1968 1993/1993/1993 1967/1967/1967
f 1966/1966/1966 1967/1967/1967 1993/1993/1993
f 1966/1966/1966 1995/1995/1995 1965/1965/1965
f 1969/1969/1969 1993/1993/1993 1968/1968/1968
f 1963/1963/1963 1995/1995/1995 1962/1962/1962
f 1995/1995/1995 1964/1964/1964 1965/1965/1965
f 1964/1964/1964 1995/1995/1995 1963/1963/1963
f 1962/1962/1962 1995/1995/1995 1994/1994/1994
f 1994/1994/1994 1961/1961/1961 1962/1962/1962
f 1986/1986/1986 1996/1996/1996 1985/1985/1985
f 2001/2001/2001 2039/2039/2039 2003/2003/2003 2002/2002/2002
f 2040/2040/2040 2041/2041/2041 2005/2005/2005 2004/2004/2004
f 2039/2039/2039 2040/2040/2040 2004/2004/2004 2003/2003/2003
f 2042/2042/2042 2043/2043/2043 2007/2007/2007 2006/2006/2006
f 2044/2044/2044 2045/2045/2045 2009/2009/2009 2008/2008/2008
f 2043/2043/2043 2044/2044/2044 2008/2008/2008 2007/2007/2007
f 2041/2041/2041 2042/2042/2042 2006/2006/2006 2005/2005/2005
f 2010/2010/2010 2046/2046/2046 2012/2012/2012 2011/2011/2011
f 2047/2047/2047 2048/2048/2048 2014/2014/2014 2013/2013/2013
f 2046/2046/2046 2047/2047/2047 2013/2013/2013 2012/2012/2012
f 2049/2049/2049 2050/2050/2050 2016/2016/2016 2015/2015/2015
f 2051/2051/2051 2052/2052/2052 2018/2018/2018 2017/2017/2017
f 2050/2050/2050 2051/2051/2051 2017/2017/2017 2016/2016/2016
f 2048/2048/2048 2049/2049/2049 2015/2015/2015 2014/2014/2014
f 2045/2045/2045 2010/2010/2010 2011/2011/2011 2009/2009/2009
f 2020/2020/2020 2018/2018/2018 2052/2052/2052 2019/2019/2019
f 2053/2053/2053 2054/2054/2054 2022/2022/2022 2021/2021/2021
f 2055/2055/2055 2056/2056/2056 2024/2024/2024 2023/2023/2023
f 2054/2054/2054 2055/2055/2055 2023/2023/2023 2022/2022/2022
f 2057/2057/2057 2058/2058/2058 2026/2026/2026 2025/2025/2025
f 2059/2059/2059 2028/2028/2028 2029/2029/2029 2027/2027/2027
f 2058/2058/2058 2059/2059/2059 2027/2027/2027 2026/2026/2026
f 2056/2056/2056 2057/2057/2057 2025/2025/2025 2024/2024/2024
f 2060/2060/2060 2061/2061/2061 2031/2031/2031 2030/2030/2030
f 2062/2062/2062 2063/2063/2063 2033/2033/2033 2032/2032/2032
f 2061/2061/2061 2062/2062/2062 2032/2032/2032 2031/2031/2031
f 2064/2064/2064 2065/2065/2065 2035/2035/2035 2034/2034/2034
f 2066/2066/2066 2037/2037/2037 2038/2038/2038 2036/2036/2036
f 2065/2065/2065 2066/2066/2066 2036/2036/2036 2035/2035/2035
f 2063/2063/2063 2064/2064/2064 2034/2034/2034 2033/2033/2033
f 2028/2028/2028 2060/2060/2060 2030/2030/2030 2029/2029/2029
f 2021/2021/2021 2020/2020/2020 2019/2019/2019 2053/2053/2053
f 2107/2107/2107 2100/2100/2100 2099/2099/2099 2105/2105/2105
f 2100/2100/2100 2102/2102/2102 2101/2101/2101 2099/2099/2099
f 2099/2099/2099 2101/2101/2101 2104/2104/2104 2103/2103/2103
f 2105/2105/2105 2099/2099/2099 2103/2103/2103 2106/2106/2106
f 2070/2070/2070 2071/2071/2071 2104/2104/2104
f 2070/2070/2070 2104/2104/2104 2069/2069/2069
f 2069/2069/2069 2101/2101/2101 2068/2068/2068
f 2104/2104/2104 2071/2071/2071 2072/2072/2072
f 2103/2103/2103 2074/2074/2074 2075/2075/2075
f 2103/2103/2103 2104/2104/2104 2073/2073/2073
f 2072/2072/2072 2073/2073/2073 2104/2104/2104
f 2074/2074/2074 2103/2103/2103 2073/2073/2073
f 2104/2104/2104 2101/2101/2101 2069/2069/2069
f 2103/2103/2103 2075/2075/2075 2076/2076/2076
f 2097/2097/2097 2098/2098/2098 2101/2101/2101
f 2096/2096/2096 2097/2097/2097 2102/2102/2102
f 2102/2102/2102 2095/2095/2095 2096/2096/2096
f 2101/2101/2101 2098/2098/2098 2067/2067/2067
f 2095/2095/2095 2102/2102/2102 2094/2094/2094
f 2094/2094/2094 2102/2102/2102 2093/2093/2093
f 2100/2100/2100 2092/2092/2092 2093/2093/2093
f 2100/2100/2100 2093/2093/2093 2102/2102/2102
f 2101/2101/2101 2102/2102/2102 2097/2097/2097
f 2101/2101/2101 2067/2067/2067 2068/2068/2068
f 2103/2103/2103 2077/2077/2077 2106/2106/2106
f 2081/2081/2081 2105/2105/2105 2106/2106/2106
f 2077/2077/2077 2078/2078/2078 2106/2106/2106
f 2078/2078/2078 2079/2079/2079 2106/2106/2106
f 2081/2081/2081 2106/2106/2106 2080/2080/2080
f 2082/2082/2082 2083/2083/2083 2105/2105/2105
f 2082/2082/2082 2105/2105/2105 2081/2081/2081
f 2079/2079/2079 2080/2080/2080 2106/2106/2106
f 2084/2084/2084 2105/2105/2105 2083/2083/2083
f 2089/2089/2089 2100/2100/2100 2107/2107/2107
f 2091/2091/2091 2100/2100/2100 2090/2090/2090
f 2089/2089/2089 2090/2090/2090 2100/2100/2100
f 2089/2089/2089 2107/2107/2107 2088/2088/2088
f 2092/2092/2092 2100/2100/2100 2091/2091/2091
f 2107/2107/2107 2085/2085/2085 2086/2086/2086
f 2088/2088/2088 2107/2107/2107 2087/2087/2087
f 2087/2087/2087 2107/2107/2107 2086/2086/2086
f 2107/2107/2107 2105/2105/2105 2085/2085/2085
f 2105/2105/2105 2084/2084/2084 2085/2085/2085
f 2077/2077/2077 2103/2103/2103 2076/2076/2076
f 2108/2108/2108 2146/2146/2146 2110/2110/2110 2109/2109/2109
f 2147/2147/2147 2148/2148/2148 2112/2112/2112 2111/2111/2111
f 2146/2146/2146 2147/2147/2147 2111/2111/2111 2110/2110/2110
f 2149/2149/2149 2150/2150/2150 2114/2114/2114 2113/2113/2113
f 2151/2151/2151 2152/2152/2152 2116/2116/2116 2115/2115/2115
f 2150/2150/2150 2151/2151/2151 2115/2115/2115 2114/2114/2114
f 2148/2148/2148 2149/2149/2149 2113/2113/2113 2112/2112/2112
f 2117/2117/2117 2153/2153/2153 2119/2119/2119 2118/2118/2118
f 2154/2154/2154 2155/2155/2155 2121/2121/2121 2120/2120/2120
f 2153/2153/2153 2154/2154/2154 2120/2120/2120 2119/2119/2119
f 2156/2156/2156 2157/2157/2157 2123/2123/2123 2122/2122/2122
f 2158/2158/2158 2159/2159/2159 2125/2125/2125 2124/2124/2124
f 2157/2157/2157 2158/2158/2158 2124/2124/2124 2123/2123/2123
f 2155/2155/2155 2156/2156/2156 2122/2122/2122 2121/2121/2121
f 2152/2152/2152 2117/2117/2117 2118/2118/2118 2116/2116/2116
f 2127/2127/2127 2125/2125/2125 2159/2159/2159 2126/2126/2126
f 2160/2160/2160 2161/2161/2161 2129/2129/2129 2128/2128/2128
f 2162/2162/2162 2163/2163/2163 2131/2131/2131 2130/2130/2130
f 2161/2161/2161 2162/2162/2162 2130/2130/2130 2129/2129/2129
f 2164/2164/2164 2165/2165/2165 2133/2133/2133 2132/2132/2132
f 2166/2166/2166 2135/2135/2135 2136/2136/2136 2134/2134/2134
f 2165/2165/2165 2166/2166/2166 2134/2134/2134 2133/2133/2133
f 2163/2163/2163 2164/2164/2164 2132/2132/2132 2131/2131/2131
f 2167/2167/2167 2168/2168/2168 2138/2138/2138 2137/2137/2137
f 2169/2169/2169 2170/2170/2170 2140/2140/2140 2139/2139/2139
f 2168/2168/2168 2169/2169/2169 2139/2139/2139 2138/2138/2138
f 2171/2171/2171 2172/2172/2172 2142/2142/2142 2141/2141/2141
f 2173/2173/2173 2144/2144/2144 2145/2145/2145 2143/2143/2143
f 2172/2172/2172 2173/2173/2173 2143/2143/2143 2142/2142/2142
f 2170/2170/2170 2171/2171/2171 2141/2141/2141 2140/2140/2140
f 2135/2135/2135 2167/2167/2167 2137/2137/2137 2136/2136/2136
f 2128/2128/2128 2127/2127/2127 2126/2126/2126 2160/2160/2160
f 2201/2201/2201 2176/2176/2176 2175/2175/2175 2200/2200/2200
f 2202/2202/2202 2177/2177/2177 2176/2176/2176 2201/2201/2201
f 2203/2203/2203 2178/2178/2178 2177/2177/2177 2202/2202/2202
f 2204/2204/2204 2179/2179/2179 2178/2178/2178 2203/2203/2203
f 2205/2205/2205 2180/2180/2180 2179/2179/2179 2204/2204/2204
f 2206/2206/2206 2181/2181/2181 2180/2180/2180 2205/2205/2205
f 2207/2207/2207 2182/2182/2182 2181/2181/2181 2206/2206/2206
f 2208/2208/2208 2183/2183/2183 2182/2182/2182 2207/2207/2207
f 2209/2209/2209 2184/2184/2184 2183/2183/2183 2208/2208/2208
f 2210/2210/2210 2185/2185/2185 2184/2184/2184 2209/2209/2209
f 2211/2211/2211 2186/2186/2186 2185/2185/2185 2210/2210/2210
f 2214/2214/2214 2189/2189/2189 2188/2188/2188 2213/2213/2213
f 2215/2215/2215 2190/2190/2190 2189/2189/2189 2214/2214/2214
f 2216/2216/2216 2191/2191/2191 2190/2190/2190 2215/2215/2215
f 2217/2217/2217 2192/2192/2192 2191/2191/2191 2216/2216/2216
f 2218/2218/2218 2193/2193/2193 2192/2192/2192 2217/2217/2217
f 2219/2219/2219 2194/2194/2194 2193/2193/2193 2218/2218/2218
f 2220/2220/2220 2195/2195/2195 2194/2194/2194 2219/2219/2219
f 2221/2221/2221 2196/2196/2196 2195/2195/2195 2220/2220/2220
f 2222/2222/2222 2197/2197/2197 2196/2196/2196 2221/2221/2221
f 2223/2223/2223 2198/2198/2198 2197/2197/2197 2222/2222/2222
f 2225/2225/2225 2201/2201/2201 2200/2200/2200 2224/2224/2224
f 2226/2226/2226 2202/2202/2202 2201/2201/2201 2225/2225/2225
f 2227/2227/2227 2203/2203/2203 2202/2202/2202 2226/2226/2226
f 2228/2228/2228 2204/2204/2204 2203/2203/2203 2227/2227/2227
f 2229/2229/2229 2205/2205/2205 2204/2204/2204 2228/2228/2228
f 2230/2230/2230 2206/2206/2206 2205/2205/2205 2229/2229/2229
f 2231/2231/2231 2207/2207/2207 2206/2206/2206 2230/2230/2230
f 2232/2232/2232 2208/2208/2208 2207/2207/2207 2231/2231/2231
f 2233/2233/2233 2209/2209/2209 2208/2208/2208 2232/2232/2232
f 2234/2234/2234 2210/2210/2210 2209/2209/2209 2233/2233/2233
f 2235/2235/2235 2211/2211/2211 2210/2210/2210 2234/2234/2234
f 2237/2237/2237 2213/2213/2213 2212/2212/2212 2236/2236/2236
f 2238/2238/2238 2214/2214/2214 2213/2213/2213 2237/2237/2237
f 2239/2239/2239 2215/2215/2215 2214/2214/2214 2238/2238/2238
f 2240/2240/2240 2216/2216/2216 2215/2215/2215 2239/2239/2239
f 2241/2241/2241 2217/2217/2217 2216/2216/2216 2240/2240/2240
f 2242/2242/2242 2218/2218/2218 2217/2217/2217 2241/2241/2241
f 2243/2243/2243 2219/2219/2219 2218/2218/2218 2242/2242/2242
f 2244/2244/2244 2220/2220/2220 2219/2219/2219 2243/2243/2243
f 2245/2245/2245 2221/2221/2221 2220/2220/2220 2244/2244/2244
f 2246/2246/2246 2222/2222/2222 2221/2221/2221 2245/2245/2245
f 2247/2247/2247 2223/2223/2223 2222/2222/2222 2246/2246/2246
f 2249/2249/2249 2225/2225/2225 2224/2224/2224 2248/2248/2248
f 2250/2250/2250 2226/2226/2226 2225/2225/2225 2249/2249/2249
f 2251/2251/2251 2227/2227/2227 2226/2226/2226 2250/2250/2250
f 2252/2252/2252 2228/2228/2228 2227/2227/2227 2251/2251/2251
f 2253/2253/2253 2229/2229/2229 2228/2228/2228 2252/2252/2252
f 2254/2254/2254 2230/2230/2230 2229/2229/2229 2253/2253/2253
f 2255/2255/2255 2231/2231/2231 2230/2230/2230 2254/2254/2254
f 2256/2256/2256 2232/2232/2232 2231/2231/2231 2255/2255/2255
f 2257/2257/2257 2233/2233/2233 2232/2232/2232 2256/2256/2256
f 2258/2258/2258 2234/2234/2234 2233/2233/2233 2257/2257/2257
f 2259/2259/2259 2235/2235/2235 2234/2234/2234 2258/2258/2258
f 2261/2261/2261 2237/2237/2237 2236/2236/2236 2260/2260/2260
f 2262/2262/2262 2238/2238/2238 2237/2237/2237 2261/2261/2261
f 2263/2263/2263 2239/2239/2239 2238/2238/2238 2262/2262/2262
f 2264/2264/2264 2240/2240/2240 2239/2239/2239 2263/2263/2263
f 2265/2265/2265 2241/2241/2241 2240/2240/2240 2264/2264/2264
f 2266/2266/2266 2242/2242/2242 2241/2241/2241 2265/2265/2265
f 2267/2267/2267 2243/2243/2243 2242/2242/2242 2266/2266/2266
f 2268/2268/2268 2244/2244/2244 2243/2243/2243 2267/2267/2267
f 2269/2269/2269 2245/2245/2245 2244/2244/2244 2268/2268/2268
f 2270/2270/2270 2246/2246/2246 2245/2245/2245 2269/2269/2269
f 2271/2271/2271 2247/2247/2247 2246/2246/2246 2270/2270/2270
f 2273/2273/2273 2249/2249/2249 2248/2248/2248 2272/2272/2272
f 2274/2274/2274 2250/2250/2250 2249/2249/2249 2273/2273/2273
f 2275/2275/2275 2251/2251/2251 2250/2250/2250 2274/2274/2274
f 2276/2276/2276 2252/2252/2252 2251/2251/2251 2275/2275/2275
f 2277/2277/2277 2253/2253/2253 2252/2252/2252 2276/2276/2276
f 2278/2278/2278 2254/2254/2254 2253/2253/2253 2277/2277/2277
f 2279/2279/2279 2255/2255/2255 2254/2254/2254 2278/2278/2278
f 2280/2280/2280 2256/2256/2256 2255/2255/2255 2279/2279/2279
f 2281/2281/2281 2257/2257/2257 2256/2256/2256 2280/2280/2280
f 2282/2282/2282 2258/2258/2258 2257/2257/2257 2281/2281/2281
f 2283/2283/2283 2259/2259/2259 2258/2258/2258 2282/2282/2282
f 2287/2287/2287 2261/2261/2261 2260/2260/2260 2286/2286/2286
f 2288/2288/2288 2262/2262/2262 2261/2261/2261 2287/2287/2287
f 2289/2289/2289 2263/2263/2263 2262/2262/2262 2288/2288/2288
f 2290/2290/2290 2264/2264/2264 2263/2263/2263 2289/2289/2289
f 2291/2291/2291 2265/2265/2265 2264/2264/2264 2290/2290/2290
f 2292/2292/2292 2266/2266/2266 2265/2265/2265 2291/2291/2291
f 2293/2293/2293 2267/2267/2267 2266/2266/2266 2292/2292/2292
f 2294/2294/2294 2268/2268/2268 2267/2267/2267 2293/2293/2293
f 2295/2295/2295 2269/2269/2269 2268/2268/2268 2294/2294/2294
f 2296/2296/2296 2270/2270/2270 2269/2269/2269 2295/2295/2295
f 2297/2297/2297 2271/2271/2271 2270/2270/2270 2296/2296/2296
f 2299/2299/2299 2273/2273/2273 2272/2272/2272 2298/2298/2298
f 2300/2300/2300 2274/2274/2274 2273/2273/2273 2299/2299/2299
f 2301/2301/2301 2275/2275/2275 2274/2274/2274 2300/2300/2300
f 2302/2302/2302 2276/2276/2276 2275/2275/2275 2301/2301/2301
f 2303/2303/2303 2277/2277/2277 2276/2276/2276 2302/2302/2302
f 2304/2304/2304 2278/2278/2278 2277/2277/2277 2303/2303/2303
f 2305/2305/2305 2279/2279/2279 2278/2278/2278 2304/2304/2304
f 2306/2306/2306 2280/2280/2280 2279/2279/2279 2305/2305/2305
f 2307/2307/2307 2281/2281/2281 2280/2280/2280 2306/2306/2306
f 2308/2308/2308 2282/2282/2282 2281/2281/2281 2307/2307/2307
f 2309/2309/2309 2283/2283/2283 2282/2282/2282 2308/2308/2308
f 2310/2310/2310 2284/2284/2284 2283/2283/2283 2309/2309/2309
f 2312/2312/2312 2286/2286/2286 2285/2285/2285 2311/2311/2311
f 2313/2313/2313 2287/2287/2287 2286/2286/2286 2312/2312/2312
f 2314/2314/2314 2288/2288/2288 2287/2287/2287 2313/2313/2313
f 2315/2315/2315 2289/2289/2289 2288/2288/2288 2314/2314/2314
f 2316/2316/2316 2290/2290/2290 2289/2289/2289 2315/2315/2315
f 2317/2317/2317 2291/2291/2291 2290/2290/2290 2316/2316/2316
f 2318/2318/2318 2292/2292/2292 2291/2291/2291 2317/2317/2317
f 2319/2319/2319 2293/2293/2293 2292/2292/2292 2318/2318/2318
f 2320/2320/2320 2294/2294/2294 2293/2293/2293 2319/2319/2319
f 2321/2321/2321 2295/2295/2295 2294/2294/2294 2320/2320/2320
f 2322/2322/2322 2296/2296/2296 2295/2295/2295 2321/2321/2321
f 2323/2323/2323 2297/2297/2297 2296/2296/2296 2322/2322/2322
f 2325/2325/2325 2299/2299/2299 2298/2298/2298 2324/2324/2324
f 2326/2326/2326 2300/2300/2300 2299/2299/2299 2325/2325/2325
f 2327/2327/2327 2301/2301/2301 2300/2300/2300 2326/2326/2326
f 2328/2328/2328 2302/2302/2302 2301/2301/2301 2327/2327/2327
f 2329/2329/2329 2303/2303/2303 2302/2302/2302 2328/2328/2328
f 2330/2330/2330 2304/2304/2304 2303/2303/2303 2329/2329/2329
f 2331/2331/2331 2305/2305/2305 2304/2304/2304 2330/2330/2330
f 2332/2332/2332 2306/2306/2306 2305/2305/2305 2331/2331/2331
f 2333/2333/2333 2307/2307/2307 2306/2306/2306 2332/2332/2332
f 2334/2334/2334 2308/2308/2308 2307/2307/2307 2333/2333/2333
f 2335/2335/2335 2309/2309/2309 2308/2308/2308 2334/2334/2334
f 2336/2336/2336 2310/2310/2310 2309/2309/2309 2335/2335/2335
f 2340/2340/2340 2312/2312/2312 2311/2311/2311 2339/2339/2339
f 2341/2341/2341 2313/2313/2313 2312/2312/2312 2340/2340/2340
f 2342/2342/2342 2314/2314/2314 2313/2313/2313 2341/2341/2341
f 2343/2343/2343 2315/2315/2315 2314/2314/2314 2342/2342/2342
f 2344/2344/2344 2316/2316/2316 2315/2315/2315 2343/2343/2343
f 2345/2345/2345 2317/2317/2317 2316/2316/2316 2344/2344/2344
f 2346/2346/2346 2318/2318/2318 2317/2317/2317 2345/2345/2345
f 2347/2347/2347 2319/2319/2319 2318/2318/2318 2346/2346/2346
f 2348/2348/2348 2320/2320/2320 2319/2319/2319 2347/2347/2347
f 2349/2349/2349 2321/2321/2321 2320/2320/2320 2348/2348/2348
f 2350/2350/2350 2322/2322/2322 2321/2321/2321 2349/2349/2349
f 2351/2351/2351 2323/2323/2323 2322/2322/2322 2350/2350/2350
f 2353/2353/2353 2325/2325/2325 2324/2324/2324 2352/2352/2352
f 2354/2354/2354 2326/2326/2326 2325/2325/2325 2353/2353/2353
f 2355/2355/2355 2327/2327/2327 2326/2326/2326 2354/2354/2354
f 2356/2356/2356 2328/2328/2328 2327/2327/2327 2355/2355/2355
f 2357/2357/2357 2329/2329/2329 2328/2328/2328 2356/2356/2356
f 2358/2358/2358 2330/2330/2330 2329/2329/2329 2357/2357/2357
f 2359/2359/2359 2331/2331/2331 2330/2330/2330 2358/2358/2358
f 2360/2360/2360 2332/2332/2332 2331/2331/2331 2359/2359/2359
f 2361/2361/2361 2333/2333/2333 2332/2332/2332 2360/2360/2360
f 2362/2362/2362 2334/2334/2334 2333/2333/2333 2361/2361/2361
f 2363/2363/2363 2335/2335/2335 2334/2334/2334 2362/2362/2362
f 2364/2364/2364 2336/2336/2336 2335/2335/2335 2363/2363/2363
f 2365/2365/2365 2337/2337/2337 2336/2336/2336 2364/2364/2364
f 2367/2367/2367 2339/2339/2339 2338/2338/2338 2366/2366/2366
f 2368/2368/2368 2340/2340/2340 2339/2339/2339 2367/2367/2367
f 2369/2369/2369 2341/2341/2341 2340/2340/2340 2368/2368/2368
f 2370/2370/2370 2342/2342/2342 2341/2341/2341 2369/2369/2369
f 2371/2371/2371 2343/2343/2343 2342/2342/2342 2370/2370/2370
f 2372/2372/2372 2344/2344/2344 2343/2343/2343 2371/2371/2371
f 2373/2373/2373 2345/2345/2345 2344/2344/2344 2372/2372/2372
f 2374/2374/2374 2346/2346/2346 2345/2345/2345 2373/2373/2373
f 2375/2375/2375 2347/2347/2347 2346/2346/2346 2374/2374/2374
f 2376/2376/2376 2348/2348/2348 2347/2347/2347 2375/2375/2375
f 2377/2377/2377 2349/2349/2349 2348/2348/2348 2376/2376/2376
f 2378/2378/2378 2350/2350/2350 2349/2349/2349 2377/2377/2377
f 2379/2379/2379 2351/2351/2351 2350/2350/2350 2378/2378/2378
f 2382/2382/2382 2353/2353/2353 2352/2352/2352 2381/2381/2381
f 2383/2383/2383 2354/2354/2354 2353/2353/2353 2382/2382/2382
f 2384/2384/2384 2355/2355/2355 2354/2354/2354 2383/2383/2383
f 2385/2385/2385 2356/2356/2356 2355/2355/2355 2384/2384/2384
f 2386/2386/2386 2357/2357/2357 2356/2356/2356 2385/2385/2385
f 2387/2387/2387 2358/2358/2358 2357/2357/2357 2386/2386/2386
f 2388/2388/2388 2359/2359/2359 2358/2358/2358 2387/2387/2387
f 2389/2389/2389 2360/2360/2360 2359/2359/2359 2388/2388/2388
f 2390/2390/2390 2361/2361/2361 2360/2360/2360 2389/2389/2389
f 2391/2391/2391 2362/2362/2362 2361/2361/2361 2390/2390/2390
f 2392/2392/2392 2363/2363/2363 2362/2362/2362 2391/2391/2391
f 2393/2393/2393 2364/2364/2364 2363/2363/2363 2392/2392/2392
f 2394/2394/2394 2365/2365/2365 2364/2364/2364 2393/2393/2393
f 2365/2365/2365 2394/2394/2394 2395/2395/2395
f 2396/2396/2396 2397/2397/2397 2366/2366/2366
f 2398/2398/2398 2367/2367/2367 2366/2366/2366 2397/2397/2397
f 2399/2399/2399 2368/2368/2368 2367/2367/2367 2398/2398/2398
f 2400/2400/2400 2369/2369/2369 2368/2368/2368 2399/2399/2399
f 2401/2401/2401 2370/2370/2370 2369/2369/2369 2400/2400/2400
f 2402/2402/2402 2371/2371/2371 2370/2370/2370 2401/2401/2401
f 2403/2403/2403 2372/2372/2372 2371/2371/2371 2402/2402/2402
f 2404/2404/2404 2373/2373/2373 2372/2372/2372 2403/2403/2403
f 2405/2405/2405 2374/2374/2374 2373/2373/2373 2404/2404/2404
f 2406/2406/2406 2375/2375/2375 2374/2374/2374 2405/2405/2405
f 2407/2407/2407 2376/2376/2376 2375/2375/2375 2406/2406/2406
f 2408/2408/2408 2377/2377/2377 2376/2376/2376 2407/2407/2407
f 2409/2409/2409 2378/2378/2378 2377/2377/2377 2408/2408/2408
f 2410/2410/2410 2379/2379/2379 2378/2378/2378 2409/2409/2409
f 2413/2413/2413 2382/2382/2382 2381/2381/2381 2412/2412/2412
f 2414/2414/2414 2383/2383/2383 2382/2382/2382 2413/2413/2413
f 2415/2415/2415 2384/2384/2384 2383/2383/2383 2414/2414/2414
f 2416/2416/2416 2385/2385/2385 2384/2384/2384 2415/2415/2415
f 2417/2417/2417 2386/2386/2386 2385/2385/2385 2416/2416/2416
f 2418/2418/2418 2387/2387/2387 2386/2386/2386 2417/2417/2417
f 2419/2419/2419 2388/2388/2388 2387/2387/2387 2418/2418/2418
f 2420/2420/2420 2389/2389/2389 2388/2388/2388 2419/2419/2419
f 2421/2421/2421 2390/2390/2390 2389/2389/2389 2420/2420/2420
f 2422/2422/2422 2391/2391/2391 2390/2390/2390 2421/2421/2421
f 2423/2423/2423 2392/2392/2392 2391/2391/2391 2422/2422/2422
f 2424/2424/2424 2393/2393/2393 2392/2392/2392 2423/2423/2423
f 2425/2425/2425 2394/2394/2394 2393/2393/2393 2424/2424/2424
f 2426/2426/2426 2395/2395/2395 2394/2394/2394 2425/2425/2425
f 2395/2395/2395 2426/2426/2426 2427/2427/2427
f 2427/2427/2427 2428/2428/2428 2396/2396/2396
f 2429/2429/2429 2397/2397/2397 2396/2396/2396 2428/2428/2428
f 2430/2430/2430 2398/2398/2398 2397/2397/2397 2429/2429/2429
f 2431/2431/2431 2399/2399/2399 2398/2398/2398 2430/2430/2430
f 2432/2432/2432 2400/2400/2400 2399/2399/2399 2431/2431/2431
f 2433/2433/2433 2401/2401/2401 2400/2400/2400 2432/2432/2432
f 2434/2434/2434 2402/2402/2402 2401/2401/2401 2433/2433/2433
f 2435/2435/2435 2403/2403/2403 2402/2402/2402 2434/2434/2434
f 2436/2436/2436 2404/2404/2404 2403/2403/2403 2435/2435/2435
f 2437/2437/2437 2405/2405/2405 2404/2404/2404 2436/2436/2436
f 2438/2438/2438 2406/2406/2406 2405/2405/2405 2437/2437/2437
f 2439/2439/2439 2407/2407/2407 2406/2406/2406 2438/2438/2438
f 2440/2440/2440 2408/2408/2408 2407/2407/2407 2439/2439/2439
f 2441/2441/2441 2409/2409/2409 2408/2408/2408 2440/2440/2440
f 2442/2442/2442 2410/2410/2410 2409/2409/2409 2441/2441/2441
f 2444/2444/2444 2413/2413/2413 2412/2412/2412 2443/2443/2443
f 2445/2445/2445 2414/2414/2414 2413/2413/2413 2444/2444/2444
f 2446/2446/2446 2415/2415/2415 2414/2414/2414 2445/2445/2445
f 2447/2447/2447 2416/2416/2416 2415/2415/2415 2446/2446/2446
f 2448/2448/2448 2417/2417/2417 2416/2416/2416 2447/2447/2447
f 2449/2449/2449 2418/2418/2418 2417/2417/2417 2448/2448/2448
f 2450/2450/2450 2419/2419/2419 2418/2418/2418 2449/2449/2449
f 2451/2451/2451 2420/2420/2420 2419/2419/2419 2450/2450/2450
f 2452/2452/2452 2421/2421/2421 2420/2420/2420 2451/2451/2451
f 2453/2453/2453 2422/2422/2422 2421/2421/2421 2452/2452/2452
f 2454/2454/2454 2423/2423/2423 2422/2422/2422 2453/2453/2453
f 2455/2455/2455 2424/2424/2424 2423/2423/2423 2454/2454/2454
f 2456/2456/2456 2425/2425/2425 2424/2424/2424 2455/2455/2455
f 2457/2457/2457 2426/2426/2426 2425/2425/2425 2456/2456/2456
f 2458/2458/2458 2427/2427/2427 2426/2426/2426 2457/2457/2457
f 2459/2459/2459 2428/2428/2428 2427/2427/2427 2458/2458/2458
f 2460/2460/2460 2429/2429/2429 2428/2428/2428 2459/2459/2459
f 2461/2461/2461 2430/2430/2430 2429/2429/2429 2460/2460/2460
f 2462/2462/2462 2431/2431/2431 2430/2430/2430 2461/2461/2461
f 2463/2463/2463 2432/2432/2432 2431/2431/2431 2462/2462/2462
f 2464/2464/2464 2433/2433/2433 2432/2432/2432 2463/2463/2463
f 2465/2465/2465 2434/2434/2434 2433/2433/2433 2464/2464/2464
f 2466/2466/2466 2435/2435/2435 2434/2434/2434 2465/2465/2465
f 2467/2467/2467 2436/2436/2436 2435/2435/2435 2466/2466/2466
f 2468/2468/2468 2437/2437/2437 2436/2436/2436 2467/2467/2467
f 2469/2469/2469 2438/2438/2438 2437/2437/2437 2468/2468/2468
f 2470/2470/2470 2439/2439/2439 2438/2438/2438 2469/2469/2469
f 2471/2471/2471 2440/2440/2440 2439/2439/2439 2470/2470/2470
f 2472/2472/2472 2441/2441/2441 2440/2440/2440 2471/2471/2471
f 2473/2473/2473 2442/2442/2442 2441/2441/2441 2472/2472/2472
f 2475/2475/2475 2444/2444/2444 2443/2443/2443 2474/2474/2474
f 2476/2476/2476 2445/2445/2445 2444/2444/2444 2475/2475/2475
f 2477/2477/2477 2446/2446/2446 2445/2445/2445 2476/2476/2476
f 2478/2478/2478 2447/2447/2447 2446/2446/2446 2477/2477/2477
f 2479/2479/2479 2448/2448/2448 2447/2447/2447 2478/2478/2478
f 2480/2480/2480 2449/2449/2449 2448/2448/2448 2479/2479/2479
f 2481/2481/2481 2450/2450/2450 2449/2449/2449 2480/2480/2480
f 2482/2482/2482 2451/2451/2451 2450/2450/2450 2481/2481/2481
f 2483/2483/2483 2452/2452/2452 2451/2451/2451 2482/2482/2482
f 2484/2484/2484 2453/2453/2453 2452/2452/2452 2483/2483/2483
f 2485/2485/2485 2454/2454/2454 2453/2453/2453 2484/2484/2484
f 2486/2486/2486 2455/2455/2455 2454/2454/2454 2485/2485/2485
f 2487/2487/2487 2456/2456/2456 2455/2455/2455 2486/2486/2486
f 2488/2488/2488 2457/2457/2457 2456/2456/2456 2487/2487/2487
f 2489/2489/2489 2458/2458/2458 2457/2457/2457 2488/2488/2488
f 2490/2490/2490 2459/2459/2459 2458/2458/2458 2489/2489/2489
f 2491/2491/2491 2460/2460/2460 2459/2459/2459 2490/2490/2490
f 2492/2492/2492 2461/2461/2461 2460/2460/2460 2491/2491/2491
f 2493/2493/2493 2462/2462/2462 2461/2461/2461 2492/2492/2492
f 2494/2494/2494 2463/2463/2463 2462/2462/2462 2493/2493/2493
f 2495/2495/2495 2464/2464/2464 2463/2463/2463 2494/2494/2494
f 2496/2496/2496 2465/2465/2465 2464/2464/2464 2495/2495/2495
f 2497/2497/2497 2466/2466/2466 2465/2465/2465 2496/2496/2496
f 2498/2498/2498 2467/2467/2467 2466/2466/2466 2497/2497/2497
f 2499/2499/2499 2468/2468/2468 2467/2467/2467 2498/2498/2498
f 2500/2500/2500 2469/2469/2469 2468/2468/2468 2499/2499/2499
f 2501/2501/2501 2470/2470/2470 2469/2469/2469 2500/2500/2500
f 2502/2502/2502 2471/2471/2471 2470/2470/2470 2501/2501/2501
f 2503/2503/2503 2472/2472/2472 2471/2471/2471 2502/2502/2502
f 2504/2504/2504 2473/2473/2473 2472/2472/2472 2503/2503/2503
f 2506/2506/2506 2475/2475/2475 2474/2474/2474 2505/2505/2505
f 2507/2507/2507 2476/2476/2476 2475/2475/2475 2506/2506/2506
f 2508/2508/2508 2477/2477/2477 2476/2476/2476 2507/2507/2507
f 2509/2509/2509 2478/2478/2478 2477/2477/2477 2508/2508/2508
f 2510/2510/2510 2479/2479/2479 2478/2478/2478 2509/2509/2509
f 2511/2511/2511 2480/2480/2480 2479/2479/2479 2510/2510/2510
f 2512/2512/2512 2481/2481/2481 2480/2480/2480 2511/2511/2511
f 2513/2513/2513 2482/2482/2482 2481/2481/2481 2512/2512/2512
f 2514/2514/2514 2483/2483/2483 2482/2482/2482 2513/2513/2513
f 2515/2515/2515 2484/2484/2484 2483/2483/2483 2514/2514/2514
f 2516/2516/2516 2485/2485/2485 2484/2484/2484 2515/2515/2515
f 2517/2517/2517 2486/2486/2486 2485/2485/2485 2516/2516/2516
f 2518/2518/2518 2487/2487/2487 2486/2486/2486 2517/2517/2517
f 2519/2519/2519 2488/2488/2488 2487/2487/2487 2518/2518/2518
f 2520/2520/2520 2489/2489/2489 2488/2488/2488 2519/2519/2519
f 2521/2521/2521 2490/2490/2490 2489/2489/2489 2520/2520/2520
f 2522/2522/2522 2491/2491/2491 2490/2490/2490 2521/2521/2521
f 2523/2523/2523 2492/2492/2492 2491/2491/2491 2522/2522/2522
f 2524/2524/2524 2493/2493/2493 2492/2492/2492 2523/2523/2523
f 2525/2525/2525 2494/2494/2494 2493/2493/2493 2524/2524/2524
f 2526/2526/2526 2495/2495/2495 2494/2494/2494 2525/2525/2525
f 2527/2527/2527 2496/2496/2496 2495/2495/2495 2526/2526/2526
f 2528/2528/2528 2497/2497/2497 2496/2496/2496 2527/2527/2527
f 2529/2529/2529 2498/2498/2498 2497/2497/2497 2528/2528/2528
f 2530/2530/2530 2499/2499/2499 2498/2498/2498 2529/2529/2529
f 2531/2531/2531 2500/2500/2500 2499/2499/2499 2530/2530/2530
f 2532/2532/2532 2501/2501/2501 2500/2500/2500 2531/2531/2531
f 2533/2533/2533 2502/2502/2502 2501/2501/2501 2532/2532/2532
f 2534/2534/2534 2503/2503/2503 2502/2502/2502 2533/2533/2533
f 2535/2535/2535 2504/2504/2504 2503/2503/2503 2534/2534/2534
f 2537/2537/2537 2506/2506/2506 2505/2505/2505 2536/2536/2536
f 2538/2538/2538 2507/2507/2507 2506/2506/2506 2537/2537/2537
f 2539/2539/2539 2508/2508/2508 2507/2507/2507 2538/2538/2538
f 2540/2540/2540 2509/2509/2509 2508/2508/2508 2539/2539/2539
f 2541/2541/2541 2510/2510/2510 2509/2509/2509 2540/2540/2540
f 2542/2542/2542 2511/2511/2511 2510/2510/2510 2541/2541/2541
f 2543/2543/2543 2512/2512/2512 2511/2511/2511 2542/2542/2542
f 2544/2544/2544 2513/2513/2513 2512/2512/2512 2543/2543/2543
f 2545/2545/2545 2514/2514/2514 2513/2513/2513 2544/2544/2544
f 2546/2546/2546 2515/2515/2515 2514/2514/2514 2545/2545/2545
f 2547/2547/2547 2516/2516/2516 2515/2515/2515 2546/2546/2546
f 2548/2548/2548 2517/2517/2517 2516/2516/2516 2547/2547/2547
f 2549/2549/2549 2518/2518/2518 2517/2517/2517 2548/2548/2548
f 2550/2550/2550 2519/2519/2519 2518/2518/2518 2549/2549/2549
f 2551/2551/2551 2520/2520/2520 2519/2519/2519 2550/2550/2550
f 2552/2552/2552 2521/2521/2521 2520/2520/2520 2551/2551/2551
f 2553/2553/2553 2522/2522/2522 2521/2521/2521 2552/2552/2552
f 2554/2554/2554 2523/2523/2523 2522/2522/2522 2553/2553/2553
f 2555/2555/2555 2524/2524/2524 2523/2523/2523 2554/2554/2554
f 2556/2556/2556 2525/2525/2525 2524/2524/2524 2555/2555/2555
f 2557/2557/2557 2526/2526/2526 2525/2525/2525 2556/2556/2556
f 2558/2558/2558 2527/2527/2527 2526/2526/2526 2557/2557/2557
f 2559/2559/2559 2528/2528/2528 2527/2527/2527 2558/2558/2558
f 2560/2560/2560 2529/2529/2529 2528/2528/2528 2559/2559/2559
f 2561/2561/2561 2530/2530/2530 2529/2529/2529 2560/2560/2560
f 2562/2562/2562 2531/2531/2531 2530/2530/2530 2561/2561/2561
f 2563/2563/2563 2532/2532/2532 2531/2531/2531 2562/2562/2562
f 2564/2564/2564 2533/2533/2533 2532/2532/2532 2563/2563/2563
f 2565/2565/2565 2534/2534/2534 2533/2533/2533 2564/2564/2564
f 2566/2566/2566 2535/2535/2535 2534/2534/2534 2565/2565/2565
f 2568/2568/2568 2537/2537/2537 2536/2536/2536 2567/2567/2567
f 2569/2569/2569 2538/2538/2538 2537/2537/2537 2568/2568/2568
f 2570/2570/2570 2539/2539/2539 2538/2538/2538 2569/2569/2569
f 2571/2571/2571 2540/2540/2540 2539/2539/2539 2570/2570/2570
f 2572/2572/2572 2541/2541/2541 2540/2540/2540 2571/2571/2571
f 2573/2573/2573 2542/2542/2542 2541/2541/2541 2572/2572/2572
f 2574/2574/2574 2543/2543/2543 2542/2542/2542 2573/2573/2573
f 2575/2575/2575 2544/2544/2544 2543/2543/2543 2574/2574/2574
f 2576/2576/2576 2545/2545/2545 2544/2544/2544 2575/2575/2575
f 2577/2577/2577 2546/2546/2546 2545/2545/2545 2576/2576/2576
f 2578/2578/2578 2547/2547/2547 2546/2546/2546 2577/2577/2577
f 2579/2579/2579 2548/2548/2548 2547/2547/2547 2578/2578/2578
f 2580/2580/2580 2549/2549/2549 2548/2548/2548 2579/2579/2579
f 2581/2581/2581 2550/2550/2550 2549/2549/2549 2580/2580/2580
f 2582/2582/2582 2551/2551/2551 2550/2550/2550 2581/2581/2581
f 2583/2583/2583 2552/2552/2552 2551/2551/2551 2582/2582/2582
f 2584/2584/2584 2553/2553/2553 2552/2552/2552 2583/2583/2583
f 2585/2585/2585 2554/2554/2554 2553/2553/2553 2584/2584/2584
f 2586/2586/2586 2555/2555/2555 2554/2554/2554 2585/2585/2585
f 2587/2587/2587 2556/2556/2556 2555/2555/2555 2586/2586/2586
f 2588/2588/2588 2557/2557/2557 2556/2556/2556 2587/2587/2587
f 2589/2589/2589 2558/2558/2558 2557/2557/2557 2588/2588/2588
f 2590/2590/2590 2559/2559/2559 2558/2558/2558 2589/2589/2589
f 2591/2591/2591 2560/2560/2560 2559/2559/2559 2590/2590/2590
f 2592/2592/2592 2561/2561/2561 2560/2560/2560 2591/2591/2591
f 2593/2593/2593 2562/2562/2562 2561/2561/2561 2592/2592/2592
f 2594/2594/2594 2563/2563/2563 2562/2562/2562 2593/2593/2593
f 2595/2595/2595 2564/2564/2564 2563/2563/2563 2594/2594/2594
f 2596/2596/2596 2565/2565/2565 2564/2564/2564 2595/2595/2595
f 2597/2597/2597 2566/2566/2566 2565/2565/2565 2596/2596/2596
f 2599/2599/2599 2568/2568/2568 2567/2567/2567 2598/2598/2598
f 2600/2600/2600 2569/2569/2569 2568/2568/2568 2599/2599/2599
f 2601/2601/2601 2570/2570/2570 2569/2569/2569 2600/2600/2600
f 2602/2602/2602 2571/2571/2571 2570/2570/2570 2601/2601/2601
f 2603/2603/2603 2572/2572/2572 2571/2571/2571 2602/2602/2602
f 2604/2604/2604 2573/2573/2573 2572/2572/2572 2603/2603/2603
f 2605/2605/2605 2574/2574/2574 2573/2573/2573 2604/2604/2604
f 2606/2606/2606 2575/2575/2575 2574/2574/2574 2605/2605/2605
f 2607/2607/2607 2576/2576/2576 2575/2575/2575 2606/2606/2606
f 2608/2608/2608 2577/2577/2577 2576/2576/2576 2607/2607/2607
f 2609/2609/2609 2578/2578/2578 2577/2577/2577 2608/2608/2608
f 2610/2610/2610 2579/2579/2579 2578/2578/2578 2609/2609/2609
f 2611/2611/2611 2580/2580/2580 2579/2579/2579 2610/2610/2610
f 2612/2612/2612 2581/2581/2581 2580/2580/2580 2611/2611/2611
f 2613/2613/2613 2582/2582/2582 2581/2581/2581 2612/2612/2612
f 2614/2614/2614 2583/2583/2583 2582/2582/2582 2613/2613/2613
f 2615/2615/2615 2584/2584/2584 2583/2583/2583 2614/2614/2614
f 2616/2616/2616 2585/2585/2585 2584/2584/2584 2615/2615/2615
f 2617/2617/2617 2586/2586/2586 2585/2585/2585 2616/2616/2616
f 2618/2618/2618 2587/2587/2587 2586/2586/2586 2617/2617/2617
f 2619/2619/2619 2588/2588/2588 2587/2587/2587 2618/2618/2618
f 2620/2620/2620 2589/2589/2589 2588/2588/2588 2619/2619/2619
f 2621/2621/2621 2590/2590/2590 2589/2589/2589 2620/2620/2620
f 2622/2622/2622 2591/2591/2591 2590/2590/2590 2621/2621/2621
f 2623/2623/2623 2592/2592/2592 2591/2591/2591 2622/2622/2622
f 2624/2624/2624 2593/2593/2593 2592/2592/2592 2623/2623/2623
f 2625/2625/2625 2594/2594/2594 2593/2593/2593 2624/2624/2624
f 2626/2626/2626 2595/2595/2595 2594/2594/2594 2625/2625/2625
f 2627/2627/2627 2596/2596/2596 2595/2595/2595 2626/2626/2626
f 2628/2628/2628 2597/2597/2597 2596/2596/2596 2627/2627/2627
f 2631/2631/2631 2599/2599/2599 2598/2598/2598 2630/2630/2630
f 2632/2632/2632 2600/2600/2600 2599/2599/2599 2631/2631/2631
f 2633/2633/2633 2601/2601/2601 2600/2600/2600 2632/2632/2632
f 2634/2634/2634 2602/2602/2602 2601/2601/2601 2633/2633/2633
f 2635/2635/2635 2603/2603/2603 2602/2602/2602 2634/2634/2634
f 2636/2636/2636 2604/2604/2604 2603/2603/2603 2635/2635/2635
f 2637/2637/2637 2605/2605/2605 2604/2604/2604 2636/2636/2636
f 2638/2638/2638 2606/2606/2606 2605/2605/2605 2637/2637/2637
f 2639/2639/2639 2607/2607/2607 2606/2606/2606 2638/2638/2638
f 2640/2640/2640 2608/2608/2608 2607/2607/2607 2639/2639/2639
f 2641/2641/2641 2609/2609/2609 2608/2608/2608 2640/2640/2640
f 2642/2642/2642 2610/2610/2610 2609/2609/2609 2641/2641/2641
f 2643/2643/2643 2611/2611/2611 2610/2610/2610 2642/2642/2642
f 2644/2644/2644 2612/2612/2612 2611/2611/2611 2643/2643/2643
f 2645/2645/2645 2613/2613/2613 2612/2612/2612 2644/2644/2644
f 2646/2646/2646 2614/2614/2614 2613/2613/2613 2645/2645/2645
f 2647/2647/2647 2615/2615/2615 2614/2614/2614 2646/2646/2646
f 2648/2648/2648 2616/2616/2616 2615/2615/2615 2647/2647/2647
f 2649/2649/2649 2617/2617/2617 2616/2616/2616 2648/2648/2648
f 2650/2650/2650 2618/2618/2618 2617/2617/2617 2649/2649/2649
f 2651/2651/2651 2619/2619/2619 2618/2618/2618 2650/2650/2650
f 2652/2652/2652 2620/2620/2620 2619/2619/2619 2651/2651/2651
f 2653/2653/2653 2621/2621/2621 2620/2620/2620 2652/2652/2652
f 2654/2654/2654 2622/2622/2622 2621/2621/2621 2653/2653/2653
f 2655/2655/2655 2623/2623/2623 2622/2622/2622 2654/2654/2654
f 2656/2656/2656 2624/2624/2624 2623/2623/2623 2655/2655/2655
f 2657/2657/2657 2625/2625/2625 2624/2624/2624 2656/2656/2656
f 2658/2658/2658 2626/2626/2626 2625/2625/2625 2657/2657/2657
f 2659/2659/2659 2627/2627/2627 2626/2626/2626 2658/2658/2658
f 2660/2660/2660 2628/2628/2628 2627/2627/2627 2659/2659/2659
f 2663/2663/2663 2631/2631/2631 2630/2630/2630 2662/2662/2662
f 2664/2664/2664 2632/2632/2632 2631/2631/2631 2663/2663/2663
f 2665/2665/2665 2633/2633/2633 2632/2632/2632 2664/2664/2664
f 2666/2666/2666 2634/2634/2634 2633/2633/2633 2665/2665/2665
f 2667/2667/2667 2635/2635/2635 2634/2634/2634 2666/2666/2666
f 2668/2668/2668 2636/2636/2636 2635/2635/2635 2667/2667/2667
f 2669/2669/2669 2637/2637/2637 2636/2636/2636 2668/2668/2668
f 2670/2670/2670 2638/2638/2638 2637/2637/2637 2669/2669/2669
f 2671/2671/2671 2639/2639/2639 2638/2638/2638 2670/2670/2670
f 2672/2672/2672 2640/2640/2640 2639/2639/2639 2671/2671/2671
f 2673/2673/2673 2641/2641/2641 2640/2640/2640 2672/2672/2672
f 2674/2674/2674 2642/2642/2642 2641/2641/2641 2673/2673/2673
f 2675/2675/2675 2643/2643/2643 2642/2642/2642 2674/2674/2674
f 2676/2676/2676 2644/2644/2644 2643/2643/2643 2675/2675/2675
f 2677/2677/2677 2645/2645/2645 2644/2644/2644 2676/2676/2676
f 2678/2678/2678 2646/2646/2646 2645/2645/2645 2677/2677/2677
f 2679/2679/2679 2647/2647/2647 2646/2646/2646 2678/2678/2678
f 2680/2680/2680 2648/2648/2648 2647/2647/2647 2679/2679/2679
f 2681/2681/2681 2649/2649/2649 2648/2648/2648 2680/2680/2680
f 2682/2682/2682 2650/2650/2650 2649/2649/2649 2681/2681/2681
f 2683/2683/2683 2651/2651/2651 2650/2650/2650 2682/2682/2682
f 2684/2684/2684 2652/2652/2652 2651/2651/2651 2683/2683/2683
f 2685/2685/2685 2653/2653/2653 2652/2652/2652 2684/2684/2684
f 2686/2686/2686 2654/2654/2654 2653/2653/2653 2685/2685/2685
f 2687/2687/2687 2655/2655/2655 2654/2654/2654 2686/2686/2686
f 2688/2688/2688 2656/2656/2656 2655/2655/2655 2687/2687/2687
f 2689/2689/2689 2657/2657/2657 2656/2656/2656 2688/2688/2688
f 2690/2690/2690 2658/2658/2658 2657/2657/2657 2689/2689/2689
f 2691/2691/2691 2659/2659/2659 2658/2658/2658 2690/2690/2690
f 2692/2692/2692 2660/2660/2660 2659/2659/2659 2691/2691/2691
f 2694/2694/2694 2663/2663/2663 2662/2662/2662 2693/2693/2693
f 2695/2695/2695 2664/2664/2664 2663/2663/2663 2694/2694/2694
f 2696/2696/2696 2665/2665/2665 2664/2664/2664 2695/2695/2695
f 2697/2697/2697 2666/2666/2666 2665/2665/2665 2696/2696/2696
f 2698/2698/2698 2667/2667/2667 2666/2666/2666 2697/2697/2697
f 2699/2699/2699 2668/2668/2668 2667/2667/2667 2698/2698/2698
f 2700/2700/2700 2669/2669/2669 2668/2668/2668 2699/2699/2699
f 2701/2701/2701 2670/2670/2670 2669/2669/2669 2700/2700/2700
f 2702/2702/2702 2671/2671/2671 2670/2670/2670 2701/2701/2701
f 2703/2703/2703 2672/2672/2672 2671/2671/2671 2702/2702/2702
f 2704/2704/2704 2673/2673/2673 2672/2672/2672 2703/2703/2703
f 2705/2705/2705 2674/2674/2674 2673/2673/2673 2704/2704/2704
f 2706/2706/2706 2675/2675/2675 2674/2674/2674 2705/2705/2705
f 2707/2707/2707 2676/2676/2676 2675/2675/2675 2706/2706/2706
f 2708/2708/2708 2677/2677/2677 2676/2676/2676 2707/2707/2707
f 2709/2709/2709 2678/2678/2678 2677/2677/2677 2708/2708/2708
f 2710/2710/2710 2679/2679/2679 2678/2678/2678 2709/2709/2709
f 2711/2711/2711 2680/2680/2680 2679/2679/2679 2710/2710/2710
f 2712/2712/2712 2681/2681/2681 2680/2680/2680 2711/2711/2711
f 2713/2713/2713 2682/2682/2682 2681/2681/2681 2712/2712/2712
f 2714/2714/2714 2683/2683/2683 2682/2682/2682 2713/2713/2713
f 2715/2715/2715 2684/2684/2684 2683/2683/2683 2714/2714/2714
f 2716/2716/2716 2685/2685/2685 2684/2684/2684 2715/2715/2715
f 2717/2717/2717 2686/2686/2686 2685/2685/2685 2716/2716/2716
f 2718/2718/2718 2687/2687/2687 2686/2686/2686 2717/2717/2717
f 2719/2719/2719 2688/2688/2688 2687/2687/2687 2718/2718/2718
f 2720/2720/2720 2689/2689/2689 2688/2688/2688 2719/2719/2719
f 2721/2721/2721 2690/2690/2690 2689/2689/2689 2720/2720/2720
f 2722/2722/2722 2691/2691/2691 2690/2690/2690 2721/2721/2721
f 2723/2723/2723 2692/2692/2692 2691/2691/2691 2722/2722/2722
f 2725/2725/2725 2694/2694/2694 2693/2693/2693 2724/2724/2724
f 2726/2726/2726 2695/2695/2695 2694/2694/2694 2725/2725/2725
f 2727/2727/2727 2696/2696/2696 2695/2695/2695 2726/2726/2726
f 2728/2728/2728 2697/2697/2697 2696/2696/2696 2727/2727/2727
f 2729/2729/2729 2698/2698/2698 2697/2697/2697 2728/2728/2728
f 2730/2730/2730 2699/2699/2699 2698/2698/2698 2729/2729/2729
f 2731/2731/2731 2700/2700/2700 2699/2699/2699 2730/2730/2730
f 2732/2732/2732 2701/2701/2701 2700/2700/2700 2731/2731/2731
f 2733/2733/2733 2702/2702/2702 2701/2701/2701 2732/2732/2732
f 2734/2734/2734 2703/2703/2703 2702/2702/2702 2733/2733/2733
f 2735/2735/2735 2704/2704/2704 2703/2703/2703 2734/2734/2734
f 2736/2736/2736 2705/2705/2705 2704/2704/2704 2735/2735/2735
f 2737/2737/2737 2706/2706/2706 2705/2705/2705 2736/2736/2736
f 2738/2738/2738 2707/2707/2707 2706/2706/2706 2737/2737/2737
f 2739/2739/2739 2708/2708/2708 2707/2707/2707 2738/2738/2738
f 2740/2740/2740 2709/2709/2709 2708/2708/2708 2739/2739/2739
f 2741/2741/2741 2710/2710/2710 2709/2709/2709 2740/2740/2740
f 2742/2742/2742 2711/2711/2711 2710/2710/2710 2741/2741/2741
f 2743/2743/2743 2712/2712/2712 2711/2711/2711 2742/2742/2742
f 2744/2744/2744 2713/2713/2713 2712/2712/2712 2743/2743/2743
f 2745/2745/2745 2714/2714/2714 2713/2713/2713 2744/2744/2744
f 2746/2746/2746 2715/2715/2715 2714/2714/2714 2745/2745/2745
f 2747/2747/2747 2716/2716/2716 2715/2715/2715 2746/2746/2746
f 2748/2748/2748 2717/2717/2717 2716/2716/2716 2747/2747/2747
f 2749/2749/2749 2718/2718/2718 2717/2717/2717 2748/2748/2748
f 2750/2750/2750 2719/2719/2719 2718/2718/2718 2749/2749/2749
f 2751/2751/2751 2720/2720/2720 2719/2719/2719 2750/2750/2750
f 2752/2752/2752 2721/2721/2721 2720/2720/2720 2751/2751/2751
f 2753/2753/2753 2722/2722/2722 2721/2721/2721 2752/2752/2752
f 2754/2754/2754 2723/2723/2723 2722/2722/2722 2753/2753/2753
f 2756/2756/2756 2725/2725/2725 2724/2724/2724 2755/2755/2755
f 2757/2757/2757 2726/2726/2726 2725/2725/2725 2756/2756/2756
f 2758/2758/2758 2727/2727/2727 2726/2726/2726 2757/2757/2757
f 2759/2759/2759 2728/2728/2728 2727/2727/2727 2758/2758/2758
f 2760/2760/2760 2729/2729/2729 2728/2728/2728 2759/2759/2759
f 2761/2761/2761 2730/2730/2730 2729/2729/2729 2760/2760/2760
f 2762/2762/2762 2731/2731/2731 2730/2730/2730 2761/2761/2761
f 2763/2763/2763 2732/2732/2732 2731/2731/2731 2762/2762/2762
f 2764/2764/2764 2733/2733/2733 2732/2732/2732 2763/2763/2763
f 2765/2765/2765 2734/2734/2734 2733/2733/2733 2764/2764/2764
f 2766/2766/2766 2735/2735/2735 2734/2734/2734 2765/2765/2765
f 2767/2767/2767 2736/2736/2736 2735/2735/2735 2766/2766/2766
f 2768/2768/2768 2737/2737/2737 2736/2736/2736 2767/2767/2767
f 2769/2769/2769 2738/2738/2738 2737/2737/2737 2768/2768/2768
f 2770/2770/2770 2739/2739/2739 2738/2738/2738 2769/2769/2769
f 2771/2771/2771 2740/2740/2740 2739/2739/2739 2770/2770/2770
f 2772/2772/2772 2741/2741/2741 2740/2740/2740 2771/2771/2771
f 2773/2773/2773 2742/2742/2742 2741/2741/2741 2772/2772/2772
f 2774/2774/2774 2743/2743/2743 2742/2742/2742 2773/2773/2773
f 2775/2775/2775 2744/2744/2744 2743/2743/2743 2774/2774/2774
f 2776/2776/2776 2745/2745/2745 2744/2744/2744 2775/2775/2775
f 2777/2777/2777 2746/2746/2746 2745/2745/2745 2776/2776/2776
f 2778/2778/2778 2747/2747/2747 2746/2746/2746 2777/2777/2777
f 2779/2779/2779 2748/2748/2748 2747/2747/2747 2778/2778/2778
f 2780/2780/2780 2749/2749/2749 2748/2748/2748 2779/2779/2779
f 2781/2781/2781 2750/2750/2750 2749/2749/2749 2780/2780/2780
f 2782/2782/2782 2751/2751/2751 2750/2750/2750 2781/2781/2781
f 2783/2783/2783 2752/2752/2752 2751/2751/2751 2782/2782/2782
f 2784/2784/2784 2753/2753/2753 2752/2752/2752 2783/2783/2783
f 2785/2785/2785 2754/2754/2754 2753/2753/2753 2784/2784/2784
f 2787/2787/2787 2756/2756/2756 2755/2755/2755 2786/2786/2786
f 2788/2788/2788 2757/2757/2757 2756/2756/2756 2787/2787/2787
f 2789/2789/2789 2758/2758/2758 2757/2757/2757 2788/2788/2788
f 2790/2790/2790 2759/2759/2759 2758/2758/2758 2789/2789/2789
f 2791/2791/2791 2760/2760/2760 2759/2759/2759 2790/2790/2790
f 2792/2792/2792 2761/2761/2761 2760/2760/2760 2791/2791/2791
f 2793/2793/2793 2762/2762/2762 2761/2761/2761 2792/2792/2792
f 2794/2794/2794 2763/2763/2763 2762/2762/2762 2793/2793/2793
f 2795/2795/2795 2764/2764/2764 2763/2763/2763 2794/2794/2794
f 2796/2796/2796 2765/2765/2765 2764/2764/2764 2795/2795/2795
f 2797/2797/2797 2766/2766/2766 2765/2765/2765 2796/2796/2796
f 2798/2798/2798 2767/2767/2767 2766/2766/2766 2797/2797/2797
f 2799/2799/2799 2768/2768/2768 2767/2767/2767 2798/2798/2798
f 2800/2800/2800 2769/2769/2769 2768/2768/2768 2799/2799/2799
f 2801/2801/2801 2770/2770/2770 2769/2769/2769 2800/2800/2800
f 2802/2802/2802 2771/2771/2771 2770/2770/2770 2801/2801/2801
f 2803/2803/2803 2772/2772/2772 2771/2771/2771 2802/2802/2802
f 2804/2804/2804 2773/2773/2773 2772/2772/2772 2803/2803/2803
f 2805/2805/2805 2774/2774/2774 2773/2773/2773 2804/2804/2804
f 2806/2806/2806 2775/2775/2775 2774/2774/2774 2805/2805/2805
f 2807/2807/2807 2776/2776/2776 2775/2775/2775 2806/2806/2806
f 2808/2808/2808 2777/2777/2777 2776/2776/2776 2807/2807/2807
f 2809/2809/2809 2778/2778/2778 2777/2777/2777 2808/2808/2808
f 2810/2810/2810 2779/2779/2779 2778/2778/2778 2809/2809/2809
f 2811/2811/2811 2780/2780/2780 2779/2779/2779 2810/2810/2810
f 2812/2812/2812 2781/2781/2781 2780/2780/2780 2811/2811/2811
f 2813/2813/2813 2782/2782/2782 2781/2781/2781 2812/2812/2812
f 2814/2814/2814 2783/2783/2783 2782/2782/2782 2813/2813/2813
f 2815/2815/2815 2784/2784/2784 2783/2783/2783 2814/2814/2814
f 2816/2816/2816 2785/2785/2785 2784/2784/2784 2815/2815/2815
f 2818/2818/2818 2787/2787/2787 2786/2786/2786 2817/2817/2817
f 2819/2819/2819 2788/2788/2788 2787/2787/2787 2818/2818/2818
f 2820/2820/2820 2789/2789/2789 2788/2788/2788 2819/2819/2819
f 2821/2821/2821 2790/2790/2790 2789/2789/2789 2820/2820/2820
f 2822/2822/2822 2791/2791/2791 2790/2790/2790 2821/2821/2821
f 2823/2823/2823 2792/2792/2792 2791/2791/2791 2822/2822/2822
f 2824/2824/2824 2793/2793/2793 2792/2792/2792 2823/2823/2823
f 2825/2825/2825 2794/2794/2794 2793/2793/2793 2824/2824/2824
f 2826/2826/2826 2795/2795/2795 2794/2794/2794 2825/2825/2825
f 2827/2827/2827 2796/2796/2796 2795/2795/2795 2826/2826/2826
f 2828/2828/2828 2797/2797/2797 2796/2796/2796 2827/2827/2827
f 2829/2829/2829 2798/2798/2798 2797/2797/2797 2828/2828/2828
f 2830/2830/2830 2799/2799/2799 2798/2798/2798 2829/2829/2829
f 2831/2831/2831 2800/2800/2800 2799/2799/2799 2830/2830/2830
f 2832/2832/2832 2801/2801/2801 2800/2800/2800 2831/2831/2831
f 2833/2833/2833 2802/2802/2802 2801/2801/2801 2832/2832/2832
f 2834/2834/2834 2803/2803/2803 2802/2802/2802 2833/2833/2833
f 2835/2835/2835 2804/2804/2804 2803/2803/2803 2834/2834/2834
f 2836/2836/2836 2805/2805/2805 2804/2804/2804 2835/2835/2835
f 2837/2837/2837 2806/2806/2806 2805/2805/2805 2836/2836/2836
f 2838/2838/2838 2807/2807/2807 2806/2806/2806 2837/2837/2837
f 2839/2839/2839 2808/2808/2808 2807/2807/2807 2838/2838/2838
f 2840/2840/2840 2809/2809/2809 2808/2808/2808 2839/2839/2839
f 2841/2841/2841 2810/2810/2810 2809/2809/2809 2840/2840/2840
f 2842/2842/2842 2811/2811/2811 2810/2810/2810 2841/2841/2841
f 2843/2843/2843 2812/2812/2812 2811/2811/2811 2842/2842/2842
f 2844/2844/2844 2813/2813/2813 2812/2812/2812 2843/2843/2843
f 2845/2845/2845 2814/2814/2814 2813/2813/2813 2844/2844/2844
f 2846/2846/2846 2815/2815/2815 2814/2814/2814 2845/2845/2845
f 2847/2847/2847 2816/2816/2816 2815/2815/2815 2846/2846/2846
f 2849/2849/2849 2818/2818/2818 2817/2817/2817 2848/2848/2848
f 2850/2850/2850 2819/2819/2819 2818/2818/2818 2849/2849/2849
f 2851/2851/2851 2820/2820/2820 2819/2819/2819 2850/2850/2850
f 2852/2852/2852 2821/2821/2821 2820/2820/2820 2851/2851/2851
f 2853/2853/2853 2822/2822/2822 2821/2821/2821 2852/2852/2852
f 2854/2854/2854 2823/2823/2823 2822/2822/2822 2853/2853/2853
f 2855/2855/2855 2824/2824/2824 2823/2823/2823 2854/2854/2854
f 2856/2856/2856 2825/2825/2825 2824/2824/2824 2855/2855/2855
f 2857/2857/2857 2826/2826/2826 2825/2825/2825 2856/2856/2856
f 2858/2858/2858 2827/2827/2827 2826/2826/2826 2857/2857/2857
f 2859/2859/2859 2828/2828/2828 2827/2827/2827 2858/2858/2858
f 2860/2860/2860 2829/2829/2829 2828/2828/2828 2859/2859/2859
f 2861/2861/2861 2830/2830/2830 2829/2829/2829 2860/2860/2860
f 2862/2862/2862 2831/2831/2831 2830/2830/2830 2861/2861/2861
f 2863/2863/2863 2832/2832/2832 2831/2831/2831 2862/2862/2862
f 2864/2864/2864 2833/2833/2833 2832/2832/2832 2863/2863/2863
f 2865/2865/2865 2834/2834/2834 2833/2833/2833 2864/2864/2864
f 2866/2866/2866 2835/2835/2835 2834/2834/2834 2865/2865/2865
f 2867/2867/2867 2836/2836/2836 2835/2835/2835 2866/2866/2866
f 2868/2868/2868 2837/2837/2837 2836/2836/2836 2867/2867/2867
f 2869/2869/2869 2838/2838/2838 2837/2837/2837 2868/2868/2868
f 2870/2870/2870 2839/2839/2839 2838/2838/2838 2869/2869/2869
f 2871/2871/2871 2840/2840/2840 2839/2839/2839 2870/2870/2870
f 2872/2872/2872 2841/2841/2841 2840/2840/2840 2871/2871/2871
f 2873/2873/2873 2842/2842/2842 2841/2841/2841 2872/2872/2872
f 2874/2874/2874 2843/2843/2843 2842/2842/2842 2873/2873/2873
f 2875/2875/2875 2844/2844/2844 2843/2843/2843 2874/2874/2874
f 2876/2876/2876 2845/2845/2845 2844/2844/2844 2875/2875/2875
f 2877/2877/2877 2846/2846/2846 2845/2845/2845 2876/2876/2876
f 2878/2878/2878 2847/2847/2847 2846/2846/2846 2877/2877/2877
f 2881/2881/2881 2849/2849/2849 2848/2848/2848 2880/2880/2880
f 2882/2882/2882 2850/2850/2850 2849/2849/2849 2881/2881/2881
f 2883/2883/2883 2851/2851/2851 2850/2850/2850 2882/2882/2882
f 2884/2884/2884 2852/2852/2852 2851/2851/2851 2883/2883/2883
f 2885/2885/2885 2853/2853/2853 2852/2852/2852 2884/2884/2884
f 2886/2886/2886 2854/2854/2854 2853/2853/2853 2885/2885/2885
f 2887/2887/2887 2855/2855/2855 2854/2854/2854 2886/2886/2886
f 2888/2888/2888 2856/2856/2856 2855/2855/2855 2887/2887/2887
f 2889/2889/2889 2857/2857/2857 2856/2856/2856 2888/2888/2888
f 2890/2890/2890 2858/2858/2858 2857/2857/2857 2889/2889/2889
f 2891/2891/2891 2859/2859/2859 2858/2858/2858 2890/2890/2890
f 2892/2892/2892 2860/2860/2860 2859/2859/2859 2891/2891/2891
f 2893/2893/2893 2861/2861/2861 2860/2860/2860 2892/2892/2892
f 2894/2894/2894 2862/2862/2862 2861/2861/2861 2893/2893/2893
f 2896/2896/2896 2865/2865/2865 2864/2864/2864 2895/2895/2895
f 2897/2897/2897 2866/2866/2866 2865/2865/2865 2896/2896/2896
f 2898/2898/2898 2867/2867/2867 2866/2866/2866 2897/2897/2897
f 2899/2899/2899 2868/2868/2868 2867/2867/2867 2898/2898/2898
f 2900/2900/2900 2869/2869/2869 2868/2868/2868 2899/2899/2899
f 2901/2901/2901 2870/2870/2870 2869/2869/2869 2900/2900/2900
f 2902/2902/2902 2871/2871/2871 2870/2870/2870 2901/2901/2901
f 2903/2903/2903 2872/2872/2872 2871/2871/2871 2902/2902/2902
f 2904/2904/2904 2873/2873/2873 2872/2872/2872 2903/2903/2903
f 2905/2905/2905 2874/2874/2874 2873/2873/2873 2904/2904/2904
f 2906/2906/2906 2875/2875/2875 2874/2874/2874 2905/2905/2905
f 2907/2907/2907 2876/2876/2876 2875/2875/2875 2906/2906/2906
f 2908/2908/2908 2877/2877/2877 2876/2876/2876 2907/2907/2907
f 2909/2909/2909 2878/2878/2878 2877/2877/2877 2908/2908/2908
f 2912/2912/2912 2881/2881/2881 2880/2880/2880 2911/2911/2911
f 2913/2913/2913 2882/2882/2882 2881/2881/2881 2912/2912/2912
f 2914/2914/2914 2883/2883/2883 2882/2882/2882 2913/2913/2913
f 2915/2915/2915 2884/2884/2884 2883/2883/2883 2914/2914/2914
f 2916/2916/2916 2885/2885/2885 2884/2884/2884 2915/2915/2915
f 2917/2917/2917 2886/2886/2886 2885/2885/2885 2916/2916/2916
f 2918/2918/2918 2887/2887/2887 2886/2886/2886 2917/2917/2917
f 2919/2919/2919 2888/2888/2888 2887/2887/2887 2918/2918/2918
f 2920/2920/2920 2889/2889/2889 2888/2888/2888 2919/2919/2919
f 2921/2921/2921 2890/2890/2890 2889/2889/2889 2920/2920/2920
f 2922/2922/2922 2891/2891/2891 2890/2890/2890 2921/2921/2921
f 2923/2923/2923 2892/2892/2892 2891/2891/2891 2922/2922/2922
f 2924/2924/2924 2893/2893/2893 2892/2892/2892 2923/2923/2923
f 2926/2926/2926 2897/2897/2897 2896/2896/2896 2925/2925/2925
f 2927/2927/2927 2898/2898/2898 2897/2897/2897 2926/2926/2926
f 2928/2928/2928 2899/2899/2899 2898/2898/2898 2927/2927/2927
f 2929/2929/2929 2900/2900/2900 2899/2899/2899 2928/2928/2928
f 2930/2930/2930 2901/2901/2901 2900/2900/2900 2929/2929/2929
f 2931/2931/2931 2902/2902/2902 2901/2901/2901 2930/2930/2930
f 2932/2932/2932 2903/2903/2903 2902/2902/2902 2931/2931/2931
f 2933/2933/2933 2904/2904/2904 2903/2903/2903 2932/2932/2932
f 2934/2934/2934 2905/2905/2905 2904/2904/2904 2933/2933/2933
f 2935/2935/2935 2906/2906/2906 2905/2905/2905 2934/2934/2934
f 2936/2936/2936 2907/2907/2907 2906/2906/2906 2935/2935/2935
f 2937/2937/2937 2908/2908/2908 2907/2907/2907 2936/2936/2936
f 2938/2938/2938 2909/2909/2909 2908/2908/2908 2937/2937/2937
f 2940/2940/2940 2912/2912/2912 2911/2911/2911 2939/2939/2939
f 2941/2941/2941 2913/2913/2913 2912/2912/2912 2940/2940/2940
f 2942/2942/2942 2914/2914/2914 2913/2913/2913 2941/2941/2941
f 2943/2943/2943 2915/2915/2915 2914/2914/2914 2942/2942/2942
f 2944/2944/2944 2916/2916/2916 2915/2915/2915 2943/2943/2943
f 2945/2945/2945 2917/2917/2917 2916/2916/2916 2944/2944/2944
f 2946/2946/2946 2918/2918/2918 2917/2917/2917 2945/2945/2945
f 2947/2947/2947 2919/2919/2919 2918/2918/2918 2946/2946/2946
f 2948/2948/2948 2920/2920/2920 2919/2919/2919 2947/2947/2947
f 2949/2949/2949 2921/2921/2921 2920/2920/2920 2948/2948/2948
f 2950/2950/2950 2922/2922/2922 2921/2921/2921 2949/2949/2949
f 2951/2951/2951 2923/2923/2923 2922/2922/2922 2950/2950/2950
f 2952/2952/2952 2924/2924/2924 2923/2923/2923 2951/2951/2951
f 2954/2954/2954 2926/2926/2926 2925/2925/2925 2953/2953/2953
f 2955/2955/2955 2927/2927/2927 2926/2926/2926 2954/2954/2954
f 2956/2956/2956 2928/2928/2928 2927/2927/2927 2955/2955/2955
f 2957/2957/2957 2929/2929/2929 2928/2928/2928 2956/2956/2956
f 2958/2958/2958 2930/2930/2930 2929/2929/2929 2957/2957/2957
f 2959/2959/2959 2931/2931/2931 2930/2930/2930 2958/2958/2958
f 2960/2960/2960 2932/2932/2932 2931/2931/2931 2959/2959/2959
f 2961/2961/2961 2933/2933/2933 2932/2932/2932 2960/2960/2960
f 2962/2962/2962 2934/2934/2934 2933/2933/2933 2961/2961/2961
f 2963/2963/2963 2935/2935/2935 2934/2934/2934 2962/2962/2962
f 2964/2964/2964 2936/2936/2936 2935/2935/2935 2963/2963/2963
f 2965/2965/2965 2937/2937/2937 2936/2936/2936 2964/2964/2964
f 2966/2966/2966 2938/2938/2938 2937/2937/2937 2965/2965/2965
f 2968/2968/2968 2940/2940/2940 2939/2939/2939 2967/2967/2967
f 2969/2969/2969 2941/2941/2941 2940/2940/2940 2968/2968/2968
f 2970/2970/2970 2942/2942/2942 2941/2941/2941 2969/2969/2969
f 2971/2971/2971 2943/2943/2943 2942/2942/2942 2970/2970/2970
f 2972/2972/2972 2944/2944/2944 2943/2943/2943 2971/2971/2971
f 2973/2973/2973 2945/2945/2945 2944/2944/2944 2972/2972/2972
f 2974/2974/2974 2946/2946/2946 2945/2945/2945 2973/2973/2973
f 2975/2975/2975 2947/2947/2947 2946/2946/2946 2974/2974/2974
f 2976/2976/2976 2948/2948/2948 2947/2947/2947 2975/2975/2975
f 2977/2977/2977 2949/2949/2949 2948/2948/2948 2976/2976/2976
f 2978/2978/2978 2950/2950/2950 2949/2949/2949 2977/2977/2977
f 2979/2979/2979 2951/2951/2951 2950/2950/2950 2978/2978/2978
f 2981/2981/2981 2955/2955/2955 2954/2954/2954 2980/2980/2980
f 2982/2982/2982 2956/2956/2956 2955/2955/2955 2981/2981/2981
f 2983/2983/2983 2957/2957/2957 2956/2956/2956 2982/2982/2982
f 2984/2984/2984 2958/2958/2958 2957/2957/2957 2983/2983/2983
f 2985/2985/2985 2959/2959/2959 2958/2958/2958 2984/2984/2984
f 2986/2986/2986 2960/2960/2960 2959/2959/2959 2985/2985/2985
f 2987/2987/2987 2961/2961/2961 2960/2960/2960 2986/2986/2986
f 2988/2988/2988 2962/2962/2962 2961/2961/2961 2987/2987/2987
f 2989/2989/2989 2963/2963/2963 2962/2962/2962 2988/2988/2988
f 2990/2990/2990 2964/2964/2964 2963/2963/2963 2989/2989/2989
f 2991/2991/2991 2965/2965/2965 2964/2964/2964 2990/2990/2990
f 2992/2992/2992 2966/2966/2966 2965/2965/2965 2991/2991/2991
f 2994/2994/2994 2968/2968/2968 2967/2967/2967 2993/2993/2993
f 2995/2995/2995 2969/2969/2969 2968/2968/2968 2994/2994/2994
f 2996/2996/2996 2970/2970/2970 2969/2969/2969 2995/2995/2995
f 2997/2997/2997 2971/2971/2971 2970/2970/2970 2996/2996/2996
f 2998/2998/2998 2972/2972/2972 2971/2971/2971 2997/2997/2997
f 2999/2999/2999 2973/2973/2973 2972/2972/2972 2998/2998/2998
f 3000/3000/3000 2974/2974/2974 2973/2973/2973 2999/2999/2999
f 3001/3001/3001 2975/2975/2975 2974/2974/2974 3000/3000/3000
f 3002/3002/3002 2976/2976/2976 2975/2975/2975 3001/3001/3001
f 3003/3003/3003 2977/2977/2977 2976/2976/2976 3002/3002/3002
f 3004/3004/3004 2978/2978/2978 2977/2977/2977 3003/3003/3003
f 3005/3005/3005 2979/2979/2979 2978/2978/2978 3004/3004/3004
f 3007/3007/3007 2981/2981/2981 2980/2980/2980 3006/3006/3006
f 3008/3008/3008 2982/2982/2982 2981/2981/2981 3007/3007/3007
f 3009/3009/3009 2983/2983/2983 2982/2982/2982 3008/3008/3008
f 3010/3010/3010 2984/2984/2984 2983/2983/2983 3009/3009/3009
f 3011/3011/3011 2985/2985/2985 2984/2984/2984 3010/3010/3010
f 3012/3012/3012 2986/2986/2986 2985/2985/2985 3011/3011/3011
f 3013/3013/3013 2987/2987/2987 2986/2986/2986 3012/3012/3012
f 3014/3014/3014 2988/2988/2988 2987/2987/2987 3013/3013/3013
f 3015/3015/3015 2989/2989/2989 2988/2988/2988 3014/3014/3014
f 3016/3016/3016 2990/2990/2990 2989/2989/2989 3015/3015/3015
f 3017/3017/3017 2991/2991/2991 2990/2990/2990 3016/3016/3016
f 3018/3018/3018 2992/2992/2992 2991/2991/2991 3017/3017/3017
f 3020/3020/3020 2994/2994/2994 2993/2993/2993 3019/3019/3019
f 3021/3021/3021 2995/2995/2995 2994/2994/2994 3020/3020/3020
f 3022/3022/3022 2996/2996/2996 2995/2995/2995 3021/3021/3021
f 3023/3023/3023 2997/2997/2997 2996/2996/2996 3022/3022/3022
f 3024/3024/3024 2998/2998/2998 2997/2997/2997 3023/3023/3023
f 3025/3025/3025 2999/2999/2999 2998/2998/2998 3024/3024/3024
f 3026/3026/3026 3000/3000/3000 2999/2999/2999 3025/3025/3025
f 3027/3027/3027 3001/3001/3001 3000/3000/3000 3026/3026/3026
f 3028/3028/3028 3002/3002/3002 3001/3001/3001 3027/3027/3027
f 3029/3029/3029 3003/3003/3003 3002/3002/3002 3028/3028/3028
f 3030/3030/3030 3004/3004/3004 3003/3003/3003 3029/3029/3029
f 3032/3032/3032 3008/3008/3008 3007/3007/3007 3031/3031/3031
f 3033/3033/3033 3009/3009/3009 3008/3008/3008 3032/3032/3032
f 3034/3034/3034 3010/3010/3010 3009/3009/3009 3033/3033/3033
f 3035/3035/3035 3011/3011/3011 3010/3010/3010 3034/3034/3034
f 3036/3036/3036 3012/3012/3012 3011/3011/3011 3035/3035/3035
f 3037/3037/3037 3013/3013/3013 3012/3012/3012 3036/3036/3036
f 3038/3038/3038 3014/3014/3014 3013/3013/3013 3037/3037/3037
f 3039/3039/3039 3015/3015/3015 3014/3014/3014 3038/3038/3038
f 3040/3040/3040 3016/3016/3016 3015/3015/3015 3039/3039/3039
f 3041/3041/3041 3017/3017/3017 3016/3016/3016 3040/3040/3040
f 3042/3042/3042 3018/3018/3018 3017/3017/3017 3041/3041/3041
f 3044/3044/3044 3020/3020/3020 3019/3019/3019 3043/3043/3043
f 3045/3045/3045 3021/3021/3021 3020/3020/3020 3044/3044/3044
f 3046/3046/3046 3022/3022/3022 3021/3021/3021 3045/3045/3045
f 3047/3047/3047 3023/3023/3023 3022/3022/3022 3046/3046/3046
f 3048/3048/3048 3024/3024/3024 3023/3023/3023 3047/3047/3047
f 3049/3049/3049 3025/3025/3025 3024/3024/3024 3048/3048/3048
f 3050/3050/3050 3026/3026/3026 3025/3025/3025 3049/3049/3049
f 3051/3051/3051 3027/3027/3027 3026/3026/3026 3050/3050/3050
f 3052/3052/3052 3028/3028/3028 3027/3027/3027 3051/3051/3051
f 3053/3053/3053 3029/3029/3029 3028/3028/3028 3052/3052/3052
f 3054/3054/3054 3030/3030/3030 3029/3029/3029 3053/3053/3053
f 3056/3056/3056 3032/3032/3032 3031/3031/3031 3055/3055/3055
f 3057/3057/3057 3033/3033/3033 3032/3032/3032 3056/3056/3056
f 3058/3058/3058 3034/3034/3034 3033/3033/3033 3057/3057/3057
f 3059/3059/3059 3035/3035/3035 3034/3034/3034 3058/3058/3058
f 3060/3060/3060 3036/3036/3036 3035/3035/3035 3059/3059/3059
f 3061/3061/3061 3037/3037/3037 3036/3036/3036 3060/3060/3060
f 3062/3062/3062 3038/3038/3038 3037/3037/3037 3061/3061/3061
f 3063/3063/3063 3039/3039/3039 3038/3038/3038 3062/3062/3062
f 3064/3064/3064 3040/3040/3040 3039/3039/3039 3063/3063/3063
f 3065/3065/3065 3041/3041/3041 3040/3040/3040 3064/3064/3064
f 3066/3066/3066 3042/3042/3042 3041/3041/3041 3065/3065/3065
f 3068/3068/3068 3044/3044/3044 3043/3043/3043 3067/3067/3067
f 3069/3069/3069 3045/3045/3045 3044/3044/3044 3068/3068/3068
f 3070/3070/3070 3046/3046/3046 3045/3045/3045 3069/3069/3069
f 3071/3071/3071 3047/3047/3047 3046/3046/3046 3070/3070/3070
f 3072/3072/3072 3048/3048/3048 3047/3047/3047 3071/3071/3071
f 3073/3073/3073 3049/3049/3049 3048/3048/3048 3072/3072/3072
f 3074/3074/3074 3050/3050/3050 3049/3049/3049 3073/3073/3073
f 3075/3075/3075 3051/3051/3051 3050/3050/3050 3074/3074/3074
f 3076/3076/3076 3052/3052/3052 3051/3051/3051 3075/3075/3075
f 3077/3077/3077 3053/3053/3053 3052/3052/3052 3076/3076/3076
f 3078/3078/3078 3054/3054/3054 3053/3053/3053 3077/3077/3077
f 3080/3080/3080 3056/3056/3056 3055/3055/3055 3079/3079/3079
f 3081/3081/3081 3057/3057/3057 3056/3056/3056 3080/3080/3080
f 3082/3082/3082 3058/3058/3058 3057/3057/3057 3081/3081/3081
f 3083/3083/3083 3059/3059/3059 3058/3058/3058 3082/3082/3082
f 3084/3084/3084 3060/3060/3060 3059/3059/3059 3083/3083/3083
f 3085/3085/3085 3061/3061/3061 3060/3060/3060 3084/3084/3084
f 3086/3086/3086 3062/3062/3062 3061/3061/3061 3085/3085/3085
f 3087/3087/3087 3063/3063/3063 3062/3062/3062 3086/3086/3086
f 3088/3088/3088 3064/3064/3064 3063/3063/3063 3087/3087/3087
f 3089/3089/3089 3065/3065/3065 3064/3064/3064 3088/3088/3088
f 3090/3090/3090 3066/3066/3066 3065/3065/3065 3089/3089/3089
f 3093/3093/3093 3068/3068/3068 3067/3067/3067 3092/3092/3092
f 3094/3094/3094 3069/3069/3069 3068/3068/3068 3093/3093/3093
f 3095/3095/3095 3070/3070/3070 3069/3069/3069 3094/3094/3094
f 3096/3096/3096 3071/3071/3071 3070/3070/3070 3095/3095/3095
f 3097/3097/3097 3072/3072/3072 3071/3071/3071 3096/3096/3096
f 3098/3098/3098 3073/3073/3073 3072/3072/3072 3097/3097/3097
f 3099/3099/3099 3074/3074/3074 3073/3073/3073 3098/3098/3098
f 3100/3100/3100 3075/3075/3075 3074/3074/3074 3099/3099/3099
f 3101/3101/3101 3076/3076/3076 3075/3075/3075 3100/3100/3100
f 3102/3102/3102 3077/3077/3077 3076/3076/3076 3101/3101/3101
f 3103/3103/3103 3078/3078/3078 3077/3077/3077 3102/3102/3102
f 3105/3105/3105 3080/3080/3080 3079/3079/3079 3104/3104/3104
f 3106/3106/3106 3081/3081/3081 3080/3080/3080 3105/3105/3105
f 3107/3107/3107 3082/3082/3082 3081/3081/3081 3106/3106/3106
f 3108/3108/3108 3083/3083/3083 3082/3082/3082 3107/3107/3107
f 3109/3109/3109 3084/3084/3084 3083/3083/3083 3108/3108/3108
f 3110/3110/3110 3085/3085/3085 3084/3084/3084 3109/3109/3109
f 3111/3111/3111 3086/3086/3086 3085/3085/3085 3110/3110/3110
f 3112/3112/3112 3087/3087/3087 3086/3086/3086 3111/3111/3111
f 3113/3113/3113 3088/3088/3088 3087/3087/3087 3112/3112/3112
f 3114/3114/3114 3089/3089/3089 3088/3088/3088 3113/3113/3113
f 3115/3115/3115 3090/3090/3090 3089/3089/3089 3114/3114/3114
f 2174/2174/2174 3145/3145/3145 2200/2200/2200 2175/2175/2175
f 3145/3145/3145 3146/3146/3146 2224/2224/2224 2200/2200/2200
f 2248/2248/2248 2224/2224/2224 3146/3146/3146 3147/3147/3147
f 3148/3148/3148 3149/3149/3149 2298/2298/2298 2272/2272/2272
f 3149/3149/3149 3150/3150/3150 2324/2324/2324 2298/2298/2298
f 2272/2272/2272 2248/2248/2248 3147/3147/3147 3148/3148/3148
f 3150/3150/3150 3151/3151/3151 2352/2352/2352 2324/2324/2324
f 3193/3193/3193 2186/2186/2186 2211/2211/2211
f 3192/3192/3192 2211/2211/2211 2235/2235/2235
f 3192/3192/3192 3193/3193/3193 2211/2211/2211
f 3190/3190/3190 3191/3191/3191 2259/2259/2259
f 2235/2235/2235 3191/3191/3191 3192/3192/3192
f 2235/2235/2235 2259/2259/2259 3191/3191/3191
f 2284/2284/2284 3190/3190/3190 2283/2283/2283
f 2259/2259/2259 2283/2283/2283 3190/3190/3190
f 3189/3189/3189 3190/3190/3190 2284/2284/2284
f 3188/3188/3188 3189/3189/3189 2284/2284/2284
f 3188/3188/3188 2310/2310/2310 3187/3187/3187
f 2310/2310/2310 2336/2336/2336 3187/3187/3187
f 3188/3188/3188 2284/2284/2284 2310/2310/2310
f 3151/3151/3151 2380/2380/2380 2381/2381/2381 2352/2352/2352
f 2380/2380/2380 3152/3152/3152 2412/2412/2412 2381/2381/2381
f 2443/2443/2443 2412/2412/2412 3152/3152/3152 3153/3153/3153
f 2474/2474/2474 2443/2443/2443 3153/3153/3153 3154/3154/3154
f 3154/3154/3154 3155/3155/3155 2505/2505/2505 2474/2474/2474
f 3156/3156/3156 3157/3157/3157 2567/2567/2567 2536/2536/2536
f 3155/3155/3155 3156/3156/3156 2536/2536/2536 2505/2505/2505
f 3157/3157/3157 3158/3158/3158 2598/2598/2598 2567/2567/2567
f 3158/3158/3158 2629/2629/2629 2630/2630/2630 2598/2598/2598
f 3186/3186/3186 2337/2337/2337 2365/2365/2365
f 3187/3187/3187 2336/2336/2336 2337/2337/2337
f 3185/3185/3185 3186/3186/3186 2365/2365/2365
f 2395/2395/2395 3183/3183/3183 3184/3184/3184
f 3185/3185/3185 2395/2395/2395 3184/3184/3184
f 3185/3185/3185 2365/2365/2365 2395/2395/2395
f 3187/3187/3187 2337/2337/2337 3186/3186/3186
f 2396/2396/2396 2395/2395/2395 2427/2427/2427
f 2629/2629/2629 3159/3159/3159 2662/2662/2662 2630/2630/2630
f 2236/2236/2236 3174/3174/3174 3175/3175/3175
f 2212/2212/2212 3173/3173/3173 3174/3174/3174
f 2212/2212/2212 2213/2213/2213 2188/2188/2188 2187/2187/2187
f 3173/3173/3173 2212/2212/2212 2187/2187/2187
f 3175/3175/3175 2260/2260/2260 2236/2236/2236
f 2236/2236/2236 2212/2212/2212 3174/3174/3174
f 2260/2260/2260 3175/3175/3175 3176/3176/3176
f 2311/2311/2311 3178/3178/3178 3179/3179/3179
f 2285/2285/2285 3177/3177/3177 3178/3178/3178
f 2286/2286/2286 3176/3176/3176 2285/2285/2285
f 3177/3177/3177 2285/2285/2285 3176/3176/3176
f 2311/2311/2311 2285/2285/2285 3178/3178/3178
f 2260/2260/2260 3176/3176/3176 2286/2286/2286
f 3144/3144/3144 2199/2199/2199 2198/2198/2198 2223/2223/2223
f 3143/3143/3143 3144/3144/3144 2223/2223/2223 2247/2247/2247
f 2247/2247/2247 2271/2271/2271 3142/3142/3142 3143/3143/3143
f 2271/2271/2271 2297/2297/2297 3141/3141/3141 3142/3142/3142
f 3139/3139/3139 3140/3140/3140 2323/2323/2323 2351/2351/2351
f 3140/3140/3140 3141/3141/3141 2297/2297/2297 2323/2323/2323
f 3179/3179/3179 2339/2339/2339 2311/2311/2311
f 3180/3180/3180 2366/2366/2366 2338/2338/2338
f 3179/3179/3179 3180/3180/3180 2338/2338/2338
f 3181/3181/3181 2366/2366/2366 3180/3180/3180
f 2351/2351/2351 2379/2379/2379 3138/3138/3138 3139/3139/3139
f 2366/2366/2366 3181/3181/3181 2396/2396/2396
f 2396/2396/2396 3182/3182/3182 3183/3183/3183
f 2410/2410/2410 2442/2442/2442 3137/3137/3137 2411/2411/2411
f 2473/2473/2473 2504/2504/2504 3135/3135/3135 3136/3136/3136
f 2442/2442/2442 2473/2473/2473 3136/3136/3136 3137/3137/3137
f 3183/3183/3183 2395/2395/2395 2396/2396/2396
f 3182/3182/3182 2396/2396/2396 3181/3181/3181
f 2379/2379/2379 2410/2410/2410 2411/2411/2411 3138/3138/3138
f 3134/3134/3134 3135/3135/3135 2504/2504/2504 2535/2535/2535
f 2535/2535/2535 2566/2566/2566 3133/3133/3133 3134/3134/3134
f 2597/2597/2597 2628/2628/2628 3131/3131/3131 3132/3132/3132
f 2566/2566/2566 2597/2597/2597 3132/3132/3132 3133/3133/3133
f 2628/2628/2628 2660/2660/2660 2661/2661/2661 3131/3131/3131
f 2338/2338/2338 2339/2339/2339 3179/3179/3179
f 3159/3159/3159 3160/3160/3160 2693/2693/2693 2662/2662/2662
f 3160/3160/3160 3161/3161/3161 2724/2724/2724 2693/2693/2693
f 2755/2755/2755 2724/2724/2724 3161/3161/3161 3162/3162/3162
f 2786/2786/2786 2755/2755/2755 3162/3162/3162 3163/3163/3163
f 3163/3163/3163 3164/3164/3164 2817/2817/2817 2786/2786/2786
f 3165/3165/3165 2879/2879/2879 2880/2880/2880 2848/2848/2848
f 3164/3164/3164 3165/3165/3165 2848/2848/2848 2817/2817/2817
f 2879/2879/2879 3166/3166/3166 2911/2911/2911 2880/2880/2880
f 3166/3166/3166 3167/3167/3167 2939/2939/2939 2911/2911/2911
f 2862/2862/2862 2894/2894/2894 2863/2863/2863
f 2952/2952/2952 3212/3212/3212 2924/2924/2924
f 2893/2893/2893 2924/2924/2924 2894/2894/2894
f 2895/2895/2895 2894/2894/2894 3194/3194/3194
f 3213/3213/3213 3214/3214/3214 2894/2894/2894
f 2924/2924/2924 3213/3213/3213 2894/2894/2894
f 3213/3213/3213 2924/2924/2924 3212/3212/3212
f 3214/3214/3214 3194/3194/3194 2894/2894/2894
f 3167/3167/3167 3168/3168/3168 2967/2967/2967 2939/2939/2939
f 3168/3168/3168 3169/3169/3169 2993/2993/2993 2967/2967/2967
f 3169/3169/3169 3170/3170/3170 3019/3019/3019 2993/2993/2993
f 3170/3170/3170 3171/3171/3171 3043/3043/3043 3019/3019/3019
f 3171/3171/3171 3172/3172/3172 3067/3067/3067 3043/3043/3043
f 3172/3172/3172 3091/3091/3091 3092/3092/3092 3067/3067/3067
f 3208/3208/3208 3004/3004/3004 3030/3030/3030
f 3210/3210/3210 2951/2951/2951 2979/2979/2979
f 3209/3209/3209 2979/2979/2979 3005/3005/3005
f 3212/3212/3212 2952/2952/2952 3211/3211/3211
f 3211/3211/3211 2952/2952/2952 2951/2951/2951
f 3210/3210/3210 3211/3211/3211 2951/2951/2951
f 3210/3210/3210 2979/2979/2979 3209/3209/3209
f 3209/3209/3209 3005/3005/3005 3208/3208/3208
f 3206/3206/3206 3054/3054/3054 3078/3078/3078
f 3205/3205/3205 3078/3078/3078 3103/3103/3103
f 3207/3207/3207 3208/3208/3208 3030/3030/3030
f 3078/3078/3078 3205/3205/3205 3206/3206/3206
f 3206/3206/3206 3207/3207/3207 3054/3054/3054
f 3004/3004/3004 3208/3208/3208 3005/3005/3005
f 3207/3207/3207 3030/3030/3030 3054/3054/3054
f 2660/2660/2660 2692/2692/2692 3130/3130/3130 2661/2661/2661
f 2692/2692/2692 2723/2723/2723 3129/3129/3129 3130/3130/3130
f 2754/2754/2754 2785/2785/2785 3127/3127/3127 3128/3128/3128
f 2816/2816/2816 2847/2847/2847 3125/3125/3125 3126/3126/3126
f 2785/2785/2785 2816/2816/2816 3126/3126/3126 3127/3127/3127
f 2723/2723/2723 2754/2754/2754 3128/3128/3128 3129/3129/3129
f 3195/3195/3195 2895/2895/2895 3194/3194/3194
f 2863/2863/2863 2895/2895/2895 2864/2864/2864
f 3196/3196/3196 2895/2895/2895 3195/3195/3195
f 2925/2925/2925 2896/2896/2896 2895/2895/2895
f 2925/2925/2925 3196/3196/3196 3197/3197/3197
f 2925/2925/2925 2895/2895/2895 3196/3196/3196
f 2863/2863/2863 2894/2894/2894 2895/2895/2895
f 2878/2878/2878 2909/2909/2909 2910/2910/2910 3124/3124/3124
f 2909/2909/2909 2938/2938/2938 3123/3123/3123 2910/2910/2910
f 3122/3122/3122 3123/3123/3123 2938/2938/2938 2966/2966/2966
f 3124/3124/3124 3125/3125/3125 2847/2847/2847 2878/2878/2878
f 3197/3197/3197 2953/2953/2953 2925/2925/2925
f 3198/3198/3198 2954/2954/2954 2953/2953/2953
f 3197/3197/3197 3198/3198/3198 2953/2953/2953
f 3199/3199/3199 2954/2954/2954 3198/3198/3198
f 2980/2980/2980 2954/2954/2954 3199/3199/3199
f 2980/2980/2980 3200/3200/3200 3006/3006/3006
f 3201/3201/3201 3006/3006/3006 3200/3200/3200
f 2980/2980/2980 3199/3199/3199 3200/3200/3200
f 3055/3055/3055 3202/3202/3202 3203/3203/3203
f 3031/3031/3031 3201/3201/3201 3202/3202/3202
f 3031/3031/3031 3007/3007/3007 3201/3201/3201
f 3204/3204/3204 3079/3079/3079 3203/3203/3203
f 3202/3202/3202 3055/3055/3055 3031/3031/3031
f 3055/3055/3055 3203/3203/3203 3079/3079/3079
f 3006/3006/3006 3201/3201/3201 3007/3007/3007
f 2966/2966/2966 2992/2992/2992 3121/3121/3121 3122/3122/3122
f 2992/2992/2992 3018/3018/3018 3120/3120/3120 3121/3121/3121
f 3118/3118/3118 3119/3119/3119 3042/3042/3042 3066/3066/3066
f 3119/3119/3119 3120/3120/3120 3018/3018/3018 3042/3042/3042
f 3104/3104/3104 3079/3079/3079 3204/3204/3204
f 3066/3066/3066 3090/3090/3090 3117/3117/3117 3118/3118/3118
f 3116/3116/3116 3117/3117/3117 3090/3090/3090 3115/3115/3115
